symbol,name,reportDate,fiscalDateEnding,estimate,currency
A,Agilent Technologies Inc,2023-08-14,2023-07-31,1.36,USD
AA,Alcoa Corp,2023-07-18,2023-06-30,-0.24,USD
AABVF,AABVF,2023-09-12,2023-07-31,,CAD
AACAY,AACAY,2023-08-23,2023-06-30,0.0203,USD
AACG,ATA Creativity Global,2023-08-09,2023-06-30,,CNY
AADI,Aadi Bioscience Inc,2023-08-08,2023-06-30,-0.62,USD
AAGIY,AAGIY,2023-08-25,2023-06-30,1.21,USD
AAGRY,AAGRY,2023-07-26,2023-06-30,0,IDR
AAIC,Arlington Asset Investment Corp - Class A,2023-08-07,2023-06-30,0.05,USD
AAIGF,AAIGF,2023-08-25,2023-06-30,0.3037,USD
AAL,American Airlines Group Inc,2023-07-19,2023-06-30,1.49,USD
AAM-PA,AAM-PA,2023-08-08,2023-06-30,,USD
AAMC,Altisource Asset Management Corp,2023-08-09,2023-06-30,,USD
AAME,Atlantic American Corp,2023-08-10,2023-06-30,,USD
AAN,Aarons Company Inc (The),2023-07-24,2023-06-30,0.18,USD
AAOI,Applied Optoelectronics Inc,2023-08-02,2023-06-30,-0.28,USD
AAON,AAON Inc,2023-08-07,2023-06-30,0.65,USD
AAP,Advance Auto Parts Inc,2023-08-21,2023-06-30,1.62,USD
AAPL,Apple Inc,2023-07-26,2023-06-30,1.19,USD
AAT,American Assets Trust Inc,2023-07-24,2023-06-30,0.15,USD
AATC,AATC,2023-08-10,2023-06-30,0,USD
AAU,Almaden Minerals Ltd,2023-08-09,2023-06-30,-0.0135,USD
AAVVF,AAVVF,2023-07-26,2023-06-30,0.09,CAD
AAWH,AAWH,2023-08-08,2023-06-30,-0.07,USD
AAWW,AAWW,2023-08-02,2023-06-30,,USD
AB,AllianceBernstein Holding Lp,2023-07-27,2023-06-30,0.66,USD
ABB,ABB Ltd,2023-07-20,2023-06-30,0.4828,USD
ABBNY,ABBNY,2023-07-20,2023-06-30,0.4828,USD
ABBRF,ABBRF,2023-08-24,2023-06-30,0,CAD
ABBV,Abbvie Inc,2023-07-27,2023-06-30,2.91,USD
ABC,Amerisource Bergen Corp,2023-08-01,2023-06-30,2.81,USD
ABCAF,ABCAF,2023-08-24,2023-06-30,,CAD
ABCB,Ameris Bancorp,2023-07-24,2023-06-30,1.17,USD
ABCL,AbCellera Biologics Inc,2023-08-07,2023-06-30,-0.13,USD
ABCM,Abcam,2023-09-11,2023-06-30,0.1873,GBP
ABCP,ABCP,2023-08-03,2023-06-30,,USD
ABEO,Abeona Therapeutics Inc,2023-08-09,2023-06-30,-0.7,USD
ABEV,Ambev S.A.,2023-08-03,2023-06-30,0.0338,BRL
ABG,Asbury Automotive Group Inc,2023-07-26,2023-06-30,8.04,USD
ABHBY,ABHBY,2023-08-23,2023-06-30,,EUR
ABILF,ABILF,2023-08-14,2023-06-30,0,USD
ABIO,ARCA biopharma Inc,2023-07-31,2023-06-30,,USD
ABLZF,ABLZF,2023-07-20,2023-06-30,0.4828,USD
ABM,ABM Industries Inc,2023-09-07,2023-07-31,0.89,USD
ABMC,ABMC,2023-08-16,2023-06-30,0,USD
ABMD,ABMD,2023-08-02,2023-06-30,,USD
ABML,ABML,2023-09-08,2023-06-30,-0.01,USD
ABNB,Airbnb Inc - Class A,2023-07-31,2023-06-30,0.75,USD
ABOS,Acumen Pharmaceuticals Inc,2023-08-14,2023-06-30,-0.3576,USD
ABR,Arbor Realty Trust Inc,2023-07-27,2023-06-30,0.44,USD
ABSI,Absci Corp,2023-09-05,2023-06-30,-0.2347,USD
ABSSF,ABSSF,2023-08-02,2023-06-30,,USD
ABST,Absolute Software Corporation,2023-08-21,2023-06-30,-0.04,USD
ABT,Abbott Laboratories,2023-07-18,2023-06-30,1.05,USD
ABUS,Arbutus Biopharma Corp,2023-08-02,2023-06-30,-0.11,USD
ABVC,ABVC BioPharma Inc,2023-08-14,2023-06-30,-0.06,USD
AC,Associated Capital Group Inc - Class A,2023-08-01,2023-06-30,,USD
ACA,Arcosa Inc,2023-08-01,2023-06-30,0.59,USD
ACAD,Acadia Pharmaceuticals Inc,2023-08-07,2023-06-30,-0.19,USD
ACAI,ACAI,2023-08-02,2023-05-31,0,USD
ACAN,ACAN,2023-08-14,2023-06-30,,USD
ACAZF,ACAZF,2023-07-25,2023-06-30,,CAD
ACB,Aurora Cannabis Inc,2023-09-18,2023-06-30,-0.08,CAD
ACCD,Accolade Inc,2023-06-29,2023-05-31,-0.62,USD
ACCFF,ACCFF,2023-08-01,2023-06-30,,CAD
ACCO,Acco Brands Corporation,2023-08-07,2023-06-30,0.29,USD
ACCYY,ACCYY,2023-07-27,2023-06-30,0,EUR
ACDC,ProFrac Holding Corp Class A,2023-08-10,2023-06-30,0.638,USD
ACDVF,ACDVF,2023-07-31,2023-06-30,0.46,CAD
ACEL,Accel Entertainment Inc - Class A1,2023-08-07,2023-06-30,0.2036,USD
ACER,Acer Therapeutics Inc,2023-08-14,2023-06-30,-0.25,USD
ACET,Adicet Bio Inc,2023-08-08,2023-06-30,-0.68,USD
ACFN,ACFN,2023-08-10,2023-06-30,,USD
ACGL,Arch Capital Group Ltd,2023-07-25,2023-06-30,1.59,USD
ACGN,Aceragen Inc,2023-08-07,2023-06-30,,USD
ACHC,Acadia Healthcare Company Inc,2023-07-25,2023-06-30,0.85,USD
ACHL,Achilles Therapeutics Plc,2023-08-07,2023-06-30,-0.41,USD
ACHR,Archer Aviation Inc - Class A,2023-08-08,2023-06-30,-0.31,USD
ACHV,Achieve Life Sciences Inc,2023-08-09,2023-06-30,-0.42,USD
ACI,Albertsons Companies Inc - Class A,2023-07-24,2023-05-31,0.84,USD
ACIU,AC Immune SA,2023-07-26,2023-06-30,-0.21,CHF
ACIW,ACI Worldwide Inc,2023-08-02,2023-06-30,-0.14,USD
ACKAY,ACKAY,2023-07-27,2023-06-30,0.604,TRY
ACLLF,ACLLF,2023-07-26,2023-06-30,,CAD
ACLS,Axcelis Technologies Inc,2023-08-01,2023-06-30,1.46,USD
ACLX,Arcellx Inc,2023-08-14,2023-06-30,-0.7378,USD
ACM,AECOM,2023-08-07,2023-06-30,0.95,USD
ACMR,ACM Research Inc - Class A,2023-08-03,2023-06-30,0.12,USD
ACMTA,ACMTA,2023-08-07,2023-06-30,,USD
ACNB,ACNB Corp,2023-07-27,2023-06-30,1.04,USD
ACNT,Ascent Industries Company,2023-08-07,2023-06-30,-0.39,USD
ACON,Aclarion Inc,2023-08-30,2023-06-30,-0.09,USD
ACOR,Acorda Therapeutics Inc,2023-08-02,2023-06-30,,USD
ACR,ACRES Commercial Realty Corp,2023-08-02,2023-06-30,0.44,USD
ACRE,Ares Commercial Real Estate Corp,2023-07-27,2023-06-30,0.29,USD
ACRHF,ACRHF,2023-08-07,2023-06-30,,USD
ACRS,Aclaris Therapeutics Inc,2023-08-01,2023-06-30,-0.45,USD
ACRV,Acrivon Therapeutics Inc,2023-08-30,2023-06-30,-0.64,USD
ACRX,Acelrx Pharmaceuticals Inc,2023-08-09,2023-06-30,-0.5,USD
ACSAY,ACSAY,2023-07-26,2023-06-30,0.1171,EUR
ACST,Acasti Pharma Inc - Class A,2023-08-09,2023-06-30,-0.1167,CAD
ACT,Enact Holdings Inc,2023-07-31,2023-06-30,0.8507,USD
ACTG,Acacia Research Corp,2023-08-09,2023-06-30,0.01,USD
ACU,Acme United Corp,2023-07-20,2023-06-30,0.52,USD
ACUR,ACUR,2023-08-07,2023-06-30,,USD
ACUS,ACUS,2023-08-15,2023-06-30,0,USD
ACVA,ACV Auctions Inc - Class A,2023-08-08,2023-06-30,-0.14,USD
ACWRF,ACWRF,2023-08-17,2023-06-30,,CAD
ACXP,Acurx Pharmaceuticals Inc,2023-08-14,2023-06-30,-0.27,USD
ADAG,Adagene Inc,2023-08-24,2023-06-30,-0.38,USD
ADAP,Adaptimmune Therapeutics Plc,2023-08-02,2023-06-30,-0.13,USD
ADBE,Adobe Inc,2023-09-13,2023-08-31,3.98,USD
ADC,Agree Realty Corp,2023-07-31,2023-06-30,0.44,USD
ADCOF,ADCOF,2023-08-08,2023-06-30,,USD
ADCT,Adc Therapeutics SA,2023-08-07,2023-06-30,-0.46,USD
ADDYY,ADDYY,2023-08-03,2023-06-30,-0.769,EUR
ADEA,Adeia Inc,2023-08-07,2023-06-30,0.25,USD
ADER,26 Capital Acquisition Corp - Class A,2023-08-13,2023-06-30,,USD
ADERY,ADERY,2023-08-11,2023-06-30,0,USD
ADES,Advanced Emissions Solutions Inc,2023-08-14,2023-06-30,-0.16,USD
ADFJF,ADFJF,2023-09-06,2023-07-31,,CAD
ADFS,ADFS,2023-08-22,2023-06-30,0,USD
ADI,Analog Devices Inc,2023-08-15,2023-07-31,2.52,USD
ADIL,Adial Pharmaceuticals Inc,2023-08-14,2023-06-30,-0.06,USD
ADM,Archer Daniels Midland Company,2023-07-24,2023-06-30,1.58,USD
ADMA,Adma Biologics Inc,2023-08-08,2023-06-30,-0.02,USD
ADMP,Adamis Pharmaceuticals Corp,2023-08-08,2023-06-30,,USD
ADN,Advent Technologies Holdings Inc - Class A,2023-08-07,2023-06-30,,USD
ADNT,Adient plc,2023-08-01,2023-06-30,0.42,USD
ADOCY,ADOCY,2023-09-18,2023-06-30,-0.6002,EUR
ADOOY,ADOOY,2023-08-28,2023-06-30,0.6369,USD
ADP,Automatic Data Processing Inc,2023-07-25,2023-06-30,1.83,USD
ADPT,Adaptive Biotechnologies Corp,2023-08-01,2023-06-30,-0.35,USD
ADRNY,ADRNY,2023-08-09,2023-06-30,0.6636,EUR
ADRZY,ADRZY,2023-07-27,2023-06-30,0.2585,EUR
ADSK,Autodesk Inc,2023-08-22,2023-07-31,1.72,USD
ADT,ADT Inc,2023-08-02,2023-06-30,0.06,USD
ADTH,AdTheorent Holding Company Inc,2023-08-07,2023-06-30,-0.01,USD
ADTN,ADTRAN Holdings Inc,2023-08-02,2023-06-30,-0.004,USD
ADTX,Aditxt Inc,2023-08-30,2023-06-30,-2.89,USD
ADUS,Addus HomeCare Corporation,2023-07-31,2023-06-30,1.01,USD
ADV,Advantage Solutions Inc - Class A,2023-08-07,2023-06-30,0.1,USD
ADVM,Adverum Biotechnologies Inc,2023-08-09,2023-06-30,-0.33,USD
ADVZF,ADVZF,2023-08-24,2023-06-30,,USD
ADWPF,ADWPF,2023-08-01,2023-06-30,,CAD
ADXN,Addex Therapeutics Ltd,2023-08-07,2023-06-30,-0.0413,CHF
ADXS,ADXS,2023-09-11,2023-07-31,,USD
ADYEY,ADYEY,2023-08-17,2023-06-30,0.1196,EUR
ADYX,ADYX,2023-08-16,2023-06-30,0,USD
AE,Adams Resources & Energy Inc,2023-08-09,2023-06-30,-0.55,USD
AEBZY,AEBZY,2023-08-10,2023-06-30,0.0428,TRY
AEE,Ameren Corp,2023-08-02,2023-06-30,0.77,USD
AEG,Aegon N. V.,2023-08-17,2023-06-30,-0.1421,USD
AEGXF,AEGXF,2023-07-26,2023-06-30,,CAD
AEHR,Aehr Test Systems,2023-07-17,2023-05-31,0.21,USD
AEIS,Advanced Energy Industries Inc,2023-08-01,2023-06-30,1.05,USD
AEL,American Equity Investment Life Holding Company,2023-08-07,2023-06-30,1.69,USD
AEM,Agnico Eagle Mines Ltd,2023-07-26,2023-06-30,0.55,USD
AEMD,Aethlon Medical Inc,2023-06-28,2023-03-31,-0.13,USD
AEMD,Aethlon Medical Inc,2023-08-07,2023-06-30,-0.22,USD
AEMMY,AEMMY,2023-07-28,2023-06-30,0,EUR
AEO,American Eagle Outfitters Inc,2023-08-31,2023-05-31,0.1292,USD
AEO,American Eagle Outfitters Inc,2023-09-05,2023-08-31,0.12,USD
AEP,American Electric Power Company Inc,2023-07-25,2023-06-30,1.25,USD
AER,Aercap Holdings N.V.,2023-08-10,2023-06-30,2.06,USD
AERG,AERG,2023-08-07,2023-06-30,0,USD
AES,AES Corp,2023-08-02,2023-06-30,0.29,USD
AESI,Atlas Energy Solutions Inc - Class A,2023-07-31,2023-06-30,0.67,USD
AETUF,AETUF,2023-08-02,2023-06-30,0.4591,CAD
AEVA,Aeva Technologies Inc,2023-08-01,2023-06-30,-0.16,USD
AEXAY,AEXAY,2023-07-28,2023-06-30,0,EUR
AEY,Addvantage Technologies Group,2023-08-09,2023-06-30,,USD
AEYE,AudioEye Inc,2023-08-07,2023-06-30,-0.16,USD
AEZS,Aeterna Zentaris Inc,2023-08-01,2023-06-30,-0.87,USD
AFBI,Affinity Bancshares Inc,2023-07-24,2023-06-30,,USD
AFCG,AFC Gamma Inc,2023-08-07,2023-06-30,0.52,USD
AFFY,AFFY,2023-08-03,2023-06-30,0,USD
AFG,American Financial Group Inc,2023-08-01,2023-06-30,2.82,USD
AFGVY,AFGVY,2023-08-23,2023-06-30,0,EUR
AFIB,Acutus Medical Inc,2023-08-09,2023-06-30,-0.64,USD
AFL,Aflac Inc,2023-08-01,2023-06-30,1.43,USD
AFLYY,AFLYY,2023-07-28,2023-06-30,0.1269,EUR
AFMD,Affimed N.V.,2023-08-09,2023-06-30,-0.21,EUR
AFRM,Affirm Holdings Inc - Class A,2023-08-23,2023-06-30,-0.85,USD
AFYA,Afya Ltd - Class A,2023-08-23,2023-06-30,0.29,BRL
AG,First Majestic Silver Corporation,2023-08-02,2023-06-30,0.03,USD
AGAE,Allied Gaming & Entertainment Inc,2023-08-14,2023-06-30,,USD
AGBA,AGBA Group Holding Ltd,2023-08-14,2023-06-30,,USD
AGCCF,AGCCF,2023-08-28,2023-06-30,,CAD
AGCO,AGCO Corp,2023-07-26,2023-06-30,3.73,USD
AGDXF,AGDXF,2023-09-20,2023-06-30,,CAD
AGE,AgeX Therapeutics Inc,2023-08-08,2023-06-30,,USD
AGEN,Agenus Inc,2023-08-07,2023-06-30,-0.2,USD
AGESY,AGESY,2023-08-30,2023-06-30,1.72,EUR
AGFAF,AGFAF,2023-08-28,2023-06-30,0,CAD
AGFY,Agrify Corp,2023-08-14,2023-06-30,,USD
AGGFF,AGGFF,2023-08-21,2023-06-30,,USD
AGGHF,AGGHF,2023-08-30,2023-06-30,0,USD
AGGZF,AGGZF,2023-08-08,2023-06-30,,CAD
AGI,Alamos Gold Inc - Class A,2023-07-25,2023-06-30,0.13,USD
AGIL,AgileThought Inc - Class A,2023-09-11,2023-06-30,-0.066,USD
AGIO,Agios Pharmaceuticals Inc,2023-08-02,2023-06-30,-1.56,USD
AGL,Agilon Health Inc,2023-08-02,2023-06-30,-0.03,USD
AGLE,Aeglea BioTherapeutics Inc,2023-08-02,2023-06-30,-0.15,USD
AGM,Federal Agricultural Mortgage Corp - Class C,2023-08-07,2023-06-30,3.23,USD
AGM-A,Federal Agricultural Mortgage Corp - Class A,2023-08-09,2023-06-30,3,USD
AGMJF,AGMJF,2023-08-03,2023-06-30,,CAD
AGNC,AGNC Investment Corp,2023-07-24,2023-06-30,0.62,USD
AGO,Assured Guaranty Ltd,2023-08-01,2023-06-30,1.03,USD
AGPYY,AGPYY,2023-08-30,2023-06-30,0,CNY
AGR,Avangrid Inc,2023-07-25,2023-06-30,0.51,USD
AGRI,AgriFORCE Growing Systems Ltd,2023-08-30,2023-06-30,-0.02,USD
AGRO,Adecoagro S.A.,2023-08-10,2023-06-30,,USD
AGRPY,AGRPY,2023-08-14,2023-06-30,0,ZAR
AGRX,Agile Therapeutics Inc,2023-08-09,2023-06-30,-7,USD
AGS,PlayAGS Inc,2023-08-07,2023-06-30,0.02,USD
AGTI,Agiliti Inc,2023-08-07,2023-06-30,0.15,USD
AGX,Argan Inc,2023-09-06,2023-07-31,0.74,USD
AGYS,Agilysys Inc,2023-07-24,2023-06-30,0.14,USD
AHCHY,AHCHY,2023-08-24,2023-06-30,0.5468,CNY
AHCO,AdaptHealth Corp,2023-08-07,2023-06-30,0.1,USD
AHEXY,AHEXY,2023-08-03,2023-06-30,0.4444,EUR
AHFCF,AHFCF,2023-08-14,2023-06-30,,CAD
AHH,Armada Hoffler Properties Inc,2023-08-02,2023-06-30,0.09,USD
AHIX,AHIX,2023-08-24,2023-06-30,0,USD
AHKSY,AHKSY,2023-08-04,2023-06-30,0.3007,JPY
AHOTF,AHOTF,2023-08-07,2023-06-30,,USD
AHPI,AHPI,2023-08-30,2023-06-30,0,USD
AHT,Ashford Hospitality Trust Inc,2023-08-01,2023-06-30,-1.08,USD
AI,C3.ai Inc - Class A,2023-08-29,2023-07-31,-0.17,USD
AIAD,AIAD,2023-08-14,2023-06-30,,USD
AIAGY,AIAGY,2023-08-07,2023-06-30,0.8746,EUR
AIFLF,AIFLF,2023-08-08,2023-06-30,,USD
AIFLY,AIFLY,2023-08-11,2023-06-30,0,JPY
AIFS,AIFS,2023-08-15,2023-06-30,,USD
AIG,American International Group Inc,2023-08-07,2023-06-30,1.69,USD
AIH,Aesthetic Medical International Holdings Group Ltd,2023-08-14,2023-06-30,,CNY
AIHS,Senmiao Technology Ltd,2023-07-13,2023-06-30,,USD
AIIXY,AIIXY,2023-07-27,2023-06-30,0.1762,EUR
AIKI,AIKI,2023-08-10,2023-06-30,,USD
AILQF,AILQF,2023-07-12,2023-06-30,,USD
AIM,AIM ImmunoTech Inc,2023-08-14,2023-07-31,-0.11,USD
AIMC,AIMC,2023-07-26,2023-06-30,,USD
AIMD,Ainos Inc,2023-08-14,2023-06-30,0,USD
AIMFF,AIMFF,2023-08-10,2023-06-30,,CAD
AIN,Albany International Corp - Class A,2023-07-24,2023-06-30,0.9,USD
AINC,Ashford Inc,2023-08-02,2023-06-30,1.73,USD
AIP,Arteris Inc,2023-08-07,2023-06-30,-0.18,USD
AIQUY,AIQUY,2023-07-27,2023-06-30,0.6522,EUR
AIR,AAR Corp,2023-07-19,2023-05-31,0.78,USD
AIR,AAR Corp,2023-09-20,2023-08-31,0.6433,USD
AIRC,Apartment Income REIT Corp - Class A,2023-07-26,2023-06-30,0.01,USD
AIRG,Airgain Inc,2023-08-09,2023-06-30,-0.02,USD
AIRI,Air Industries Group,2023-08-07,2023-06-30,,USD
AIRS,Airsculpt Technologies Inc,2023-08-10,2023-06-30,0.05,USD
AIRT,Air T Inc,2023-06-26,2023-03-31,,USD
AIRT,Air T Inc,2023-08-11,2023-06-30,,USD
AIRYY,AIRYY,2023-08-31,2023-06-30,0.5227,CNY
AIT,Applied Industrial Technologies Inc,2023-08-09,2023-06-30,2.17,USD
AITX,AITX,2023-06-23,2023-05-31,,USD
AIU,Meta Data Ltd,2023-08-23,2023-05-31,,CNY
AIV,Apartment Investment & Management Co. - Class A,2023-08-02,2023-06-30,,USD
AIVN,AIVN,2023-08-09,2023-05-31,0,USD
AIZ,Assurant Inc,2023-07-31,2023-06-30,2.95,USD
AJG,Arthur J. Gallagher & Company,2023-07-26,2023-06-30,1.87,USD
AJINY,AJINY,2023-08-01,2023-06-30,0,USD
AJRD,Aerojet Rocketdyne Holdings Inc,2023-07-31,2023-06-30,0.48,USD
AJX,Great Ajax Corp,2023-08-02,2023-06-30,0.02,USD
AKA,a.k.a. Brands Holding Corp,2023-08-07,2023-06-30,-0.02,USD
AKAM,Akamai Technologies Inc,2023-08-07,2023-06-30,1.41,USD
AKBA,Akebia Therapeutics Inc,2023-08-02,2023-06-30,-0.02,USD
AKBTY,AKBTY,2023-07-26,2023-06-30,0.1835,TRY
AKLI,Akili Inc,2023-08-30,2023-06-30,-0.2026,USD
AKO-A,Embotelladora Andina S.A.,2023-08-01,2023-06-30,0.2269,CLP
AKO-B,Embotelladora Andina S.A.,2023-08-01,2023-06-30,0.2269,CLP
AKR,Acadia Realty Trust,2023-07-31,2023-06-30,-0.01,USD
AKRFF,AKRFF,2023-07-27,2023-06-30,,CAD
AKRO,Akero Therapeutics Inc,2023-08-02,2023-06-30,-0.63,USD
AKTAF,AKTAF,2023-07-31,2023-06-30,,CAD
AKTS,Akoustis Technologies Inc,2023-09-11,2023-06-30,-0.17,USD
AKTX,Akari Therapeutics Plc,2023-07-18,2023-06-30,-0.05,USD
AKYA,Akoya Biosciences Inc,2023-08-07,2023-06-30,-0.46,USD
AKZOY,AKZOY,2023-07-19,2023-06-30,0.4591,EUR
AL,Air Lease Corp - Class A,2023-08-02,2023-06-30,1.2,USD
ALB,Albemarle Corp,2023-08-01,2023-06-30,4.38,USD
ALBKY,ALBKY,2023-08-09,2023-06-30,0.0193,EUR
ALBO,ALBO,2023-08-14,2023-06-30,,USD
ALBT,Avalon GloboCare Corp,2023-08-03,2023-06-30,,USD
ALBY,ALBY,2023-07-21,2023-06-30,0,USD
ALC,Alcon Inc,2023-08-15,2023-06-30,0.6354,USD
ALCO,Alico Inc,2023-08-01,2023-06-30,0.08,USD
ALDX,Aldeyra Therapeutics Inc,2023-08-03,2023-06-30,-0.31,USD
ALE,Allete Inc,2023-08-01,2023-06-30,0.84,USD
ALEAF,ALEAF,2023-08-09,2023-06-30,,CAD
ALEC,Alector Inc,2023-08-02,2023-06-30,-0.82,USD
ALEX,Alexander & Baldwin Inc,2023-07-26,2023-06-30,0.12,USD
ALFVY,ALFVY,2023-07-20,2023-06-30,0.3525,SEK
ALG,Alamo Group Inc,2023-08-01,2023-06-30,3.01,USD
ALGM,Allegro Microsystems Inc,2023-07-26,2023-06-30,0.37,USD
ALGN,Align Technology Inc,2023-07-26,2023-06-30,2.03,USD
ALGS,Aligos Therapeutics Inc,2023-08-02,2023-06-30,-0.49,USD
ALGT,Allegiant Travel,2023-08-01,2023-06-30,3.28,USD
ALHC,Alignment Healthcare Inc,2023-08-02,2023-06-30,-0.21,USD
ALIF,ALIF,2023-08-16,2023-06-30,0,USD
ALIM,Alimera Sciences Inc,2023-07-25,2023-06-30,-0.13,USD
ALIT,Alight Inc - Class A,2023-08-10,2023-06-30,0.1219,USD
ALIZY,ALIZY,2023-08-10,2023-06-30,0.642,EUR
ALJJ,ALJJ,2023-08-09,2023-06-30,,USD
ALK,Alaska Air Group Inc,2023-07-19,2023-06-30,2.51,USD
ALKS,Alkermes plc,2023-07-27,2023-06-30,0.29,USD
ALKT,Alkami Technology Inc,2023-08-01,2023-06-30,-0.06,USD
ALL,Allstate Corp (The),2023-08-01,2023-06-30,-1.44,USD
ALLE,Allegion plc,2023-07-26,2023-06-30,1.74,USD
ALLG,Allego NV,2023-08-21,2023-06-30,-0.06,EUR
ALLK,Allakos Inc,2023-08-02,2023-06-30,-0.48,USD
ALLO,Allogene Therapeutics Inc,2023-08-07,2023-06-30,-0.59,USD
ALLT,Allot Ltd,2023-08-14,2023-06-30,-0.16,USD
ALLY,Ally Financial Inc,2023-07-19,2023-06-30,0.92,USD
ALMC,ALMC,2023-08-17,2023-06-30,0,USD
ALMTF,ALMTF,2023-08-10,2023-06-30,,CAD
ALNAQ,ALNAQ,2023-06-23,2023-03-31,,USD
ALNAQ,ALNAQ,2023-08-14,2023-06-30,,USD
ALNPY,ALNPY,2023-08-01,2023-06-30,0.0415,JPY
ALNY,Alnylam Pharmaceuticals Inc,2023-07-26,2023-06-30,-1.53,USD
ALOT,AstroNova Inc,2023-09-05,2023-07-31,0.05,USD
ALPMY,ALPMY,2023-07-28,2023-06-30,0.2291,JPY
ALPN,Alpine Immune Sciences Inc,2023-08-09,2023-06-30,-0.37,USD
ALPP,Alpine 4 Holdings Inc - Class A,2023-07-12,2023-06-30,0,USD
ALR,ALR,2023-08-01,2023-06-30,,USD
ALRM,Alarm.com Holdings Inc,2023-08-07,2023-06-30,0.36,USD
ALRN,Aileron Therapeutics Inc,2023-08-14,2023-06-30,-0.52,USD
ALRS,Alerus Financial Corp,2023-07-25,2023-06-30,0.36,USD
ALSMY,ALSMY,2023-07-25,2023-06-30,0,EUR
ALSN,Allison Transmission Holdings Inc,2023-08-01,2023-06-30,1.62,USD
ALT,Altimmune Inc,2023-08-09,2023-06-30,-0.46,USD
ALTG,Alta Equipment Group Inc - Class A,2023-08-07,2023-06-30,0.1,USD
ALTO,Alto Ingredients Inc,2023-08-07,2023-06-30,-0.05,USD
ALTR,Altair Engineering Inc - Class A,2023-08-02,2023-06-30,0.14,USD
ALV,Autoliv Inc,2023-07-21,2023-06-30,1.46,USD
ALVO,Alvotech,2023-08-16,2023-06-30,0,USD
ALVOF,ALVOF,2023-08-09,2023-06-30,,USD
ALVR,AlloVir Inc,2023-08-02,2023-06-30,-0.47,USD
ALX,Alexander`s Inc,2023-07-31,2023-06-30,,USD
ALXO,Alx Oncology Holdings Inc,2023-08-07,2023-06-30,-0.88,USD
ALXXF,ALXXF,2023-07-27,2023-06-30,,USD
ALYA,Alithya Group Inc - Class A - Class A (Sub Voting),2023-08-09,2023-06-30,-0.0009,CAD
ALZN,Alzamend Neuro Inc,2023-06-28,2023-04-30,-0.045,USD
ALZN,Alzamend Neuro Inc,2023-09-12,2023-07-31,-0.045,USD
AM,Antero Midstream Corp,2023-07-25,2023-06-30,0.2,USD
AMADY,AMADY,2023-07-28,2023-06-30,0.7018,EUR
AMAL,Amalgamated Financial Corp,2023-07-26,2023-06-30,0.74,USD
AMAT,Applied Materials Inc,2023-08-17,2023-07-31,1.74,USD
AMBA,Ambarella Inc,2023-08-28,2023-07-31,-0.21,USD
AMBC,AMBAC Financial Group Inc,2023-08-07,2023-06-30,-0.16,USD
AMBK,AMBK,2023-07-18,2023-06-30,0,USD
AMBP,Ardagh Metal Packaging S.A.,2023-07-27,2023-06-30,0.06,USD
AMBS,AMBS,2023-08-14,2023-06-30,0,USD
AMBZ,AMBZ,2023-07-26,2023-06-30,,USD
AMC,AMC Entertainment Holdings Inc - Class A,2023-08-02,2023-06-30,-0.04,USD
AMCF,AMCF,2023-08-17,2023-06-30,0,USD
AMCR,Amcor Plc,2023-08-15,2023-06-30,0.18,USD
AMCX,AMC Networks Inc - Class A,2023-08-03,2023-06-30,1.63,USD
AMD,Advanced Micro Devices Inc,2023-07-31,2023-06-30,0.57,USD
AME,Ametek Inc,2023-07-31,2023-06-30,1.51,USD
AMED,Amedisys Inc,2023-07-25,2023-06-30,1.1,USD
AMEH,Apollo Medical Holdings Inc,2023-08-02,2023-06-30,0.25,USD
AMEN,AMEN,2023-09-13,2023-06-30,,USD
AMG,Affiliated Managers Group Inc,2023-07-31,2023-06-30,4.2,USD
AMGN,AMGEN Inc,2023-08-02,2023-06-30,4.48,USD
AMH,American Homes 4 Rent - Class A,2023-08-02,2023-06-30,0.1,USD
AMHG,AMHG,2023-08-14,2023-06-30,,USD
AMIGY,AMIGY,2023-08-16,2023-06-30,0,GBP
AMIVF,AMIVF,2023-08-08,2023-06-30,,CAD
AMK,Assetmark Financial Holdings Inc,2023-08-01,2023-06-30,0.58,USD
AMKBY,AMKBY,2023-08-04,2023-06-30,0.2303,USD
AMKR,AMKOR Technology Inc,2023-07-31,2023-06-30,0.21,USD
AMLI,American Lithium Corp,2023-07-31,2023-05-31,,CAD
AMLX,Amylyx Pharmaceuticals Inc,2023-08-10,2023-06-30,0.0592,USD
AMN,AMN Healthcare Services Inc,2023-08-02,2023-06-30,2.13,USD
AMNB,American National Bankshares Inc,2023-07-19,2023-06-30,0.71,USD
AMNF,AMNF,2023-07-17,2023-06-30,,USD
AMNI,AMNI,2023-08-16,2023-06-30,0,USD
AMNL,AMNL,2023-08-30,2023-06-30,0,USD
AMOT,Allied Motion Technologies Inc,2023-08-01,2023-06-30,0.56,USD
AMP,Ameriprise Financial Inc,2023-07-24,2023-06-30,7.47,USD
AMPE,Ampio Pharmaceuticals Inc,2023-08-07,2023-06-30,,USD
AMPED,AMPED,2023-08-07,2023-06-30,,USD
AMPG,Amplitech Group Inc,2023-08-14,2023-06-30,-0.06,USD
AMPH,Amphastar Pharmaceuticals Inc,2023-08-07,2023-06-30,0.56,USD
AMPL,Amplitude Inc - Class A,2023-09-19,2023-06-30,0.0148,USD
AMPS,Altus Power Inc - Class A,2023-08-14,2023-06-30,0.01,USD
AMPX,Amprius Technologies Inc,2023-08-30,2023-06-30,-0.105,USD
AMPY,Amplify Energy Corp,2023-08-01,2023-06-30,0.28,USD
AMR,Alpha Metallurgical Resources Inc,2023-08-07,2023-06-30,14.2,USD
AMRC,Ameresco Inc - Class A,2023-07-31,2023-06-30,0.21,USD
AMRK,A-Mark Precious Metals Inc,2023-08-28,2023-06-30,1.44,USD
AMRN,Amarin Corp,2023-08-02,2023-06-30,-0.0303,USD
AMRS,Amyris Inc,2023-08-07,2023-06-30,0.3,USD
AMRX,Amneal Pharmaceuticals Inc - Class A,2023-08-03,2023-06-30,0.11,USD
AMS,American Shared Hospital Services,2023-08-09,2023-06-30,,USD
AMSC,American Superconductor Corp,2023-08-01,2023-06-30,-0.17,USD
AMSF,Amerisafe Inc,2023-07-26,2023-06-30,0.73,USD
AMSWA,American Software Inc - Class A,2023-08-22,2023-07-31,0.09,USD
AMSYF,AMSYF,2023-07-27,2023-06-30,1.64,USD
AMT,American Tower Corp,2023-07-26,2023-06-30,1.08,USD
AMTB,Amerant Bancorp Inc - Class A,2023-07-18,2023-06-30,0.29,USD
AMTI,Applied Molecular Transport Inc,2023-08-02,2023-06-30,0.23,USD
AMTX,Aemetis Inc,2023-08-02,2023-06-30,-0.39,USD
AMV,Atlis Motor Vehicles Inc - Class A,2023-08-30,2023-06-30,-0.55,USD
AMWD,American Woodmark Corp,2023-08-28,2023-07-31,2.22,USD
AMWL,American Well Corporation - Class A,2023-08-02,2023-06-30,-0.22,USD
AMYT,AMYT,2023-08-04,2023-06-30,-0.0067,EUR
AMYZF,AMYZF,2023-06-27,2023-04-30,,USD
AMZN,Amazon.com Inc,2023-07-26,2023-06-30,0.35,USD
AN,Autonation Inc,2023-07-19,2023-06-30,5.78,USD
ANAB,AnaptysBio Inc,2023-08-07,2023-06-30,-1.63,USD
ANCTF,ANCTF,2023-06-27,2023-04-30,,USD
ANCTF,ANCTF,2023-08-28,2023-07-31,,USD
ANDE,Andersons Inc,2023-08-01,2023-06-30,1.06,USD
ANDR,ANDR,2023-08-08,2023-06-30,0,USD
ANEB,Anebulo Pharmaceuticals Inc,2023-09-07,2023-06-30,-0.12,USD
ANET,Arista Networks Inc,2023-07-31,2023-06-30,1.44,USD
ANF,Abercrombie & Fitch Co. - Class A,2023-08-23,2023-07-31,0.13,USD
ANFGF,ANFGF,2023-08-10,2023-06-30,0.2866,USD
ANFIF,ANFIF,2023-09-01,2023-06-30,0,USD
ANGH,Anghami Inc,2023-08-14,2023-06-30,0,USD
ANGI,Angi Inc - Class A,2023-08-07,2023-06-30,-0.03,USD
ANGN,ANGN,2023-08-14,2023-06-30,-0.57,USD
ANGO,Angiodynamic Inc,2023-07-12,2023-05-31,0.02,USD
ANGPY,ANGPY,2023-07-24,2023-06-30,0,ZAR
ANIK,Anika Therapeutics Inc,2023-08-01,2023-06-30,-0.27,USD
ANIOY,ANIOY,2023-07-26,2023-06-30,0,EUR
ANIP,ANI Pharmaceuticals Inc,2023-08-07,2023-06-30,0.66,USD
ANIX,Anixa Biosciences Inc,2023-09-08,2023-07-31,-0.1,USD
ANNX,Annexon Inc,2023-08-07,2023-06-30,-0.54,USD
ANSS,Ansys Inc,2023-08-01,2023-06-30,1.49,USD
ANTH,ANTH,2023-08-09,2023-06-30,0,USD
ANTX,AN2 Therapeutics Inc,2023-08-10,2023-06-30,-0.8,USD
ANVS,Annovis Bio Inc,2023-08-07,2023-06-30,-1.14,USD
ANY,Sphere 3D Corp,2023-08-10,2023-06-30,,USD
AOBI,AOBI,2023-08-09,2023-06-30,0,USD
AOCIF,AOCIF,2023-08-08,2023-06-30,,CAD
AOIFF,AOIFF,2023-08-08,2023-06-30,0.11,USD
AOLS,AOLS,2023-08-14,2023-06-30,0,USD
AOMR,Angel Oak Mortgage REIT Inc,2023-08-08,2023-06-30,0.14,USD
AON,Aon plc. - Class A,2023-07-27,2023-06-30,2.84,USD
AONNY,AONNY,2023-07-05,2023-05-31,0,JPY
AOREF,AOREF,2023-06-28,2023-03-31,,USD
AORT,Artivion Inc,2023-08-02,2023-06-30,-0.08,USD
AOS,A.O. Smith Corp,2023-07-26,2023-06-30,0.91,USD
AOSL,Alpha & Omega Semiconductor Ltd,2023-08-08,2023-06-30,0.02,USD
AOTVF,AOTVF,2023-08-07,2023-06-30,,CAD
AOUT,American Outdoor Brands Inc,2023-06-28,2023-04-30,-0.13,USD
AOUT,American Outdoor Brands Inc,2023-09-06,2023-07-31,0.1333,USD
AOXG,AOXG,2023-08-30,2023-06-30,0,USD
AOZOY,AOZOY,2023-07-31,2023-06-30,0.1181,USD
AP,Ampco-Pittsburgh Corp,2023-08-08,2023-06-30,,USD
APA,APA Corporation,2023-08-01,2023-06-30,0.9,USD
APAM,Artisan Partners Asset Management Inc - Class A,2023-07-31,2023-06-30,0.71,USD
APCX,AppTech Payments Corp,2023-08-30,2023-06-30,0,USD
APD,Air Products & Chemicals Inc,2023-08-02,2023-06-30,2.92,USD
APDN,Applied Dna Sciences Inc,2023-08-09,2023-06-30,-0.24,USD
APEI,American Public Education Inc,2023-08-07,2023-06-30,-0.31,USD
APELY,APELY,2023-07-28,2023-06-30,0.2015,JPY
APEMY,APEMY,2023-07-28,2023-06-30,0,EUR
APEN,APEN,2023-07-31,2023-06-30,-0.215,USD
APEUF,APEUF,2023-08-21,2023-06-30,,CAD
APG,APi Group Corporation,2023-08-02,2023-06-30,0.4,USD
APGI,APGI,2023-08-21,2023-06-30,0,USD
APGN,Apexigen Inc,2023-08-30,2023-06-30,-0.19,USD
APGT,APGT,2023-08-09,2023-06-30,,USD
APH,Amphenol Corp - Class A,2023-07-26,2023-06-30,0.68,USD
API,Agora Inc,2023-08-14,2023-06-30,-0.11,USD
APLD,Applied Digital Corporation,2023-08-25,2023-05-31,-0.0283,USD
APLE,Apple Hospitality REIT Inc,2023-08-03,2023-06-30,0.2,USD
APLIF,APLIF,2023-06-27,2023-03-31,-0.02,CAD
APLIF,APLIF,2023-08-10,2023-06-30,,CAD
APLS,Apellis Pharmaceuticals Inc,2023-08-07,2023-06-30,-1.37,USD
APLT,Applied Therapeutics Inc,2023-08-10,2023-06-30,-0.26,USD
APO,Apollo Global Management Inc - Class A (New),2023-08-02,2023-06-30,1.66,USD
APOG,Apogee Enterprises Inc,2023-06-23,2023-05-31,0.9,USD
APOG,Apogee Enterprises Inc,2023-09-18,2023-08-31,1.03,USD
APP,Applovin Corp - Class A,2023-08-08,2023-06-30,0.07,USD
APPF,Appfolio Inc - Class A,2023-07-26,2023-06-30,0.12,USD
APPH,AppHarvest Inc,2023-08-01,2023-06-30,-0.22,USD
APPN,Appian Corp - Class A,2023-08-02,2023-06-30,-0.42,USD
APPS,Digital Turbine Inc,2023-08-07,2023-06-30,0.13,USD
APRE,Aprea Therapeutics Inc,2023-08-09,2023-06-30,-1.42,USD
APRN,Blue Apron Holdings Inc - Class A,2023-08-07,2023-06-30,-3.24,USD
APT,Alpha Pro Tech Ltd,2023-08-02,2023-06-30,,USD
APTO,Aptose Biosciences Inc,2023-07-31,2023-06-30,-2.01,USD
APTV,Aptiv PLC,2023-07-31,2023-06-30,0.98,USD
APTX,Aptinyx Inc,2023-08-02,2023-06-30,-0.091,USD
APVO,Aptevo Therapeutics Inc,2023-08-09,2023-06-30,-1.12,USD
APVS,APVS,2023-08-11,2023-06-30,0,USD
APWC,Asia Pacific Wire & Cable,2023-08-30,2023-06-30,0,USD
APYRF,APYRF,2023-07-25,2023-06-30,,CAD
APYX,Apyx Medical Corp,2023-08-09,2023-06-30,-0.08,USD
AQB,AquaBounty Technologies Inc,2023-08-07,2023-06-30,-0.08,USD
AQMS,Aqua Metals Inc,2023-07-19,2023-06-30,-0.04,USD
AQN,Algonquin Power & Utilities Corp,2023-08-09,2023-06-30,0.12,USD
AQQSQ,AQQSQ,2023-08-11,2023-06-30,0,USD
AQST,Aquestive Therapeutics Inc,2023-07-31,2023-06-30,-0.12,USD
AQSZF,AQSZF,2023-08-28,2023-06-30,,USD
AQUA,Evoqua Water Technologies Corp,2023-07-31,2023-06-30,0.25,USD
AR,Antero Resources Corp,2023-07-25,2023-06-30,0.01,USD
ARAV,Aravive Inc,2023-08-09,2023-06-30,-0.28,USD
ARAY,Accuray Inc,2023-08-08,2023-06-30,0.01,USD
ARBE,Arbe Robotics Ltd,2023-08-15,2023-07-31,-0.13,USD
ARBK,Argo Blockchain Plc,2023-09-19,2023-06-30,-0.5793,GBP
ARBTF,ARBTF,2023-08-21,2023-06-30,,USD
ARC,ARC Document Solutions Inc,2023-08-01,2023-06-30,0.08,USD
ARCAY,ARCAY,2023-07-27,2023-06-30,0,EUR
ARCB,ArcBest Corp,2023-07-27,2023-06-30,2.1,USD
ARCC,Ares Capital Corp,2023-07-24,2023-06-30,0.57,USD
ARCE,Arco Platform Ltd - Class A,2023-08-16,2023-06-30,-0.18,BRL
ARCH,Arch Resources Inc - Class A,2023-07-26,2023-06-30,8.77,USD
ARCO,Arcos Dorados Holdings Inc - Class A,2023-08-08,2023-06-30,0.15,USD
ARCT,Arcturus Therapeutics Holdings Inc,2023-08-07,2023-06-30,-0.5,USD
ARCW,ARCW,2023-08-30,2023-06-30,0,USD
ARDS,Aridis Pharmaceuticals Inc,2023-08-14,2023-06-30,,USD
ARDX,Ardelyx Inc,2023-08-02,2023-06-30,-0.12,USD
ARE,Alexandria Real Estate Equities Inc,2023-07-24,2023-06-30,0.84,USD
AREB,American Rebel Holdings Inc,2023-08-30,2023-06-30,0,USD
AREC,American Resources Corporation - Class A,2023-08-14,2023-06-30,-0.01,USD
AREN,Arena Group Holdings Inc (The),2023-08-07,2023-06-30,-0.8,USD
ARES,Ares Management Corp - Class A,2023-07-26,2023-06-30,0.86,USD
ARESF,ARESF,2023-08-02,2023-06-30,,CAD
ARET,ARET,2023-08-16,2023-06-30,0,USD
ARGO,Argo Group International Holdings Ltd,2023-08-07,2023-06-30,0.57,USD
ARGTF,ARGTF,2023-08-09,2023-06-30,,CAD
ARGX,Argen X SE,2023-07-27,2023-06-30,-1.92,USD
ARHS,Arhaus Inc Class A,2023-08-09,2023-06-30,0.26,USD
ARHTF,ARHTF,2023-07-26,2023-06-30,,CAD
ARI,Apollo Commercial Real Estate Finance Inc,2023-07-24,2023-06-30,0.4,USD
ARIS,Aris Water Solutions Inc - Class A,2023-08-02,2023-06-30,0.13,USD
ARKAY,ARKAY,2023-07-28,2023-06-30,2.87,EUR
ARKO,ARKO Corp - Class A,2023-08-07,2023-06-30,0.19,USD
ARKR,Ark Restaurants Corp,2023-08-14,2023-06-30,,USD
ARL,American Realty Investors Inc,2023-08-10,2023-06-30,,USD
ARLO,Arlo Technologies Inc,2023-08-07,2023-06-30,0.04,USD
ARLP,Alliance Resource Partners LP,2023-07-31,2023-06-30,1.3,USD
ARMK,Aramark,2023-08-07,2023-06-30,0.34,USD
ARMP,Armata Pharmaceuticals Inc,2023-08-09,2023-06-30,-0.37,USD
ARNC,Arconic Corporation,2023-07-31,2023-06-30,0.59,USD
ARNGF,ARNGF,2023-08-09,2023-06-30,-0.0018,USD
AROC,Archrock Inc,2023-07-31,2023-06-30,0.14,USD
AROW,Arrow Financial Corp,2023-07-25,2023-06-30,0.8,USD
ARQT,Arcutis Biotherapeutics Inc,2023-08-02,2023-06-30,-1.25,USD
ARR,ARMOUR Residential REIT Inc,2023-07-25,2023-06-30,0.24,USD
ARREF,ARREF,2023-08-01,2023-06-30,0.02,USD
ARRY,Array Technologies Inc,2023-08-09,2023-06-30,0.1757,USD
ARTH,ARTH,2023-08-30,2023-06-30,2,USD
ARTHD,ARTHD,2023-08-30,2023-06-30,2,USD
ARTL,Artelo Biosciences Inc,2023-08-07,2023-05-31,-0.81,USD
ARTNA,Artesian Resources Corp - Class A,2023-08-01,2023-06-30,0.37,USD
ARTW,Art`s-way Manufacturing Co. Inc,2023-07-04,2023-05-31,,USD
ARVL,Arrival,2023-08-09,2023-06-30,,EUR
ARVN,Arvinas Inc,2023-08-02,2023-06-30,-1.66,USD
ARW,Arrow Electronics Inc,2023-08-02,2023-06-30,4.34,USD
ARWR,Arrowhead Pharmaceuticals Inc,2023-08-02,2023-06-30,-0.69,USD
ARYX,ARYX,2023-08-14,2023-06-30,0,USD
ARZGY,ARZGY,2023-08-09,2023-06-30,0.3189,EUR
ASAI,Sendas Distribuidora S.A.,2023-07-24,2023-06-30,0.179,BRL
ASAN,Asana Inc - Class A,2023-09-18,2023-07-31,-0.11,USD
ASAP,Waitr Holdings Inc,2023-08-07,2023-06-30,-0.6,USD
ASAPF,ASAPF,2023-08-28,2023-06-30,,USD
ASAZY,ASAZY,2023-07-19,2023-06-30,0.1602,SEK
ASB,Associated Banc-Corp,2023-07-19,2023-06-30,0.61,USD
ASBFY,ASBFY,2023-08-30,2023-05-31,0,GBP
ASC,Ardmore Shipping Corp,2023-07-25,2023-06-30,0.69,USD
ASEKY,ASEKY,2023-07-28,2023-06-30,0.8155,JPY
ASGLY,ASGLY,2023-08-01,2023-06-30,0,JPY
ASGN,ASGN Inc,2023-07-25,2023-06-30,1.49,USD
ASGTF,ASGTF,2023-08-09,2023-06-30,,CAD
ASH,Ashland Inc,2023-07-24,2023-06-30,1.76,USD
ASHTY,ASHTY,2023-09-05,2023-07-31,4.16,USD
ASHXF,ASHXF,2023-08-28,2023-07-31,,USD
ASIX,AdvanSix Inc,2023-08-03,2023-06-30,1.04,USD
ASLE,AerSale Corp,2023-08-07,2023-06-30,0.11,USD
ASLN,ASLAN Pharmaceuticals Ltd,2023-08-11,2023-06-30,-0.8,USD
ASM,Avino Silver & Gold Mines Ltd,2023-08-08,2023-06-30,0.02,USD
ASMB,Assembly Biosciences Inc,2023-08-07,2023-06-30,-0.29,USD
ASMIY,ASMIY,2023-07-25,2023-06-30,3.46,EUR
ASML,ASML Holding NV,2023-07-19,2023-06-30,4.94,EUR
ASND,Ascendis Pharma A/S,2023-08-08,2023-06-30,-2.82,EUR
ASO,Academy Sports and Outdoors Inc,2023-09-05,2023-07-31,2.03,USD
ASOZY,ASOZY,2023-08-24,2023-06-30,0,PLN
ASPCF,ASPCF,2023-08-07,2023-06-30,,USD
ASPCQ,ASPCQ,2023-08-07,2023-06-30,,USD
ASPN,Aspen Aerogels Inc,2023-07-25,2023-06-30,-0.36,USD
ASPS,Altisource Portfolio Solutions S.A.,2023-07-26,2023-06-30,-0.46,USD
ASPU,ASPU,2023-09-11,2023-07-31,-0.12,USD
ASR,Grupo Aeroportuario Del Sureste S.A.,2023-07-24,2023-06-30,91.78,MXN
ASRT,Assertio Holdings Inc,2023-08-07,2023-06-30,0.14,USD
ASRV,Ameriserv Financial Inc,2023-07-17,2023-06-30,,USD
ASTC,Astrotech Corp,2023-09-12,2023-06-30,,USD
ASTE,Astec Industries Inc,2023-07-31,2023-06-30,0.67,USD
ASTI,Ascent Solar Technologies Inc,2023-08-14,2023-06-30,,USD
ASTR,Astra Space Inc - Class A,2023-08-02,2023-06-30,,USD
ASTS,AST SpaceMobile Inc - Class A,2023-08-14,2023-06-30,-0.19,USD
ASUR,Asure Software Inc,2023-08-07,2023-06-30,0.0161,USD
ASX,ASE Technology Holding Co.Ltd,2023-07-27,2023-06-30,0.0908,TWD
ASXC,Asensus Surgical Inc,2023-08-07,2023-06-30,-0.08,USD
ASXFY,ASXFY,2023-08-17,2023-06-30,0,USD
ASXSF,ASXSF,2023-08-03,2023-06-30,,CAD
ASYS,Amtech Systems Inc,2023-08-08,2023-06-30,0.02,USD
ATAI,ATAI Life Sciences N.V.,2023-08-14,2023-06-30,-0.2102,USD
ATAX,ATAX,2023-08-02,2023-06-30,,USD
ATBPF,ATBPF,2023-06-28,2023-03-31,-0.11,CAD
ATBPF,ATBPF,2023-08-14,2023-06-30,,CAD
ATCMF,ATCMF,2023-08-15,2023-06-30,0.01,USD
ATCO,ATCO,2023-08-07,2023-06-30,0.39,USD
ATCV,ATCV,2023-08-17,2023-06-30,0,USD
ATCX,ATCX,2023-08-14,2023-06-30,0.23,USD
ATEC,Alphatec Holdings Inc,2023-08-02,2023-06-30,-0.28,USD
ATEN,A10 Networks Inc,2023-07-31,2023-06-30,0.17,USD
ATER,Aterian Inc,2023-08-07,2023-06-30,-0.11,USD
ATEX,Anterix Inc,2023-08-07,2023-06-30,-0.58,USD
ATEYY,ATEYY,2023-07-26,2023-06-30,0.9173,JPY
ATGE,Adtalem Global Education Inc,2023-08-09,2023-06-30,0.97,USD
ATGN,ATGN,2023-08-16,2023-06-30,,USD
ATGSY,ATGSY,2023-07-28,2023-06-30,0,EUR
ATHA,Athira Pharma Inc,2023-08-14,2023-06-30,-0.79,USD
ATHM,Autohome Inc,2023-08-01,2023-06-30,0.57,CNY
ATHOF,ATHOF,2023-07-25,2023-06-30,,CAD
ATHX,Athersys Inc,2023-08-09,2023-06-30,-0.29,USD
ATI,ATI Inc,2023-08-02,2023-06-30,0.54,USD
ATIP,ATI Physical Therapy Inc - Class A,2023-08-07,2023-06-30,-3.53,USD
ATIXF,ATIXF,2023-08-21,2023-06-30,,CAD
ATKR,Atkore Inc,2023-07-31,2023-06-30,4.26,USD
ATLC,Atlanticus Holdings Corp,2023-08-07,2023-06-30,0.74,USD
ATLCY,ATLCY,2023-07-19,2023-06-30,0.5216,SEK
ATLKY,ATLKY,2023-07-19,2023-06-30,0.5216,SEK
ATLO,Ames National Corp,2023-07-21,2023-06-30,0,USD
ATLYD,ATLYD,2023-08-28,2023-06-30,,CAD
ATLYF,ATLYF,2023-08-28,2023-06-30,,CAD
ATMS,ATMS,2023-08-21,2023-06-30,,USD
ATNI,ATN International Inc,2023-07-25,2023-06-30,-0.15,USD
ATNM,Actinium Pharmaceuticals Inc,2023-08-12,2023-06-30,-0.48,USD
ATNX,ATNX,2023-07-26,2023-06-30,,USD
ATNXQ,ATNXQ,2023-07-26,2023-06-30,,USD
ATO,Atmos Energy Corp,2023-08-01,2023-06-30,1.03,USD
ATOM,Atomera Inc,2023-07-31,2023-06-30,-0.16,USD
ATONY,ATONY,2023-08-28,2023-06-30,0,CNY
ATOS,Atossa Therapeutics Inc,2023-08-07,2023-06-30,-0.06,USD
ATR,Aptargroup Inc,2023-07-27,2023-06-30,1.13,USD
ATRA,Atara Biotherapeutics Inc,2023-08-07,2023-06-30,-0.66,USD
ATRC,Atricure Inc,2023-07-31,2023-06-30,-0.29,USD
ATRI,Atrion Corp,2023-08-07,2023-06-30,,USD
ATRO,Astronics Corp,2023-08-08,2023-06-30,-0.03,USD
ATROB,ATROB,2023-08-04,2023-06-30,-0.03,USD
ATRX,ATRX,2023-08-11,2023-06-30,0,USD
ATS,ATS Corporation.,2023-08-08,2023-06-30,,CAD
ATSAF,ATSAF,2023-08-08,2023-06-30,,CAD
ATSG,Air Transport Services Group Inc,2023-08-02,2023-06-30,0.36,USD
ATTO,Atento S.A.,2023-08-01,2023-06-30,,USD
ATUS,Altice USA Inc - Class A,2023-08-01,2023-06-30,0.07,USD
ATUSF,ATUSF,2023-08-07,2023-06-30,,CAD
ATUUF,ATUUF,2023-08-07,2023-06-30,,CAD
ATVI,Activision Blizzard Inc,2023-07-31,2023-06-30,0.86,USD
ATXS,Astria Therapeutics Inc,2023-08-07,2023-06-30,-0.49,USD
ATY,ATY,2023-08-08,2023-06-30,-0.0222,CAD
ATZAF,ATZAF,2023-07-05,2023-05-31,,CAD
AU,AngloGold Ashanti Ltd,2023-08-07,2023-06-30,0.18,USD
AUB,Atlantic Union Bankshares Corp,2023-07-19,2023-06-30,0.68,USD
AUBN,Auburn National Bancorp Inc,2023-07-24,2023-06-30,,USD
AUCUF,AUCUF,2023-08-28,2023-06-30,,CAD
AUD,AUD,2023-08-03,2023-06-30,-0.18,USD
AUDA,AUDA,2023-08-03,2023-06-30,-0.18,USD
AUDC,Audiocodes,2023-07-31,2023-06-30,0.1,USD
AUGG,AUGG,2023-08-08,2023-06-30,0,USD
AUGX,Augmedix Inc,2023-08-08,2023-06-30,-0.135,USD
AUID,authID Inc,2023-08-07,2023-06-30,,USD
AUKNY,AUKNY,2023-08-23,2023-06-30,0,USD
AULT,Ault Alliance Inc,2023-08-21,2023-06-30,0,USD
AUMN,Golden Minerals Company,2023-08-08,2023-06-30,-0.5,USD
AUNFF,AUNFF,2023-08-30,2023-06-30,0,USD
AUOTY,AUOTY,2023-07-27,2023-06-30,-0.2887,TWD
AUPH,Aurinia Pharmaceuticals Inc,2023-08-02,2023-06-30,-0.18,USD
AUR,Aurora Innovation Inc - Class A,2023-08-02,2023-06-30,-0.18,USD
AURA,Aura Biosciences Inc,2023-08-10,2023-06-30,-0.5,USD
AUTL,Autolus Therapeutics plc,2023-08-10,2023-06-30,-0.2237,USD
AUUD,Auddia Inc,2023-08-30,2023-06-30,-0.1,USD
AUVI,Applied UV Inc,2023-08-14,2023-06-30,-0.82,USD
AUY,AUY,2023-07-26,2023-06-30,0.0702,USD
AVA,Avista Corp,2023-08-01,2023-06-30,0.18,USD
AVAH,Aveanna Healthcare Holdings Inc,2023-08-08,2023-06-30,-0.04,USD
AVAL,Grupo Aval Acciones y Valores S.A.,2023-08-09,2023-06-30,0.1198,COP
AVAV,AeroVironment Inc,2023-06-27,2023-04-30,1.01,USD
AVAV,AeroVironment Inc,2023-09-05,2023-07-31,0.204,USD
AVB,Avalonbay Communities Inc,2023-07-25,2023-06-30,1.33,USD
AVBH,AVBH,2023-07-26,2023-06-30,0.745,USD
AVCNF,AVCNF,2023-08-14,2023-06-30,,CAD
AVCVF,AVCVF,2023-08-03,2023-06-30,,CAD
AVD,American Vanguard Corp,2023-08-07,2023-06-30,0.32,USD
AVDL,Avadel Pharmaceuticals plc,2023-08-08,2023-06-30,-0.3614,USD
AVDX,AvidXchange Holdings Inc,2023-08-07,2023-06-30,-0.04,USD
AVEO,AVEO,2023-08-02,2023-06-30,,USD
AVGO,Broadcom Inc,2023-08-30,2023-07-31,10.42,USD
AVGR,Avinger Inc,2023-08-09,2023-06-30,-0.49,USD
AVHNY,AVHNY,2023-08-31,2023-06-30,0,EUR
AVID,Avid Technology Inc,2023-07-31,2023-06-30,0.2,USD
AVIFY,AVIFY,2023-08-07,2023-06-30,0.0775,THB
AVIR,Atea Pharmaceuticals Inc,2023-08-07,2023-06-30,-0.47,USD
AVNS,Avanos Medical Inc,2023-08-07,2023-06-30,0.32,USD
AVNT,Avient Corp,2023-07-27,2023-06-30,0.6,USD
AVNW,Aviat Networks Inc,2023-08-21,2023-06-30,0.85,USD
AVO,Mission Produce Inc,2023-09-06,2023-07-31,0.2,USD
AVPT,AvePoint Inc - Class A,2023-08-09,2023-06-30,0.01,USD
AVRO,AvroBio Inc,2023-08-07,2023-06-30,-0.17,USD
AVT,Avnet Inc,2023-08-08,2023-06-30,1.65,USD
AVTA,Avantax Inc,2023-08-07,2023-06-30,0.17,USD
AVTBF,AVTBF,2023-07-11,2023-05-31,,CAD
AVTE,Aerovate Therapeutics Inc,2023-08-14,2023-06-30,-0.7,USD
AVTI,AVTI,2023-08-16,2023-06-30,0,USD
AVTR,Avantor Inc,2023-07-26,2023-06-30,0.29,USD
AVTX,Avalo Therapeutics Inc,2023-08-02,2023-06-30,-0.71,USD
AVXL,Anavex Life Sciences Corporation,2023-08-07,2023-06-30,-0.17,USD
AVXT,AVXT,2023-08-15,2023-06-30,0,USD
AVY,Avery Dennison Corp,2023-07-25,2023-06-30,2.05,USD
AVYAQ,AVYAQ,2023-08-07,2023-06-30,-0.24,USD
AWCMY,AWCMY,2023-08-21,2023-06-30,0,USD
AWH,Aspira Women`s Health Inc,2023-08-08,2023-06-30,-0.55,USD
AWI,Armstrong World Industries Inc,2023-07-24,2023-06-30,1.31,USD
AWK,American Water Works Co. Inc,2023-07-26,2023-06-30,1.28,USD
AWLIF,AWLIF,2023-08-28,2023-07-31,,USD
AWR,American States Water Company,2023-07-31,2023-06-30,0.77,USD
AWRE,Aware Inc,2023-07-24,2023-06-30,-0.08,USD
AWRRF,AWRRF,2023-07-25,2023-06-30,,CAD
AWX,Avalon Holdings Corp - Class A,2023-08-10,2023-06-30,,USD
AX,Axos Financial Inc,2023-08-02,2023-06-30,1.29,USD
AXAHY,AXAHY,2023-08-03,2023-06-30,0,EUR
AXAS,AXAS,2023-07-03,2023-06-30,0.01,USD
AXDX,Accelerate Diagnostics Inc,2023-08-14,2023-06-30,-0.14,USD
AXFOY,AXFOY,2023-07-14,2023-06-30,0.2721,SEK
AXGN,Axogen Inc,2023-08-01,2023-06-30,-0.13,USD
AXL,American Axle & Manufacturing Holdings Inc,2023-08-03,2023-06-30,0.1,USD
AXLA,Axcella Health Inc,2023-08-10,2023-06-30,-0.06,USD
AXNX,Axonics Inc,2023-07-31,2023-06-30,-0.12,USD
AXON,Axon Enterprise Inc,2023-08-07,2023-06-30,0.63,USD
AXP,American Express Company,2023-07-20,2023-06-30,2.84,USD
AXR,AMREP Corp,2023-07-19,2023-04-30,,USD
AXR,AMREP Corp,2023-09-05,2023-07-31,,USD
AXS,Axis Capital Holdings Ltd,2023-07-24,2023-06-30,2.05,USD
AXSM,Axsome Therapeutics Inc,2023-08-07,2023-06-30,-1.27,USD
AXTA,Axalta Coating Systems Ltd,2023-07-24,2023-06-30,0.38,USD
AXTI,AXT Inc,2023-07-26,2023-06-30,-0.13,USD
AY,Atlantica Sustainable Infrastructure Plc,2023-08-01,2023-06-30,0.26,USD
AYALY,AYALY,2023-08-14,2023-06-30,0,PHP
AYASF,AYASF,2023-08-10,2023-06-30,,USD
AYI,Acuity Brands Inc,2023-06-29,2023-05-31,3.75,USD
AYLA,AYLA,2023-08-14,2023-06-30,,USD
AYRO,AYRO Inc,2023-08-09,2023-06-30,-0.15,USD
AYRWF,AYRWF,2023-08-16,2023-06-30,-0.3575,USD
AYX,Alteryx Inc - Class A,2023-07-31,2023-06-30,-0.67,USD
AZ,A2Z Smart Technologies Corp,2023-08-30,2023-06-30,-0.17,USD
AZEK,AZEK Company Inc - Class A,2023-08-02,2023-06-30,0.25,USD
AZN,Astrazeneca plc,2023-07-27,2023-06-30,1.01,USD
AZNCF,AZNCF,2023-07-27,2023-06-30,2.01,USD
AZO,Autozone Inc,2023-08-02,2023-05-31,31.41,USD
AZO,Autozone Inc,2023-09-18,2023-08-31,45.25,USD
AZPN,Aspen Technology Inc,2023-08-08,2023-06-30,2.28,USD
AZRE,Azure Power Global Ltd,2023-07-27,2023-06-30,0.3484,INR
AZTA,Azenta Inc,2023-08-07,2023-06-30,-0.02,USD
AZUL,Azul S.A.,2023-08-09,2023-06-30,-0.55,BRL
AZYO,Aziyo Biologics Inc - Class A,2023-08-09,2023-06-30,-0.35,USD
AZZ,AZZ Inc,2023-07-10,2023-05-31,1.16,USD
AZZTF,AZZTF,2023-08-28,2023-06-30,,CAD
B,Barnes Group Inc,2023-07-28,2023-06-30,0.54,USD
BA,Boeing Company,2023-07-25,2023-06-30,-0.86,USD
BABA,Alibaba Group Holding Ltd,2023-08-02,2023-06-30,1.96,CNY
BABB,BABB,2023-07-06,2023-05-31,,USD
BABYF,BABYF,2023-08-14,2023-06-30,,USD
BAC,Bank Of America Corp,2023-07-18,2023-06-30,0.86,USD
BACHY,BACHY,2023-08-30,2023-06-30,0.7228,CNY
BACK,IMAC Holdings Inc,2023-08-08,2023-06-30,-0.03,USD
BADFF,BADFF,2023-08-08,2023-06-30,,CAD
BAESY,BAESY,2023-08-02,2023-06-30,1.31,GBP
BAH,Booz Allen Hamilton Holding Corp - Class A,2023-07-27,2023-06-30,1.26,USD
BAK,Braskem S.A.,2023-08-03,2023-06-30,-0.2239,USD
BALL,Ball Corp,2023-08-02,2023-06-30,0.62,USD
BALY,Ballys Corporation,2023-08-02,2023-06-30,-0.12,USD
BAM,Brookfield Asset Management Ltd - Class A,2023-08-09,2023-06-30,,USD
BANC,Banc of California Inc,2023-07-19,2023-06-30,0.31,USD
BAND,Bandwidth Inc - Class A,2023-08-01,2023-06-30,0.04,USD
BANF,Bancfirst Corp,2023-07-19,2023-06-30,1.62,USD
BANR,Banner Corp,2023-07-18,2023-06-30,1.56,USD
BANX,ArrowMark Financial Corp,2023-08-02,2023-06-30,0.57,USD
BAP,Credicorp Ltd,2023-08-10,2023-06-30,4.47,PEN
BARK,BARK Inc - Class A,2023-08-07,2023-06-30,-0.08,USD
BASE,Couchbase Inc,2023-09-05,2023-07-31,-0.22,USD
BASFY,BASFY,2023-07-28,2023-06-30,0.2788,EUR
BATL,Battalion Oil Corp (New),2023-08-07,2023-06-30,0.18,USD
BATRA,Liberty Media Corp (Tracking Stock - Braves) Series A,2023-08-10,2023-06-30,0.5567,USD
BATRK,Liberty Media Corp (Tracking Stock - Braves) Series C,2023-08-10,2023-06-30,0.5567,USD
BAX,Baxter International Inc,2023-07-27,2023-06-30,0.61,USD
BAYRY,BAYRY,2023-08-08,2023-06-30,0.4179,EUR
BB,BlackBerry Ltd,2023-06-28,2023-05-31,-0.05,USD
BBAI,BigBear.ai Inc,2023-08-08,2023-06-30,-0.06,USD
BBAL,BBAL,2023-08-17,2023-06-30,0,USD
BBAR,BBVA Argentina,2023-08-23,2023-06-30,0.37,ARS
BBBMD,BBBMD,2023-07-24,2023-05-31,,CAD
BBBMF,BBBMF,2023-07-24,2023-05-31,,USD
BBBXF,BBBXF,2023-08-28,2023-06-30,,CAD
BBBY,BBBY,2023-06-27,2023-05-31,-1.49,USD
BBCP,Concrete Pumping Holdings Inc - Class A,2023-09-07,2023-06-30,0.1628,USD
BBD,Banco Bradesco S.A.,2023-08-03,2023-06-30,0.0853,BRL
BBDC,Barings BDC Inc,2023-08-07,2023-06-30,0.29,USD
BBGI,Beasley Broadcast Group Inc - Class A,2023-07-31,2023-06-30,-0.06,USD
BBI,BBI,2023-08-10,2023-06-30,-1.68,USD
BBIG,Vinco Ventures Inc,2023-07-17,2023-06-30,,USD
BBIO,BridgeBio Pharma Inc,2023-08-02,2023-06-30,-0.83,USD
BBKCF,BBKCF,2023-08-28,2023-06-30,-0.0075,CAD
BBLG,Bone Biologics Corp,2023-08-30,2023-06-30,-0.105,USD
BBLN,Babylon Holdings Ltd - Class A,2023-08-07,2023-06-30,-2.44,USD
BBRRF,BBRRF,2023-08-23,2023-06-30,,CAD
BBSEY,BBSEY,2023-08-07,2023-06-30,0.1729,BRL
BBSI,Barrett Business Services Inc,2023-08-01,2023-06-30,1.85,USD
BBSRF,BBSRF,2023-08-14,2023-06-30,,USD
BBTVF,BBTVF,2023-08-08,2023-06-30,,CAD
BBU,Brookfield Business Partners L.P.,2023-08-04,2023-06-30,-0.0879,USD
BBVA,Banco Bilbao Vizcaya Argentaria.,2023-07-28,2023-06-30,0.3334,EUR
BBW,Build A Bear Workshop Inc,2023-08-21,2023-07-31,0.42,USD
BBWI,Bath & Body Works Inc,2023-08-15,2023-07-31,0.33,USD
BBXIA,BBXIA,2023-08-07,2023-06-30,,USD
BBY,Best Buy Co. Inc,2023-08-28,2023-07-31,1.06,USD
BC,Brunswick Corp,2023-07-26,2023-06-30,2.75,USD
BCAB,BioAtla Inc,2023-08-07,2023-06-30,-0.64,USD
BCBP,BCB Bancorp Inc (NJ),2023-07-19,2023-06-30,0.56,USD
BCC,Boise Cascade Company,2023-07-31,2023-06-30,2.37,USD
BCCEF,BCCEF,2023-08-21,2023-06-30,,CAD
BCDA,BioCardia Inc,2023-08-08,2023-06-30,-0.15,USD
BCE,BCE Inc,2023-08-03,2023-06-30,0.63,CAD
BCEKF,BCEKF,2023-08-28,2023-06-30,0.0073,USD
BCEL,Atreca Inc - Class A,2023-08-07,2023-06-30,-0.57,USD
BCH,Banco de Chile,2023-07-31,2023-06-30,0.6323,CLP
BCHEY,BCHEY,2023-08-14,2023-06-30,0,USD
BCKMF,BCKMF,2023-07-19,2023-04-30,,CAD
BCKMF,BCKMF,2023-09-11,2023-07-31,,CAD
BCLI,Brainstorm Cell Therapeutics Inc,2023-08-14,2023-06-30,-0.15,USD
BCML,BayCom Corp,2023-07-19,2023-06-30,0.53,USD
BCMXY,BCMXY,2023-08-25,2023-06-30,0.8886,CNY
BCNAY,BCNAY,2023-07-19,2023-06-30,0,EUR
BCO,Brink`s Company,2023-08-01,2023-06-30,1.33,USD
BCOR,BCOR,2023-08-07,2023-06-30,0.27,USD
BCOV,Brightcove Inc,2023-07-31,2023-06-30,-0.02,USD
BCOW,1895 Bancorp of Wisconsin Inc,2023-08-07,2023-06-30,,USD
BCPC,Balchem Corp,2023-07-27,2023-06-30,0.84,USD
BCRHF,BCRHF,2023-07-25,2023-06-30,0,USD
BCRX,Biocryst Pharmaceuticals Inc,2023-08-02,2023-06-30,-0.23,USD
BCS,Barclays plc,2023-07-27,2023-06-30,0.437,GBP
BCSF,Bain Capital Specialty Finance Inc,2023-08-01,2023-06-30,0.49,USD
BCTX,BriaCell Therapeutics Corp,2023-09-21,2023-07-31,-0.385,USD
BCV,Bancroft Fund Ltd,2023-08-15,2023-07-31,0,USD
BCYC,Bicycle Therapeutics Plc,2023-08-02,2023-06-30,-1.29,USD
BDC,Belden Inc,2023-08-01,2023-06-30,1.77,USD
BDCO,BDCO,2023-08-15,2023-06-30,0,USD
BDIMF,BDIMF,2023-08-02,2023-06-30,,CAD
BDL,Flanigan`s Enterprises Inc,2023-08-14,2023-06-30,,USD
BDN,Brandywine Realty Trust,2023-07-25,2023-06-30,-0.06,USD
BDNNY,BDNNY,2023-07-20,2023-06-30,1.72,SEK
BDORY,BDORY,2023-08-09,2023-06-30,0.6134,BRL
BDRBF,BDRBF,2023-08-03,2023-06-30,0.26,USD
BDRFY,BDRFY,2023-08-03,2023-06-30,0,EUR
BDRL,BDRL,2023-08-14,2023-06-30,,USD
BDSX,Biodesix Inc,2023-08-02,2023-06-30,-0.21,USD
BDTX,Black Diamond Therapeutics Inc,2023-08-07,2023-06-30,-0.48,USD
BDX,Becton Dickinson And Company,2023-08-02,2023-06-30,2.9,USD
BE,Bloom Energy Corp - Class A,2023-08-07,2023-06-30,-0.12,USD
BEAM,Beam Therapeutics Inc,2023-08-07,2023-06-30,-1.42,USD
BEAT,HeartBeam Inc,2023-08-10,2023-06-30,-0.1867,USD
BEBE,BEBE,2023-09-01,2023-07-31,0,USD
BECN,Beacon Roofing Supply Inc - Class A,2023-08-02,2023-06-30,2.21,USD
BEDU,Bright Scholar Education Holdings Ltd,2023-08-05,2023-05-31,0,CNY
BEEM,Beam Global,2023-08-10,2023-06-30,-0.37,USD
BEKAY,BEKAY,2023-07-28,2023-06-30,0,EUR
BEKE,KE Holdings Inc,2023-08-21,2023-06-30,0.2,CNY
BELFA,Bel Fuse Inc - Class A,2023-07-25,2023-06-30,1.08,USD
BELFB,Bel Fuse Inc - Class B,2023-08-03,2023-06-30,1.08,USD
BEN,Franklin Resources Inc,2023-07-26,2023-06-30,0.6,USD
BEP,Brookfield Renewable Partners LP,2023-08-04,2023-06-30,-0.0065,USD
BEPC,Brookfield Renewable Corporation - Class A - Class A (Sub Voting),2023-08-03,2023-06-30,-0.07,USD
BERY,Berry Global Group Inc,2023-08-01,2023-06-30,2.01,USD
BESIY,BESIY,2023-07-27,2023-06-30,0.6562,EUR
BEST,BEST Inc,2023-08-15,2023-06-30,,CNY
BEVFF,BEVFF,2023-08-10,2023-06-30,,CAD
BEVVF,BEVVF,2023-08-28,2023-06-30,,CAD
BEWFF,BEWFF,2023-08-22,2023-06-30,,CAD
BF-A,Brown-Forman Corp - Class A,2023-08-30,2023-07-31,0.5302,USD
BF-B,Brown-Forman Corp - Class B,2023-08-29,2023-07-31,0.53,USD
BFAM,Bright Horizons Family Solutions Inc,2023-07-31,2023-06-30,0.6,USD
BFC,Bank First Corp,2023-07-17,2023-06-30,1.41,USD
BFH,Bread Financial Holdings Inc,2023-07-26,2023-06-30,0.13,USD
BFI,BurgerFi International Inc,2023-08-09,2023-05-31,-0.21,USD
BFIN,Bankfinancial Corp,2023-07-27,2023-06-30,0.26,USD
BFK,BlackRock Municipal Income Trust,2023-07-03,2023-04-30,,USD
BFLBY,BFLBY,2023-08-14,2023-06-30,0.1403,EUR
BFLY,Butterfly Network Inc - Class A,2023-08-01,2023-06-30,-0.16,USD
BFNH,BFNH,2023-08-18,2023-06-30,0,USD
BFRI,Biofrontera Inc,2023-08-11,2023-06-30,-0.22,USD
BFS,Saul Centers Inc,2023-08-02,2023-06-30,,USD
BFST,Business First Bancshares Inc,2023-07-24,2023-06-30,0.53,USD
BG,Bunge Ltd,2023-07-25,2023-06-30,2.73,USD
BGAOY,BGAOY,2023-07-28,2023-06-30,0.0651,EUR
BGAVF,BGAVF,2023-06-26,2023-04-30,,USD
BGCP,BGC Partners Inc - Class A,2023-08-01,2023-06-30,0.19,USD
BGFV,Big 5 Sporting Goods Corp,2023-07-31,2023-06-30,-0.03,USD
BGI,Birks Group Inc - Class A,2023-08-11,2023-06-30,0,CAD
BGMD,BGMD,2023-08-14,2023-06-30,0,USD
BGNE,BeiGene Ltd,2023-08-25,2023-06-30,-3.45,USD
BGRY,Berkshire Grey Inc - Class A,2023-08-09,2023-06-30,-0.13,USD
BGS,B&G Foods Inc,2023-08-02,2023-06-30,0.1,USD
BGSF,BGSF Inc,2023-08-01,2023-06-30,0.19,USD
BH,Biglari Holdings Inc - Class B,2023-08-04,2023-06-30,0,USD
BH-A,Biglari Holdings Inc - Class A,2023-08-03,2023-06-30,,USD
BHAT,Blue Hat Interactive Entertainment Technology,2023-07-27,2023-06-30,,USD
BHB,Bar Harbor Bankshares Inc,2023-07-20,2023-06-30,0.765,USD
BHC,Bausch Health Companies Inc,2023-08-07,2023-06-30,0.73,USD
BHE,Benchmark Electronics Inc,2023-08-01,2023-06-30,0.47,USD
BHF,Brighthouse Financial Inc,2023-08-02,2023-06-30,3.72,USD
BHG,Bright Health Group Inc,2023-08-01,2023-06-30,-0.0761,USD
BHIL,Benson Hill Inc,2023-08-07,2023-06-30,-0.17,USD
BHKLY,BHKLY,2023-08-29,2023-06-30,0,HKD
BHLB,Berkshire Hills Bancorp Inc,2023-07-18,2023-06-30,0.59,USD
BHP,BHP Group Ltd,2023-08-21,2023-06-30,3.08,USD
BHPLF,BHPLF,2023-08-21,2023-06-30,1.54,USD
BHR,Braemar Hotels & Resorts Inc,2023-08-01,2023-06-30,-0.26,USD
BHVN,Biohaven Ltd,2023-08-30,2023-06-30,-1.18,USD
BIAF,BioAffinity Technologies Inc,2023-08-30,2023-06-30,-0.26,USD
BIBLF,BIBLF,2023-09-06,2023-07-31,,USD
BICX,BICX,2023-08-14,2023-06-30,,USD
BIDU,Baidu Inc,2023-08-28,2023-06-30,2.44,CNY
BIG,Big Lots Inc,2023-08-28,2023-07-31,-3.79,USD
BIGC,BigCommerce Holdings Inc Series 1,2023-08-02,2023-06-30,-0.09,USD
BIIAF,BIIAF,2023-08-10,2023-06-30,,CAD
BIIB,Biogen Inc,2023-07-18,2023-06-30,3.75,USD
BILI,Bilibili Inc,2023-09-06,2023-06-30,-0.35,CNY
BILL,BILL Holdings Inc,2023-08-16,2023-06-30,0.41,USD
BIMI,BIMI International Medical Inc,2023-08-21,2023-06-30,,USD
BIO,Bio-Rad Laboratories Inc - Class A,2023-07-26,2023-06-30,2.68,USD
BIO-B,Bio-Rad Laboratories Inc - Class B,2023-07-27,2023-06-30,2.65,USD
BIOC,Biocept Inc,2023-08-14,2023-06-30,0,USD
BIOL,Biolase Inc,2023-08-09,2023-06-30,-0.05,USD
BIOQ,BIOQ,2023-09-18,2023-08-31,,USD
BIOR,Biora Therapeutics Inc,2023-08-14,2023-06-30,,USD
BIOX,Bioceres Crop Solutions Corp,2023-09-06,2023-06-30,0.07,USD
BIOYF,BIOYF,2023-08-21,2023-06-30,,CAD
BIP,Brookfield Infrastructure Partners L.P,2023-08-01,2023-06-30,0.11,USD
BIPC,Brookfield Infrastructure Corp - Class A (Subordinate Share),2023-08-01,2023-06-30,,USD
BIRD,Allbirds Inc Class A,2023-08-07,2023-06-30,-0.2202,USD
BIRDF,BIRDF,2023-08-07,2023-06-30,,CAD
BIREF,BIREF,2023-08-08,2023-06-30,,CAD
BIRMF,BIRMF,2023-08-21,2023-06-30,,CAD
BITF,Bitfarms Ltd,2023-08-14,2023-06-30,-0.06,USD
BJ,BJ`s Wholesale Club Holdings Inc,2023-08-16,2023-07-31,0.91,USD
BJCHY,BJCHY,2023-08-31,2023-06-30,0,CNY
BJDX,Bluejay Diagnostics Inc,2023-07-25,2023-06-30,-0.08,USD
BJRI,BJ`s Restaurant Inc,2023-07-19,2023-06-30,0.33,USD
BK,Bank Of New York Mellon Corp,2023-07-18,2023-06-30,1.23,USD
BKBEF,BKBEF,2023-08-08,2023-06-30,,CAD
BKBLF,BKBLF,2023-06-26,2023-03-31,,CAD
BKCC,BlackRock Capital Investment Corp,2023-08-01,2023-06-30,0.11,USD
BKD,Brookdale Senior Living Inc,2023-08-07,2023-06-30,-0.24,USD
BKE,Buckle Inc,2023-08-17,2023-07-31,0.72,USD
BKESY,BKESY,2023-08-03,2023-06-30,0,EUR
BKH,Black Hills Corporation,2023-08-01,2023-06-30,0.39,USD
BKHYY,BKHYY,2023-08-17,2023-06-30,0,ILS
BKI,Black Knight Inc - Class A,2023-08-02,2023-06-30,0.5,USD
BKIRF,BKIRF,2023-07-31,2023-06-30,,USD
BKKT,Bakkt Holdings Inc - Class A,2023-08-11,2023-06-30,-0.2,USD
BKNG,Booking Holdings Inc,2023-08-01,2023-06-30,28.6,USD
BKNIY,BKNIY,2023-07-27,2023-06-30,0.257,EUR
BKOR,BKOR,2023-07-20,2023-06-30,,USD
BKR,Baker Hughes Co - Class A,2023-07-19,2023-06-30,0.33,USD
BKRKY,BKRKY,2023-08-29,2023-06-30,0.3202,IDR
BKRRF,BKRRF,2023-06-27,2023-04-30,,CAD
BKSC,Bank Of South Carolina Corp,2023-07-12,2023-06-30,,USD
BKSY,BlackSky Technology Inc - Class A,2023-08-09,2023-06-30,-0.1134,USD
BKTI,BK Technologies Corp,2023-08-09,2023-06-30,,USD
BKU,BankUnited Inc,2023-07-19,2023-06-30,0.78,USD
BKYI,Bio-Key International Inc,2023-08-10,2023-06-30,-0.23,USD
BL,BlackLine Inc,2023-08-02,2023-06-30,0.29,USD
BLBD,Blue Bird Corp,2023-08-08,2023-06-30,0.25,USD
BLBX,Blackboxstocks Inc,2023-08-14,2023-06-30,-0.24,USD
BLCM,BLCM,2023-08-09,2023-06-30,-0.29,USD
BLCO,Bausch + Lomb Corp,2023-08-03,2023-06-30,0.155,USD
BLD,TopBuild Corp,2023-07-31,2023-06-30,4.39,USD
BLDE,Blade Air Mobility Inc - Class A,2023-08-07,2023-06-30,-0.14,USD
BLDP,Ballard Power Systems Inc,2023-08-07,2023-06-30,-0.13,USD
BLDR,Builders Firstsource Inc,2023-07-31,2023-06-30,2.46,USD
BLFS,Biolife Solutions Inc,2023-08-07,2023-06-30,-0.19,USD
BLFY,Blue Foundry Bancorp,2023-07-21,2023-06-30,-0.11,USD
BLGO,BLGO,2023-08-15,2023-06-30,,USD
BLI,BLI,2023-08-07,2023-06-30,-0.2457,USD
BLIAQ,BLIAQ,2023-08-11,2023-06-30,0,USD
BLIBQ,BLIBQ,2023-08-11,2023-07-31,0,USD
BLIN,Bridgeline Digital Inc,2023-08-09,2023-06-30,-0.07,USD
BLK,Blackrock Inc,2023-07-13,2023-06-30,8.45,USD
BLKB,Blackbaud Inc,2023-07-31,2023-06-30,0.93,USD
BLKCF,BLKCF,2023-07-27,2023-04-30,0,CAD
BLKLF,BLKLF,2023-09-12,2023-07-31,,CAD
BLMN,Bloomin Brands Inc,2023-07-27,2023-06-30,0.65,USD
BLND,Blend Labs Inc - Class A,2023-08-14,2023-06-30,-0.13,USD
BLNK,Blink Charging Company,2023-08-07,2023-06-30,-0.48,USD
BLPH,Bellerophon Therapeutics Inc,2023-08-14,2023-06-30,-0.43,USD
BLRX,Bioline Rx Ltd,2023-08-15,2023-06-30,-0.16,USD
BLTE,Belite Bio Inc,2023-08-09,2023-06-30,-0.18,USD
BLU,Bellus Health Inc,2023-08-08,2023-06-30,-0.24,USD
BLUE,Bluebird bio Inc,2023-08-02,2023-06-30,-0.74,USD
BLX,Banco Latinoamericano De Comercio Exterior SA - Class E,2023-08-01,2023-06-30,0.82,USD
BLZE,Backblaze Inc - Class A,2023-08-07,2023-06-30,-0.42,USD
BMA,Banco Macro S.A.,2023-08-23,2023-06-30,1.13,USD
BMBL,Bumble Inc - Class A,2023-08-08,2023-06-30,0.04,USD
BMEA,Biomea Fusion Inc,2023-08-09,2023-06-30,-0.8751,USD
BMI,Badger Meter Inc,2023-07-18,2023-06-30,0.64,USD
BMNM,BMNM,2023-08-09,2023-06-30,,USD
BMO,Bank of Montreal,2023-08-29,2023-07-31,2.46,USD
BMRA,Biomerica Inc,2023-08-28,2023-05-31,0.04,USD
BMRC,Bank of Marin Bancorp,2023-07-24,2023-06-30,0.42,USD
BMRN,Biomarin Pharmaceutical Inc,2023-08-01,2023-06-30,0.24,USD
BMTLF,BMTLF,2023-08-25,2023-06-30,,CAD
BMTM,BMTM,2023-08-14,2023-06-30,,USD
BMTX,BM Technologies Inc - Class A,2023-08-14,2023-06-30,-0.23,USD
BMWYY,BMWYY,2023-08-03,2023-06-30,1.57,EUR
BMXI,BMXI,2023-08-02,2023-05-31,0.04,USD
BMY,Bristol-Myers Squibb Company,2023-07-27,2023-06-30,2.02,USD
BN,Brookfield Corporation - Class A,2023-08-10,2023-06-30,0.97,USD
BNCC,BNCC,2023-07-27,2023-06-30,,USD
BNDSY,BNDSY,2023-07-28,2023-06-30,0.1098,EUR
BNED,Barnes & Noble Education Inc,2023-06-27,2023-04-30,-0.6,USD
BNED,Barnes & Noble Education Inc,2023-08-29,2023-07-31,-0.8,USD
BNEFF,BNEFF,2023-08-07,2023-06-30,,CAD
BNET,BNET,2023-08-30,2023-06-30,-0.01,USD
BNFT,BNFT,2023-08-01,2023-06-30,,USD
BNGLF,BNGLF,2023-08-09,2023-06-30,,CAD
BNGO,Bionano Genomics Inc,2023-08-02,2023-06-30,-0.1,USD
BNKL,BNKL,2023-08-08,2023-06-30,,USD
BNL,Broadstone Net Lease Inc,2023-08-01,2023-06-30,0.16,USD
BNNHF,BNNHF,2023-07-25,2023-05-31,,USD
BNOX,Bionomics Ltd,2023-08-23,2023-06-30,-0.262,USD
BNPQY,BNPQY,2023-07-27,2023-06-30,1.12,EUR
BNR,Burning Rock Biotech Ltd,2023-08-02,2023-06-30,-1.86,CNY
BNRE,Brookfield Reinsurance Ltd (Exchangeable Shares Sub Voting) - Class A,2023-08-09,2023-06-30,0,USD
BNS,Bank Of Nova Scotia,2023-08-21,2023-07-31,1.38,CAD
BNSO,Bonso Electronics International,2023-08-15,2023-06-30,,USD
BNTC,Benitec Biopharma Inc,2023-08-31,2023-06-30,-0.19,USD
BNTX,BioNTech SE,2023-08-07,2023-06-30,-0.64,EUR
BOALY,BOALY,2023-08-10,2023-06-30,0,AUD
BOC,Boston Omaha Corp - Class A,2023-08-10,2023-06-30,-0.03,USD
BODY,Beachbody Company Inc (The) - Class A,2023-08-07,2023-06-30,-0.09,USD
BOH,Bank of Hawaii Corp,2023-07-24,2023-06-30,1.12,USD
BOKF,BOK Financial Corp,2023-07-25,2023-06-30,2.32,USD
BOLT,Bolt Biotherapeutics Inc,2023-08-08,2023-06-30,-0.49,USD
BONTQ,BONTQ,2023-08-17,2023-07-31,0,USD
BOOM,DMC Global Inc,2023-08-02,2023-06-30,0.42,USD
BOOT,Boot Barn Holdings Inc,2023-07-25,2023-06-30,0.82,USD
BORR,Borr Drilling Ltd,2023-08-31,2023-06-30,0.068,USD
BORT,BORT,2023-07-26,2023-06-30,,USD
BOSC,B.O.S. Better Online Solutions,2023-08-21,2023-06-30,,USD
BOTJ,Bank of James Financial Group Inc,2023-07-20,2023-06-30,,USD
BOTRF,BOTRF,2023-08-09,2023-06-30,0,HKD
BOTY,BOTY,2023-08-02,2023-06-30,0,USD
BOUYY,BOUYY,2023-07-28,2023-06-30,0.2046,EUR
BOWFF,BOWFF,2023-08-07,2023-06-30,,CAD
BOWL,Bowlero Corp - Class A,2023-09-15,2023-06-30,0.02,USD
BOX,Box Inc - Class A,2023-08-22,2023-07-31,0.35,USD
BOXD,BOXD,2023-08-07,2023-06-30,-0.27,USD
BOXDQ,BOXDQ,2023-08-07,2023-06-30,-0.27,USD
BOXL,Boxlight Corporation - Class A,2023-08-09,2023-06-30,-0.19,USD
BP,BP plc,2023-08-01,2023-06-30,1.3,USD
BPCP,BPCP,2023-09-12,2023-06-30,,USD
BPHLY,BPHLY,2023-08-02,2023-06-30,0.8923,PHP
BPIRY,BPIRY,2023-07-31,2023-06-30,0.1436,EUR
BPMC,Blueprint Medicines Corp,2023-07-31,2023-06-30,-2.56,USD
BPOP,Popular Inc,2023-07-26,2023-06-30,1.79,USD
BPRN,Princeton Bancorp Inc,2023-07-19,2023-06-30,,USD
BPT,BP Prudhoe Bay Royalty Trust,2023-08-07,2023-06-30,0,USD
BPTH,Bio-Path Holdings Inc,2023-08-14,2023-06-30,-0.44,USD
BQ,Boqii Holding Ltd,2023-06-27,2023-03-31,-0.45,CNY
BQ,Boqii Holding Ltd,2023-09-13,2023-06-30,-2.04,CNY
BR,Broadridge Financial Solutions Inc,2023-08-10,2023-06-30,3.11,USD
BRAG,Bragg Gaming Group Inc,2023-08-07,2023-06-30,0.01,EUR
BRAXF,BRAXF,2023-07-27,2023-06-30,,USD
BRBMF,BRBMF,2023-08-14,2023-06-30,,CAD
BRBR,Bellring Brands Inc,2023-08-03,2023-06-30,0.3232,USD
BRBS,Blue Ridge Bankshares Inc (VA),2023-07-26,2023-06-30,,USD
BRBW,BRBW,2023-07-18,2023-06-30,,USD
BRC,Brady Corp - Class A,2023-08-30,2023-07-31,0.93,USD
BRCC,BRC Inc - Class A,2023-08-10,2023-06-30,-0.054,USD
BRCNF,BRCNF,2023-08-14,2023-06-30,,CAD
BRCTF,BRCTF,2023-07-10,2023-06-30,,SEK
BRDCY,BRDCY,2023-08-09,2023-06-30,0.4643,JPY
BRDG,Bridge Investment Group Holdings Inc - Class A,2023-08-07,2023-06-30,0.22,USD
BRDS,Bird Global Inc - Class A,2023-08-16,2023-06-30,-0.05,USD
BREUF,BREUF,2023-08-07,2023-06-30,,CAD
BRFH,Barfresh Food Group Inc,2023-07-26,2023-06-30,-0.06,USD
BRFS,BRF S.A.,2023-08-08,2023-06-30,-0.059,BRL
BRGO,BRGO,2023-08-10,2023-06-30,0,USD
BRK-A,Berkshire Hathaway Inc - Class A,2023-08-04,2023-06-30,5546.49,USD
BRK-B,Berkshire Hathaway Inc - Class B,2023-08-07,2023-06-30,3.72,USD
BRKCF,BRKCF,2023-07-27,2023-06-30,,USD
BRKL,Brookline Bancorp Inc,2023-07-25,2023-06-30,0.3,USD
BRKR,Bruker Corp,2023-08-01,2023-06-30,0.48,USD
BRLGF,BRLGF,2023-08-21,2023-06-30,,CAD
BRLI,Brilliant Acquisition Corp,2023-08-18,2023-06-30,,USD
BRLT,Brilliant Earth Group Inc Class A,2023-08-10,2023-06-30,0.0457,USD
BRLXF,BRLXF,2023-08-01,2023-06-30,,CAD
BRMK,Broadmark Realty Capital Inc,2023-08-07,2023-06-30,0.09,USD
BRN,Barnwell Industries Inc,2023-08-10,2023-06-30,,USD
BRO,Brown & Brown Inc,2023-07-24,2023-06-30,0.59,USD
BROS,Dutch Bros Inc - Class A,2023-08-14,2023-06-30,0.0589,USD
BRP,BRP Group Inc - Class A,2023-08-07,2023-06-30,0.26,USD
BRPHF,BRPHF,2023-08-16,2023-06-30,-0.145,USD
BRQS,Borqs Technologies Inc,2023-08-15,2023-06-30,0,USD
BRRAY,BRRAY,2023-08-30,2023-06-30,0,ZAR
BRRE,BRRE,2023-09-12,2023-07-31,,USD
BRSP,BrightSpire Capital Inc - Class A,2023-08-01,2023-06-30,0.24,USD
BRST,BRST,2023-08-15,2023-06-30,,USD
BRT,BRT Apartments Corp,2023-08-07,2023-06-30,0.65,USD
BRTHY,BRTHY,2023-08-04,2023-06-30,0.6871,USD
BRTX,BioRestorative Therapies Inc,2023-08-30,2023-06-30,-1.55,USD
BRX,Brixmor Property Group Inc,2023-07-31,2023-06-30,0.21,USD
BRY,Berry Corp,2023-08-01,2023-06-30,0.01,USD
BRYFF,BRYFF,2023-08-14,2023-06-30,,CAD
BRZE,Braze Inc - Class A,2023-09-12,2023-07-31,-0.1371,USD
BSAC,Banco Santander Chile SA,2023-07-27,2023-06-30,0.3593,CLP
BSBK,Bogota Financial Corp,2023-07-25,2023-06-30,0.09,USD
BSBR,Banco Santander (Brasil) S.A.,2023-07-26,2023-06-30,0.1491,BRL
BSEFY,BSEFY,2023-08-04,2023-06-30,0,USD
BSEM,BSEM,2023-08-22,2023-06-30,-0.02,USD
BSET,Bassett Furniture Industries Inc,2023-06-28,2023-05-31,0.05,USD
BSFC,Blue Star Foods Corp,2023-08-14,2023-06-30,-0.02,USD
BSFO,BSFO,2023-08-01,2023-06-30,,USD
BSGM,Biosig Technologies Inc,2023-07-28,2023-06-30,-0.1,USD
BSIG,BrightSphere Investment Group Inc,2023-07-26,2023-06-30,0.3,USD
BSM,Black Stone Minerals L.P.,2023-07-31,2023-06-30,0.4,USD
BSMX,Banco Santander Mexico S.A.,2023-07-27,2023-06-30,0.2561,MXN
BSPM,BSPM,2023-08-22,2023-06-30,0,USD
BSQR,BSquare Corp,2023-08-09,2023-06-30,,USD
BSRR,Sierra Bancorp,2023-07-24,2023-06-30,0.59,USD
BSRTF,BSRTF,2023-08-07,2023-06-30,,USD
BSTG,BSTG,2023-08-02,2023-06-30,,USD
BSTHY,BSTHY,2023-08-30,2023-06-30,0,MYR
BSVN,Bank7 Corp,2023-07-25,2023-06-30,0.97,USD
BSX,Boston Scientific Corp,2023-07-25,2023-06-30,0.49,USD
BSY,Bentley Systems Inc - Class B,2023-08-07,2023-06-30,0.19,USD
BSYI,BSYI,2023-08-14,2023-06-30,0,CAD
BTAI,BioXcel Therapeutics Inc,2023-08-07,2023-06-30,-1.7,USD
BTBIF,BTBIF,2023-08-07,2023-06-30,,CAD
BTBT,Bit Digital Inc,2023-08-28,2023-06-30,-0.11,USD
BTCM,BIT Mining Ltd,2023-08-10,2023-06-30,,USD
BTCS,BTCS Inc,2023-08-10,2023-06-30,-0.06,USD
BTCWF,BTCWF,2023-08-29,2023-06-30,,CAD
BTCY,Biotricity Inc,2023-07-12,2023-06-30,-0.07,USD
BTDG,BTDG,2023-06-29,2023-03-31,,USD
BTDG,BTDG,2023-08-13,2023-06-30,,USD
BTE,BTE,2023-07-27,2023-06-30,0.09,CAD
BTEGF,BTEGF,2023-07-27,2023-06-30,,CAD
BTG,B2gold Corp,2023-08-01,2023-06-30,0.07,USD
BTI,British American Tobacco Plc,2023-07-26,2023-06-30,0,GBP
BTLCY,BTLCY,2023-08-03,2023-06-30,0,GBP
BTMD,biote Corp - Class A,2023-08-08,2023-06-30,0.105,USD
BTQNF,BTQNF,2023-08-23,2023-06-30,,CAD
BTRS,BTRS,2023-08-07,2023-06-30,,USD
BTTR,Better Choice Company Inc,2023-08-09,2023-06-30,-0.05,USD
BTTX,Better Therapeutics Inc,2023-08-09,2023-06-30,-0.31,USD
BTU,Peabody Energy Corp New,2023-07-26,2023-06-30,1.88,USD
BTVCY,BTVCY,2023-07-27,2023-06-30,0,USD
BTVRD,BTVRD,2023-06-27,2023-04-30,,CAD
BTVRF,BTVRF,2023-06-27,2023-04-30,,USD
BTWN,Bridgetown Holdings Ltd - Class A,2023-08-11,2023-06-30,,USD
BUD,Anheuser-Busch In Bev SA/NV,2023-08-03,2023-06-30,0.7491,USD
BUDZ,BUDZ,2023-08-19,2023-06-30,,USD
BUKS,BUKS,2023-07-13,2023-04-30,,USD
BUKS,BUKS,2023-09-14,2023-07-31,,USD
BUR,Burford Capital Ltd,2023-08-08,2023-06-30,0.3,USD
BURBY,BURBY,2023-07-14,2023-06-30,0,GBP
BURCA,BURCA,2023-07-19,2023-06-30,,USD
BURL,Burlington Stores Inc,2023-08-23,2023-07-31,0.42,USD
BUSE,First Busey Corp,2023-07-24,2023-06-30,0.56,USD
BV,BrightView Holdings Inc,2023-08-02,2023-06-30,0.39,USD
BVH,Bluegreen Vacations Holding Corporation - Class A,2023-08-01,2023-06-30,1.07,USD
BVN,Compania de Minas Buenaventura S.A.,2023-07-26,2023-06-30,0.2,USD
BVS,Bioventus Inc - Class A,2023-08-09,2023-06-30,0.03,USD
BW,Babcock & Wilcox Enterprises Inc,2023-08-07,2023-06-30,-0.07,USD
BWA,BorgWarner Inc,2023-08-01,2023-06-30,1.21,USD
BWAY,Brainsway Ltd,2023-08-28,2023-06-30,-0.0817,USD
BWB,Bridgewater Bancshares Inc,2023-07-26,2023-06-30,0.31,USD
BWCGF,BWCGF,2023-06-24,2023-04-30,,CAD
BWCGF,BWCGF,2023-09-20,2023-07-31,,CAD
BWEN,Broadwind Inc,2023-08-07,2023-06-30,0.01,USD
BWFG,Bankwell Financial Group Inc,2023-07-25,2023-06-30,0.86,USD
BWLKF,BWLKF,2023-06-28,2023-03-31,,USD
BWLKF,BWLKF,2023-08-16,2023-06-30,,USD
BWMG,BWMG,2023-08-21,2023-06-30,,USD
BWMN,Bowman Consulting Group Ltd,2023-08-10,2023-06-30,0.16,USD
BWMX,Betterware de Mexico S.A.P.I. de C.V,2023-07-26,2023-06-30,0.36,MXN
BWTL,BWTL,2023-06-26,2023-04-30,,USD
BWTL,BWTL,2023-09-18,2023-07-31,,USD
BWV,Blue Water Biotech Inc,2023-08-14,2023-06-30,-0.155,USD
BWXT,BWX Technologies Inc,2023-08-07,2023-06-30,0.59,USD
BX,Blackstone Inc,2023-07-19,2023-06-30,0.94,USD
BXBLY,BXBLY,2023-08-30,2023-06-30,0,USD
BXC,Bluelinx Hldgs Inc,2023-07-31,2023-06-30,3.22,USD
BXLC,BXLC,2023-08-09,2023-06-30,0,USD
BXMT,Blackstone Mortgage Trust Inc - Class A,2023-07-25,2023-06-30,0.66,USD
BXP,Boston Properties Inc,2023-07-24,2023-06-30,0.59,USD
BXRX,Baudax Bio Inc,2023-08-09,2023-06-30,-2.04,USD
BXSL,Blackstone Secured Lending Fund.,2023-08-07,2023-06-30,0.99,USD
BY,Byline Bancorp Inc,2023-07-26,2023-06-30,0.59,USD
BYD,Boyd Gaming Corp,2023-07-24,2023-06-30,1.68,USD
BYDDF,BYDDF,2023-08-30,2023-06-30,-0.0624,CNY
BYDDY,BYDDY,2023-08-30,2023-06-30,-0.1247,CNY
BYDGF,BYDGF,2023-08-08,2023-06-30,,USD
BYFC,Broadway Financial Corp,2023-08-07,2023-06-30,,USD
BYLTF,BYLTF,2023-08-08,2023-06-30,,CAD
BYND,Beyond Meat Inc,2023-08-02,2023-06-30,-0.86,USD
BYOC,BYOC,2023-08-10,2023-06-30,,USD
BYRN,Byrna Technologies Inc,2023-07-11,2023-05-31,0.01,USD
BYSI,BeyondSpring Inc,2023-09-08,2023-06-30,-0.78,USD
BZAMF,BZAMF,2023-08-28,2023-06-30,,CAD
BZDLF,BZDLF,2023-08-09,2023-06-30,,CAD
BZFD,BuzzFeed Inc - Class A,2023-08-07,2023-06-30,-0.13,USD
BZH,Beazer Homes USA Inc,2023-07-26,2023-06-30,0.88,USD
BZLFY,BZLFY,2023-08-29,2023-06-30,0.15,GBP
BZQIY,BZQIY,2023-08-23,2023-06-30,0,ILS
BZUN,Baozun Inc,2023-08-21,2023-06-30,-0.03,CNY
BZZUY,BZZUY,2023-08-03,2023-06-30,0,EUR
C,Citigroup Inc,2023-07-14,2023-06-30,1.58,USD
CAAP,Corporacion America Airports S.A.,2023-08-16,2023-06-30,0.2,USD
CAAS,China Automotive Systems Inc,2023-08-10,2023-06-30,0.11,USD
CABA,Cabaletta Bio Inc,2023-08-09,2023-06-30,-0.46,USD
CABGY,CABGY,2023-08-16,2023-06-30,0.5875,DKK
CABO,Cable One Inc,2023-08-02,2023-06-30,12.77,USD
CAC,Camden National Corp,2023-07-24,2023-06-30,0.83,USD
CACC,Credit Acceptance Corp,2023-07-31,2023-06-30,8.18,USD
CACH,CACH,2023-08-15,2023-06-30,0,USD
CACI,Caci International Inc,2023-08-08,2023-06-30,4.89,USD
CADE,Cadence Bancorporation - Class A,2023-07-24,2023-06-30,0.67,USD
CADL,Candel Therapeutics Inc,2023-09-06,2023-06-30,-0.3386,USD
CADNF,CADNF,2023-08-03,2023-06-30,,CAD
CAE,Cae Inc,2023-08-08,2023-06-30,0.16,CAD
CAFZF,CAFZF,2023-06-26,2023-04-30,,USD
CAG,Conagra Brands Inc,2023-07-13,2023-05-31,0.6,USD
CAH,Cardinal Health Inc,2023-08-09,2023-06-30,1.49,USD
CAHO,CAHO,2023-07-23,2023-06-30,,USD
CAJ,CAJ,2023-07-26,2023-06-30,0.4901,JPY
CAJPY,CAJPY,2023-07-26,2023-06-30,0.5096,JPY
CAKFY,CAKFY,2023-06-23,2023-03-31,0,EUR
CAKFY,CAKFY,2023-07-27,2023-06-30,0,EUR
CAL,Caleres Inc,2023-08-21,2023-07-31,0.86,USD
CALA,CALA,2023-08-14,2023-06-30,-0.28,USD
CALB,California Bancorp,2023-07-26,2023-06-30,0.6,USD
CALC,CalciMedica Inc,2023-08-09,2023-06-30,-1.04,USD
CALIQ,CALIQ,2023-08-14,2023-06-30,0,USD
CALM,Cal-Maine Foods Inc,2023-07-17,2023-05-31,3.11,USD
CALT,Calliditas Therapeutics AB,2023-08-17,2023-06-30,-0.254,SEK
CALX,Calix Inc,2023-07-24,2023-06-30,0.31,USD
CAMP,Calamp Corp,2023-06-23,2023-05-31,0.04,USD
CAMP,Calamp Corp,2023-09-20,2023-08-31,0.066,USD
CAMT,Camtek Ltd,2023-07-25,2023-06-30,0.42,USD
CAN,Canaan Inc,2023-08-01,2023-06-30,-0.13,CNY
CANG,Cango Inc,2023-08-28,2023-06-30,0.65,CNY
CANO,Cano Health Inc - Class A,2023-08-07,2023-06-30,-0.11,USD
CAPL,CrossAmerica Partners LP,2023-08-07,2023-06-30,0.18,USD
CAPR,Capricor Therapeutics Inc,2023-08-08,2023-06-30,-0.35,USD
CAPS,CAPS,2023-08-10,2023-06-30,0,USD
CAR,Avis Budget Group Inc,2023-07-31,2023-06-30,9.39,USD
CARA,Cara Therapeutics Inc,2023-08-07,2023-06-30,-0.53,USD
CARE,Carter Bankshares Inc,2023-07-27,2023-06-30,0.6252,USD
CARG,CarGurus Inc - Class A,2023-08-07,2023-06-30,0.23,USD
CARM,Carisma Therapeutics Inc,2023-08-07,2023-06-30,-0.6,USD
CARR,Carrier Global Corp,2023-07-26,2023-06-30,0.77,USD
CARS,Cars.com,2023-08-01,2023-06-30,0.09,USD
CARV,Carver Bancorp Inc,2023-07-12,2023-06-30,0,USD
CASA,Casa Systems Inc,2023-08-02,2023-06-30,-0.11,USD
CASH,Pathward Financial Inc,2023-07-25,2023-06-30,1.46,USD
CASI,CASI Pharmaceuticals Inc,2023-08-10,2023-06-30,-0.5,USD
CASS,Cass Information Systems Inc,2023-07-12,2023-06-30,0.67,USD
CASY,Casey`s General Stores Inc,2023-09-05,2023-07-31,3.44,USD
CAT,Caterpillar Inc,2023-07-31,2023-06-30,4.59,USD
CATC,Cambridge Bancorp,2023-07-17,2023-06-30,1.18,USD
CATO,Cato Corp - Class A,2023-08-16,2023-07-31,,USD
CATY,Cathay General Bancorp,2023-07-24,2023-06-30,1.17,USD
CAWLF,CAWLF,2023-07-27,2023-06-30,,CAD
CAWW,CAWW,2023-07-13,2023-05-31,,USD
CB,Chubb Ltd,2023-07-24,2023-06-30,4.57,USD
CBAN,Colony Bankcorp Inc,2023-07-19,2023-06-30,0.31,USD
CBAT,CBAK Energy Technology Inc,2023-08-14,2023-06-30,,USD
CBAY,Cymabay Therapeutics Inc,2023-08-09,2023-06-30,-0.19,USD
CBD,Cia Brasileira De Distr-pao De Acucar ADR (),2023-07-24,2023-06-30,-0.0448,USD
CBDS,CBDS,2023-08-22,2023-06-30,,USD
CBFV,CB Financial Services Inc,2023-07-26,2023-06-30,0.67,USD
CBIO,Catalyst Biosciences Inc,2023-08-14,2023-06-30,-0.07,USD
CBKCQ,CBKCQ,2023-09-14,2023-07-31,0,USD
CBKM,CBKM,2023-08-02,2023-06-30,0,USD
CBL,CBL& Associates Properties Inc - New,2023-08-14,2023-06-30,,USD
CBLRF,CBLRF,2023-08-09,2023-06-30,0,USD
CBNK,Capital Bancorp Inc,2023-07-18,2023-06-30,0.55,USD
CBNT,CBNT,2023-08-14,2023-06-30,,USD
CBOE,Cboe Global Markets Inc,2023-08-04,2023-06-30,1.75,USD
CBRE,CBRE Group Inc - Class A,2023-08-02,2023-06-30,0.89,USD
CBRI,CBRI,2023-08-03,2023-06-30,0,USD
CBSH,Commerce Bancshares Inc,2023-07-19,2023-06-30,0.94,USD
CBT,Cabot Corp,2023-08-07,2023-06-30,1.62,USD
CBTTF,CBTTF,2023-08-24,2023-06-30,,CAD
CBU,Community Bank System Inc,2023-07-24,2023-06-30,0.86,USD
CBUS,Cibus Global Ltd. Class A,2023-08-02,2023-06-30,-0.3,USD
CBUTF,CBUTF,2023-08-22,2023-06-30,,CAD
CBWBF,CBWBF,2023-08-24,2023-07-31,,USD
CBWTF,CBWTF,2023-08-14,2023-06-30,,CAD
CBYDF,CBYDF,2023-08-22,2023-06-30,,CAD
CBZ,Cbiz Inc,2023-07-26,2023-06-30,0.64,USD
CC,Chemours Company,2023-07-26,2023-06-30,1.09,USD
CCAP,Crescent Capital BDC Inc,2023-08-08,2023-06-30,0.53,USD
CCB,Coastal Financial Corp,2023-07-25,2023-06-30,0.98,USD
CCBC,CCBC,2023-07-20,2023-06-30,,USD
CCBG,Capital City Bank Group Inc,2023-07-24,2023-06-30,0.87,USD
CCCC,C4 Therapeutics Inc,2023-08-02,2023-06-30,-0.69,USD
CCCS,CCC Intelligent Solutions Holdings Inc,2023-08-10,2023-06-30,0.0682,USD
CCDBF,CCDBF,2023-08-08,2023-06-30,,CAD
CCEL,Cryo-Cell International Inc,2023-07-10,2023-05-31,-0.08,USD
CCEP,Coca-Cola Europacific Partners Plc,2023-08-03,2023-06-30,0.97,EUR
CCF,Chase Corp,2023-07-10,2023-05-31,,USD
CCGM,CCGM,2023-08-30,2023-06-30,0,USD
CCGY,CCGY,2023-08-14,2023-06-30,0,USD
CCHWF,CCHWF,2023-08-14,2023-06-30,-0.06,USD
CCI,Crown Castle Inc,2023-07-18,2023-06-30,1.05,USD
CCJ,Cameco Corp,2023-07-25,2023-06-30,0.11,USD
CCK,Crown Holdings Inc,2023-07-18,2023-06-30,1.65,USD
CCL,Carnival Corp (Paired Stock),2023-06-26,2023-05-31,-0.34,USD
CCLD,CareCloud Inc,2023-08-02,2023-06-30,-0.27,USD
CCLP,CSI Compressco LP,2023-08-07,2023-06-30,,USD
CCNB,CCNB,2023-07-24,2023-06-30,,USD
CCNCF,CCNCF,2023-08-01,2023-06-30,,CAD
CCNE,CNB Financial Corp (PA),2023-07-17,2023-06-30,0.61,USD
CCO,Clear Channel Outdoor Holdings Inc,2023-08-07,2023-06-30,-0.06,USD
CCOEY,CCOEY,2023-08-02,2023-06-30,0.4405,USD
CCOI,Cogent Communications Holdings Inc,2023-08-02,2023-06-30,0.02,USD
CCORF,CCORF,2023-08-02,2023-06-30,,CAD
CCOZY,CCOZY,2023-08-24,2023-06-30,1.23,CNY
CCPUF,CCPUF,2023-08-23,2023-06-30,0,CAD
CCRD,CoreCard Corporation - Class A,2023-08-01,2023-06-30,0.2,USD
CCRN,Cross Country Healthcares Inc,2023-08-01,2023-06-30,0.61,USD
CCS,Century Communities Inc,2023-07-25,2023-06-30,0.96,USD
CCSI,Consensus Cloud Solutions Inc,2023-08-08,2023-06-30,1.24,USD
CCU,Compania Cervecerias Unidas S.A.,2023-08-09,2023-06-30,-22.98,USD
CCUR,CCUR,2023-09-12,2023-06-30,0,USD
CD,Chindata Group Holdings Ltd,2023-08-23,2023-06-30,0.04,CNY
CDAK,CDAK,2023-08-02,2023-06-30,-0.2963,USD
CDAKQ,CDAKQ,2023-08-02,2023-06-30,-0.2963,USD
CDAY,Ceridian HCM Holding Inc,2023-08-01,2023-06-30,0.38,USD
CDDRF,CDDRF,2023-08-02,2023-06-30,,CAD
CDE,Coeur Mining Inc,2023-08-01,2023-06-30,-0.04,USD
CDEVY,CDEVY,2023-08-09,2023-06-30,0,SGD
CDIIQ,CDIIQ,2023-08-15,2023-06-30,0,USD
CDLX,Cardlytics Inc,2023-07-31,2023-06-30,-0.42,USD
CDMO,Avid Bioservices Inc,2023-09-04,2023-07-31,0.01,USD
CDNA,Caredx Inc,2023-08-02,2023-06-30,-0.31,USD
CDNAF,CDNAF,2023-08-09,2023-06-30,,CAD
CDNS,Cadence Design Systems Inc,2023-07-24,2023-06-30,1.18,USD
CDPYF,CDPYF,2023-08-08,2023-06-30,,CAD
CDRE,Cadre Holdings Inc,2023-08-09,2023-06-30,0.17,USD
CDRO,Codere Online Luxembourg S.A,2023-08-30,2023-06-30,,EUR
CDTI,CDTI,2023-08-16,2023-06-30,0,USD
CDTX,Cidara Therapeutics Inc,2023-08-07,2023-06-30,-0.13,USD
CDUAF,CDUAF,2023-07-26,2023-06-30,,CAD
CDVIQ,CDVIQ,2023-08-07,2023-06-30,0,USD
CDW,CDW Corp,2023-08-01,2023-06-30,2.34,USD
CDXC,Chromadex Corp,2023-08-08,2023-06-30,-0.04,USD
CDXFF,CDXFF,2023-08-24,2023-06-30,,CAD
CDXI,CDXI,2023-08-14,2023-06-30,0,USD
CDXS,Codexis Inc,2023-08-02,2023-06-30,-0.23,USD
CDZI,Cadiz Inc,2023-08-10,2023-06-30,-0.06,USD
CE,Celanese Corp - Series A,2023-07-26,2023-06-30,2.59,USD
CEAD,CEA Industries Inc,2023-08-09,2023-06-30,,USD
CECE,CECE,2023-08-07,2023-06-30,,USD
CECO,Ceco Environmental Corp,2023-08-07,2023-06-30,0.15,USD
CEFC,CEFC,2023-07-24,2023-06-30,,USD
CEG,Constellation Energy Corporation,2023-08-03,2023-06-30,0.8035,USD
CEIX,Consol Energy Inc,2023-08-02,2023-06-30,4.7,USD
CELC,Celcuity Inc,2023-08-09,2023-06-30,-0.6,USD
CELH,Celsius Holdings Inc,2023-08-07,2023-06-30,0.28,USD
CELJF,CELJF,2023-08-17,2023-06-30,0,ILS
CELL,PhenomeX Inc,2023-08-07,2023-06-30,-0.3,USD
CELU,Celularity Inc - Class A,2023-08-07,2023-06-30,-0.03,USD
CELZ,Creative Medical Technology Holdings Inc,2023-08-07,2023-06-30,-0.83,USD
CEMI,CEMI,2023-08-02,2023-06-30,,USD
CENT,Central Garden & Pet Company,2023-08-01,2023-06-30,1.47,USD
CENTA,Central Garden & Pet Co. - Class A,2023-08-02,2023-06-30,1.48,USD
CENX,Century Aluminum Company,2023-08-07,2023-06-30,0.01,USD
CEPU,Central Puerto,2023-08-14,2023-06-30,0,ARS
CEQP,Crestwood Equity Partners LP,2023-07-24,2023-06-30,0.38,USD
CERE,Cerevel Therapeutics Holdings Inc,2023-07-31,2023-06-30,-0.65,USD
CERGF,CERGF,2023-09-07,2023-06-30,,USD
CERS,Cerus Corp,2023-08-02,2023-06-30,-0.06,USD
CERT,Certara Inc,2023-08-07,2023-06-30,0.13,USD
CESDF,CESDF,2023-08-09,2023-06-30,,CAD
CETEF,CETEF,2023-08-14,2023-06-30,,CAD
CETX,Cemtrex Inc,2023-08-14,2023-06-30,-0.34,USD
CETY,Clean Energy Technologies Inc,2023-08-21,2023-06-30,,USD
CETYD,CETYD,2023-08-21,2023-06-30,,USD
CEV,Eaton Vance California Municipal Income Trust,2023-08-08,2023-05-31,0,USD
CEVA,Ceva Inc,2023-08-07,2023-06-30,0.07,USD
CF,CF Industries Holdings Inc,2023-08-02,2023-06-30,2.43,USD
CFB,Crossfirst Bankshares Inc,2023-07-17,2023-06-30,0.35,USD
CFBK,CF Bankshares Inc,2023-08-01,2023-06-30,0.61,USD
CFFI,C & F Financial Corp,2023-07-19,2023-06-30,,USD
CFFN,Capitol Federal Financial,2023-07-25,2023-04-30,0.06,USD
CFG,Citizens Financial Group Inc,2023-07-19,2023-06-30,1.06,USD
CFLT,Confluent Inc Class A,2023-08-01,2023-06-30,-0.06,USD
CFMS,Conformis Inc,2023-08-07,2023-06-30,-1.28,USD
CFNB,CFNB,2023-08-02,2023-06-30,0,USD
CFOK,CFOK,2023-08-07,2023-06-30,,USD
CFOO,CFOO,2023-08-15,2023-06-30,,USD
CFPUF,CFPUF,2023-07-26,2023-06-30,,CAD
CFPZF,CFPZF,2023-07-26,2023-06-30,,CAD
CFR,Cullen Frost Bankers Inc,2023-07-26,2023-06-30,2.43,USD
CFRX,ContraFect Corp,2023-08-14,2023-06-30,-1.81,USD
CFWFF,CFWFF,2023-07-24,2023-06-30,,CAD
CFXTF,CFXTF,2023-08-07,2023-06-30,,CAD
CG,Carlyle Group Inc (The),2023-07-26,2023-06-30,0.64,USD
CGA,China Green Agriculture Inc,2023-08-30,2023-06-30,0,USD
CGAU,Centerra Gold Inc,2023-08-08,2023-06-30,-0.02,USD
CGBD,Carlyle Secured Lending Inc,2023-08-07,2023-06-30,0.4698,USD
CGC,Canopy Growth Corporation,2023-08-03,2023-06-30,-0.1246,CAD
CGDXF,CGDXF,2023-07-28,2023-06-30,,USD
CGEAF,CGEAF,2023-07-13,2023-05-31,,USD
CGECF,CGECF,2023-07-13,2023-05-31,,USD
CGEM,Cullinan Oncology Inc,2023-08-08,2023-06-30,-0.97,USD
CGEMY,CGEMY,2023-07-28,2023-06-30,0,EUR
CGEN,Compugen Ltd,2023-08-02,2023-06-30,-0.12,USD
CGFEF,CGFEF,2023-08-24,2023-06-30,,CNY
CGGYY,CGGYY,2023-07-27,2023-06-30,0,USD
CGIP,CGIP,2023-09-01,2023-06-30,0,USD
CGJTF,CGJTF,2023-07-25,2023-06-30,,CAD
CGNX,Cognex Corp,2023-07-31,2023-06-30,0.28,USD
CGRN,Capstone Green Energy Corp,2023-08-09,2023-06-30,-0.115,USD
CGTX,Cognition Therapeutics Inc,2023-08-08,2023-06-30,-0.1898,USD
CGUSY,CGUSY,2023-07-27,2023-06-30,0,EUR
CGXEF,CGXEF,2023-08-07,2023-06-30,,USD
CHALF,CHALF,2023-08-21,2023-06-30,,USD
CHBAY,CHBAY,2023-08-04,2023-06-30,0.8875,JPY
CHCI,Comstock Holding Co. Inc - Class A,2023-08-14,2023-06-30,,USD
CHCJY,CHCJY,2023-08-30,2023-06-30,0.9206,CNY
CHCO,City Holding Company,2023-07-19,2023-06-30,1.92,USD
CHCT,Community Healthcare Trust Inc,2023-07-31,2023-06-30,0.21,USD
CHD,Church & Dwight Co. Inc,2023-07-27,2023-06-30,0.78,USD
CHDN,Churchill Downs Inc,2023-07-25,2023-06-30,2.65,USD
CHE,Chemed Corp,2023-07-25,2023-06-30,5.09,USD
CHEF,Chefs` Warehouse Inc,2023-07-25,2023-06-30,0.47,USD
CHEK,Check-Cap Ltd,2023-08-01,2023-06-30,-0.45,USD
CHFHY,CHFHY,2023-08-29,2023-06-30,0,USD
CHGG,Chegg Inc,2023-08-02,2023-06-30,0.28,USD
CHGS,CHGS,2023-08-14,2023-06-30,0,USD
CHH,Choice Hotels International Inc,2023-08-02,2023-06-30,1.69,USD
CHHHF,CHHHF,2023-08-14,2023-06-30,,CAD
CHK,Chesapeake Energy Corp - New,2023-07-31,2023-06-30,0.65,USD
CHKP,Check Point Software Technolgies,2023-07-31,2023-06-30,1.89,USD
CHKR,CHKR,2023-08-04,2023-06-30,0,USD
CHMG,Chemung Financial Corp,2023-07-19,2023-06-30,1.26,USD
CHMI,Cherry Hill Mortgage Investment Corporation,2023-08-01,2023-06-30,0.21,USD
CHNC,CHNC,2023-08-02,2023-05-31,0,USD
CHNGQ,CHNGQ,2023-08-17,2023-06-30,0,USD
CHPT,ChargePoint Holdings Inc - Class A,2023-08-07,2023-06-30,-0.16,USD
CHRA,CHRA,2023-08-14,2023-06-30,,USD
CHRD,Chord Energy Corp - New,2023-08-01,2023-06-30,4.83,USD
CHRRF,CHRRF,2023-08-02,2023-06-30,,CAD
CHRS,Coherus Biosciences Inc,2023-08-02,2023-06-30,-0.59,USD
CHRW,C.H. Robinson Worldwide Inc,2023-07-25,2023-06-30,0.99,USD
CHSCP,CHS Inc,2023-07-05,2023-05-31,,USD
CHSTY,CHSTY,2023-08-30,2023-06-30,0,CNY
CHT,Chunghwa Telecom,2023-07-28,2023-06-30,0.4043,TWD
CHTR,Charter Communications Inc - Class A,2023-07-27,2023-06-30,8.01,USD
CHUY,Chuy`s Holdings Inc,2023-08-02,2023-06-30,0.53,USD
CHVKF,CHVKF,2023-08-28,2023-06-30,,CNY
CHWWF,CHWWF,2023-08-02,2023-06-30,,CAD
CHWY,Chewy Inc - Class A,2023-08-28,2023-07-31,-0.05,USD
CHX,ChampionX Corporation,2023-07-24,2023-06-30,0.44,USD
CHYHY,CHYHY,2023-07-06,2023-05-31,0.1364,EUR
CI,Cigna Group (The),2023-08-02,2023-06-30,6.03,USD
CIA,Citizens Inc - Class A,2023-08-02,2023-06-30,,USD
CIB,Bancolombia S.A.,2023-08-10,2023-06-30,1.47,COP
CIBH,CIBH,2023-07-13,2023-06-30,,USD
CICHY,CICHY,2023-08-30,2023-06-30,1.07,CNY
CICOY,CICOY,2023-09-01,2023-06-30,0.1965,CNY
CIDM,CIDM,2023-06-26,2023-03-31,0.02,USD
CIDM,CIDM,2023-08-14,2023-06-30,-0.005,USD
CIEN,CIENA Corp,2023-08-30,2023-07-31,0.51,USD
CIFR,Cipher Mining Inc,2023-08-07,2023-06-30,-0.02,USD
CIG,Cia Energetica De Minas Gerais,2023-08-03,2023-06-30,0.05,USD
CIG-C,Cia Energetica De Minas Gerais,2023-08-03,2023-06-30,0.1,BRL
CIGI,Colliers International Group Inc,2023-08-01,2023-06-30,1.44,USD
CIH,CIH,2023-08-14,2023-06-30,,USD
CIM,Chimera Investment Corp,2023-08-02,2023-06-30,0.17,USD
CINF,Cincinnati Financial Corp,2023-07-25,2023-06-30,0.88,USD
CING,Cingulate Inc,2023-08-10,2023-06-30,-0.3533,USD
CINT,CI&T Inc Class A,2023-08-21,2023-06-30,0.08,BRL
CIO,City Office REIT Inc,2023-08-02,2023-06-30,-0.06,USD
CION,CION Invt Corp,2023-08-07,2023-06-30,0.45,USD
CIPI,CIPI,2023-08-07,2023-06-30,,USD
CISO,CISO Global Inc,2023-08-30,2023-06-30,-0.04,USD
CIVB,Civista Bancshares Inc,2023-07-26,2023-06-30,0.73,USD
CIVI,Civitas Resources Inc New,2023-08-01,2023-06-30,1.95,USD
CIX,Compx International Inc - Class A,2023-07-31,2023-06-30,,USD
CIXX,CIXX,2023-08-09,2023-06-30,0.594,USD
CIXXF,CIXXF,2023-08-09,2023-06-30,0.594,CAD
CIZN,Citizens Holding Company,2023-07-24,2023-06-30,,USD
CJCFF,CJCFF,2023-09-21,2023-07-31,,CAD
CJIMF,CJIMF,2023-08-14,2023-06-30,,CAD
CJJD,China Jo-Jo Drugstores Inc,2023-08-11,2023-06-30,0,USD
CJPRY,CJPRY,2023-07-28,2023-06-30,0.1102,USD
CJREF,CJREF,2023-06-29,2023-05-31,0.04,CAD
CKHUY,CKHUY,2023-08-03,2023-06-30,0,HKD
CKISY,CKISY,2023-08-02,2023-06-30,0,HKD
CKPT,Checkpoint Therapeutics Inc,2023-08-10,2023-06-30,-0.76,USD
CL,Colgate-Palmolive Company,2023-07-27,2023-06-30,0.74,USD
CLAR,Clarus Corp,2023-07-31,2023-06-30,0.16,USD
CLB,Core Laboratories Inc,2023-07-25,2023-06-30,0.21,USD
CLBK,Columbia Financial Inc,2023-07-25,2023-06-30,0.14,USD
CLBT,Cellebrite DI Ltd,2023-08-10,2023-06-30,0.016,USD
CLCFF,CLCFF,2023-08-09,2023-05-31,,CAD
CLCN,CLCN,2023-08-14,2023-06-30,0,USD
CLCO,Cool Company Ltd,2023-08-23,2023-06-30,0.525,USD
CLDT,Chatham Lodging Trust,2023-08-02,2023-06-30,0.11,USD
CLDX,Celldex Therapeutics Inc,2023-08-07,2023-06-30,-0.67,USD
CLF,Cleveland-Cliffs Inc,2023-07-20,2023-06-30,0.75,USD
CLFD,Clearfield Inc,2023-07-26,2023-06-30,0.09,USD
CLGCF,CLGCF,2023-08-24,2023-06-30,,CAD
CLGN,CollPlant Biotechnologies Ltd New,2023-08-23,2023-06-30,-0.37,USD
CLH,Clean Harbors Inc,2023-08-01,2023-06-30,2.09,USD
CLHI,CLHI,2023-07-12,2023-05-31,0,USD
CLIR,ClearSign Technologies Corp,2023-08-30,2023-06-30,-0.04,USD
CLKFF,CLKFF,2023-08-09,2023-06-30,,CAD
CLKXF,CLKXF,2023-08-02,2023-06-30,,CAD
CLLS,Cellectis,2023-08-03,2023-06-30,-0.4412,USD
CLMB,Climb Global Solutions Inc,2023-08-01,2023-06-30,0.45,USD
CLMT,Calumet Specialty Products Partners L.P.,2023-08-03,2023-06-30,0.08,USD
CLNE,Clean Energy Fuels Corp,2023-08-02,2023-06-30,-0.02,USD
CLNFF,CLNFF,2023-08-10,2023-06-30,,USD
CLNN,Clene Inc,2023-08-14,2023-06-30,-0.12,USD
CLOV,Clover Health Investments Corp - Class A,2023-08-07,2023-06-30,-0.15,USD
CLPBY,CLPBY,2023-08-17,2023-06-30,0.0889,USD
CLPR,Clipper Realty Inc,2023-08-07,2023-06-30,-0.05,USD
CLPT,ClearPoint Neuro Inc,2023-08-07,2023-06-30,-0.19,USD
CLRB,Cellectar Biosciences Inc,2023-08-03,2023-06-30,-0.53,USD
CLRD,CLRD,2023-08-15,2023-06-30,0,USD
CLRI,CLRI,2023-08-14,2023-06-30,,USD
CLRO,ClearOne Inc,2023-08-07,2023-06-30,,USD
CLS,Celestica Inc,2023-07-24,2023-06-30,0.47,USD
CLSD,Clearside Biomedical Inc,2023-08-07,2023-06-30,-0.14,USD
CLSH,CLSH,2023-08-23,2023-05-31,,USD
CLSK,Cleanspark Inc,2023-08-07,2023-06-30,-0.27,USD
CLVR,Clever Leaves Holdings Inc,2023-08-09,2023-06-30,-0.09,USD
CLVS,CLVS,2023-08-07,2023-06-30,,USD
CLVSQ,CLVSQ,2023-08-07,2023-06-30,,USD
CLVT,Clarivate Plc,2023-08-07,2023-06-30,0.2,USD
CLW,Clearwater Paper Corp,2023-07-31,2023-06-30,1.18,USD
CLWY,CLWY,2023-08-02,2023-06-30,0,USD
CLX,Clorox Company,2023-08-01,2023-06-30,1.15,USD
CLXT,Calyxt Inc,2023-08-02,2023-06-30,-0.6,USD
CLZNY,CLZNY,2023-07-28,2023-06-30,0.4092,CHF
CM,Canadian Imperial Bank Of Commerce,2023-08-23,2023-07-31,1.3,USD
CMA,Comerica Inc,2023-07-21,2023-06-30,1.91,USD
CMAX,CareMax Inc - Class A,2023-08-07,2023-06-30,-0.07,USD
CMBM,Cambium Networks Corp,2023-08-02,2023-06-30,0.21,USD
CMCL,Caledonia Mining Corporation Plc,2023-08-09,2023-06-30,,USD
CMCM,Cheetah Mobile Inc,2023-07-24,2023-06-30,,CNY
CMCO,Columbus Mckinnon Corp,2023-07-26,2023-06-30,0.63,USD
CMCSA,Comcast Corp - Class A,2023-07-27,2023-06-30,0.99,USD
CMCT,Creative Media & Community Trust,2023-08-07,2023-06-30,-0.4,USD
CMDRF,CMDRF,2023-08-15,2023-06-30,,CAD
CMDXF,CMDXF,2023-08-09,2023-06-30,,CAD
CME,CME Group Inc - Class A,2023-07-26,2023-06-30,2.08,USD
CMFO,CMFO,2023-08-17,2023-06-30,0,USD
CMG,Chipotle Mexican Grill,2023-07-26,2023-06-30,12.19,USD
CMGGF,CMGGF,2023-07-11,2023-06-30,0.051,EGP
CMGO,CMGO,2023-08-14,2023-06-30,,USD
CMGR,CMGR,2023-08-15,2023-06-30,,USD
CMI,Cummins Inc,2023-07-31,2023-06-30,5.25,USD
CMLS,Cumulus Media Inc - Class A,2023-08-01,2023-06-30,-0.38,USD
CMMB,Chemomab Therapeutics Ltd,2023-08-10,2023-06-30,-0.03,USD
CMP,Compass Minerals International Inc,2023-08-02,2023-06-30,-0.1,USD
CMPGY,CMPGY,2023-07-25,2023-06-30,0,GBP
CMPO,CompoSecure Inc - Class A,2023-08-02,2023-06-30,0.25,USD
CMPR,Cimpress plc,2023-07-26,2023-06-30,0.24,USD
CMPS,Compass Pathways Plc,2023-08-09,2023-06-30,-0.6945,USD
CMPX,Compass Therapeutics Inc,2023-07-31,2023-06-30,-0.0838,USD
CMRE,Costamare Inc,2023-07-26,2023-06-30,0.65,USD
CMRX,Chimerix Inc,2023-08-07,2023-06-30,-0.24,USD
CMS,CMS Energy Corporation,2023-07-26,2023-06-30,0.67,USD
CMT,Core Molding Technologies,2023-08-07,2023-06-30,0.42,USD
CMTG,Claros Mortgage Trust Inc,2023-07-31,2023-06-30,0.35,USD
CMTOY,CMTOY,2023-08-07,2023-06-30,0.0353,COP
CMUV,CMUV,2023-07-17,2023-06-30,,USD
CNA,CNA Financial Corp,2023-07-31,2023-06-30,1.21,USD
CNAF,CNAF,2023-07-25,2023-06-30,0,USD
CNBB,CNBB,2023-07-13,2023-06-30,,USD
CNC,Centene Corp,2023-07-28,2023-06-30,2.03,USD
CNCE,CNCE,2023-08-02,2023-06-30,,USD
CNDT,Conduent Inc,2023-07-31,2023-06-30,-0.01,USD
CNF,CNFinance Holdings Ltd,2023-08-22,2023-06-30,0.01,USD
CNFR,Conifer Holdings Inc,2023-08-08,2023-06-30,0.02,USD
CNGO,CNGO,2023-08-09,2023-06-30,,USD
CNHI,CNH Industrial NV,2023-07-28,2023-06-30,0.48,USD
CNI,Canadian National Railway Company,2023-07-24,2023-06-30,1.47,USD
CNIKF,CNIKF,2023-06-26,2023-04-30,,CAD
CNK,Cinemark Holdings Inc,2023-08-03,2023-06-30,0.52,USD
CNLFF,CNLFF,2023-08-10,2023-06-30,,CAD
CNM,Core & Main Inc Class A,2023-09-01,2023-06-30,0.67,USD
CNMD,Conmed Corp,2023-07-25,2023-06-30,0.79,USD
CNNE,Cannae Holdings Inc,2023-08-07,2023-06-30,-0.03,USD
CNNED,CNNED,2023-08-09,2023-06-30,0.45,USD
CNNEF,CNNEF,2023-08-09,2023-06-30,0.45,USD
CNNRF,CNNRF,2023-08-22,2023-06-30,,CAD
CNO,CNO Financial Group Inc,2023-07-31,2023-06-30,0.71,USD
CNOB,ConnectOne Bancorp Inc,2023-07-26,2023-06-30,0.54,USD
CNP,Centerpoint Energy Inc,2023-07-31,2023-06-30,0.3,USD
CNPOF,CNPOF,2023-08-28,2023-06-30,,USD
CNPRF,CNPRF,2023-08-09,2023-06-30,,CAD
CNQ,Canadian Natural Resources Ltd,2023-08-02,2023-06-30,0.97,USD
CNRD,CNRD,2023-08-14,2023-06-30,,USD
CNRIF,CNRIF,2023-06-23,2023-05-31,,USD
CNS,Cohen & Steers Inc,2023-07-18,2023-06-30,0.72,USD
CNSL,Consolidated Communications Holdings Inc,2023-07-31,2023-06-30,-0.26,USD
CNSP,Cns Pharmaceuticals Inc,2023-08-14,2023-06-30,,USD
CNSWF,CNSWF,2023-08-02,2023-06-30,12.77,USD
CNTA,Centessa Pharmaceuticals plc,2023-08-14,2023-06-30,-0.47,USD
CNTFY,CNTFY,2023-08-23,2023-06-30,0,USD
CNTG,Centogene NV,2023-07-13,2023-06-30,-0.3682,EUR
CNTMF,CNTMF,2023-08-28,2023-06-30,,USD
CNTTQ,CNTTQ,2023-08-15,2023-06-30,0,CAD
CNTX,Context Therapeutics Inc,2023-08-10,2023-06-30,-0.2,USD
CNTY,Century Casinos Inc,2023-08-08,2023-06-30,0.16,USD
CNVS,Cineverse Corp,2023-06-29,2023-03-31,0.4,USD
CNVS,Cineverse Corp,2023-08-14,2023-06-30,-0.01,USD
CNVVY,CNVVY,2023-08-02,2023-06-30,0,USD
CNX,CNX Resources Corp,2023-07-26,2023-06-30,0.37,USD
CNXC,Concentrix Corporation,2023-06-28,2023-05-31,2.52,USD
CNXN,PC Connection Inc,2023-08-02,2023-06-30,0.68,USD
CO,CO,2023-07-03,2023-06-30,,CNY
COCO,Vita Coco Company Inc (The),2023-08-09,2023-06-30,0.1777,USD
COCP,Cocrystal Pharma Inc,2023-08-14,2023-06-30,-0.58,USD
CODA,Coda Octopus Group Inc,2023-09-12,2023-07-31,0.12,USD
CODI,Compass Diversified Holdings,2023-08-01,2023-06-30,0.39,USD
CODX,Co-Diagnostics Inc,2023-08-09,2023-06-30,-0.24,USD
CODYY,CODYY,2023-07-26,2023-06-30,0,EUR
COE,51 Talk Online Education Group,2023-08-28,2023-06-30,,USD
COF,Capital One Financial Corp,2023-07-19,2023-06-30,3.12,USD
COFS,Choiceone Financial Services Inc,2023-07-25,2023-06-30,,USD
COGDF,COGDF,2023-08-24,2023-06-30,,CAD
COGT,Cogent Biosciences Inc,2023-08-07,2023-06-30,-0.55,USD
COHN,Cohen & Company Inc,2023-08-01,2023-06-30,,USD
COHR,Coherent Corp,2023-08-22,2023-06-30,0.37,USD
COHU,Cohu Inc,2023-07-26,2023-06-30,0.44,USD
COIN,Coinbase Global Inc - Class A,2023-08-07,2023-06-30,-0.76,USD
COKE,Coca-Cola Consolidated Inc,2023-07-31,2023-06-30,,USD
COLB,Columbia Banking System Inc,2023-07-19,2023-06-30,0.95,USD
COLD,Americold Realty Trust Inc,2023-08-03,2023-06-30,0.0226,USD
COLFF,COLFF,2023-07-19,2023-06-30,,CAD
COLL,Collegium Pharmaceutical Inc,2023-08-02,2023-06-30,0.34,USD
COLM,Columbia Sportswear Company,2023-07-25,2023-06-30,0.02,USD
COMM,CommScope Holding Company Inc,2023-08-02,2023-06-30,0.37,USD
COMP,Compass Inc - Class A,2023-08-14,2023-06-30,-0.07,USD
COMS,COMSovereign Holding Corp,2023-08-14,2023-06-30,,USD
CONN,Conns Inc,2023-08-28,2023-07-31,-1.53,USD
CONXF,CONXF,2023-08-02,2023-06-30,,USD
COO,Cooper Companies Inc,2023-08-30,2023-07-31,3.34,USD
COOK,Traeger Inc,2023-08-11,2023-06-30,-0.02,USD
COOP,Mr. Cooper Group Inc,2023-07-25,2023-06-30,1.2,USD
COP,Conoco Phillips,2023-08-03,2023-06-30,2.11,USD
CORBF,CORBF,2023-07-03,2023-06-30,,CNY
CORR,CorEnergy Infrastructure Trust Inc,2023-08-09,2023-06-30,,USD
CORT,Corcept Therapeutics Inc,2023-08-01,2023-06-30,0.15,USD
CORZQ,CORZQ,2023-08-11,2023-06-30,-0.1794,USD
COSG,COSG,2023-08-14,2023-06-30,,USD
COSM,Cosmos Health Inc,2023-08-18,2023-06-30,,USD
COSO,COSO,2023-08-07,2023-06-30,,USD
COTY,Coty Inc - Class A,2023-08-23,2023-06-30,0.01,USD
COUP,COUP,2023-09-04,2023-07-31,,USD
COUR,Coursera Inc,2023-07-25,2023-06-30,-0.1,USD
COWN,COWN,2023-08-01,2023-06-30,,USD
COYA,Coya Therapeutics Inc,2023-08-30,2023-06-30,-0.32,USD
CP,Canadian Pacific Kansas City Ltd,2023-07-26,2023-06-30,0.8,CAD
CPA,Copa Holdings S.A. - Class A,2023-08-01,2023-06-30,3.02,USD
CPAC,Cementos Pacasmayo S.A.A.,2023-07-20,2023-06-30,0.1272,PEN
CPB,Campbell Soup Company,2023-08-30,2023-07-31,0.51,USD
CPE,Callon Petroleum Company,2023-08-01,2023-06-30,2.02,USD
CPF,Central Pacific Financial Corp,2023-07-25,2023-06-30,0.53,USD
CPG,Crescent Point Energy Corp,2023-07-26,2023-06-30,0.3,CAD
CPHC,Canterbury Park Holding Corp,2023-08-09,2023-06-30,,USD
CPHRF,CPHRF,2023-08-09,2023-06-30,0.08,USD
CPIVF,CPIVF,2023-06-26,2023-04-30,,CAD
CPIX,Cumberland Pharmaceuticals Inc,2023-08-07,2023-06-30,,USD
CPK,Chesapeake Utilities Corp,2023-08-01,2023-06-30,0.97,USD
CPKF,CPKF,2023-07-25,2023-06-30,0.8,USD
CPLFF,CPLFF,2023-08-08,2023-06-30,,CAD
CPLP,Capital Product Partners L P,2023-07-27,2023-06-30,0.73,USD
CPMV,CPMV,2023-08-15,2023-05-31,0,USD
CPNG,Coupang Inc - Class A,2023-08-08,2023-06-30,0.05,USD
CPPMF,CPPMF,2023-07-24,2023-06-30,,CAD
CPRI,Capri Holdings Ltd,2023-08-07,2023-06-30,0.71,USD
CPRT,Copart Inc,2023-09-05,2023-07-31,0.65,USD
CPRX,Catalyst Pharmaceuticals Inc,2023-08-07,2023-06-30,0.28,USD
CPS,Cooper-Standard Holdings Inc,2023-08-02,2023-06-30,-1.86,USD
CPSH,CPS Technologies Corporation,2023-08-02,2023-06-30,,USD
CPSI,Computer Programs & Systems Inc,2023-07-31,2023-06-30,0.58,USD
CPSS,Consumer Portfolio Service Inc,2023-07-24,2023-06-30,0.24,USD
CPT,Camden Property Trust,2023-07-26,2023-06-30,0.35,USD
CPTK,Crown PropTech Acquisitions - Class A,2023-08-30,2023-06-30,-0.27,USD
CPTN,Cepton Inc,2023-08-07,2023-06-30,-0.1,USD
CPTP,CPTP,2023-08-07,2023-06-30,0,USD
CPXGF,CPXGF,2023-08-09,2023-06-30,,CAD
CPXWF,CPXWF,2023-07-31,2023-06-30,,CAD
CQP,Cheniere Energy Partners LP,2023-08-02,2023-06-30,0.86,USD
CR,Crane Company,2023-08-24,2023-06-30,1.93,USD
CRAI,CRA International Inc,2023-08-02,2023-06-30,1.36,USD
CRARY,CRARY,2023-08-04,2023-06-30,0.2222,EUR
CRAWA,CRAWA,2023-08-08,2023-06-30,0.6,USD
CRBG,Corebridge Financial Inc,2023-08-30,2023-06-30,0.9645,USD
CRBKF,CRBKF,2023-08-28,2023-06-30,,CAD
CRBP,Corbus Pharmaceuticals Holdings Inc,2023-08-07,2023-06-30,-3.1,USD
CRBU,Caribou Biosciences Inc,2023-08-31,2023-06-30,-0.497,USD
CRC,California Resources Corporation - New,2023-08-02,2023-06-30,0.81,USD
CRCT,Cricut Inc - Class A,2023-08-07,2023-06-30,0.06,USD
CRCUF,CRCUF,2023-08-12,2023-06-30,,USD
CRD-B,Crawford & Co. - Class B,2023-08-07,2023-06-30,0.23,USD
CRDB,CRDB,2023-08-07,2023-06-30,0.2133,USD
CRDE,CRDE,2023-08-02,2023-06-30,,USD
CRDF,Cardiff Oncology Inc,2023-08-02,2023-06-30,-0.27,USD
CRDL,Cardiol Therapeutics Inc - Class A,2023-08-08,2023-06-30,-0.09,CAD
CRDO,Credo Technology Group Holding Ltd,2023-08-29,2023-07-31,-0.03,USD
CRDOF,CRDOF,2023-08-24,2023-06-30,,USD
CREG,Smart Powerr Corp,2023-07-03,2023-06-30,0,USD
CRESY,Cresud,2023-09-07,2023-06-30,0,ARS
CREX,Creative Realities Inc,2023-08-14,2023-06-30,-0.16,USD
CRFQF,CRFQF,2023-08-14,2023-06-30,,CAD
CRGE,Charge Enterprises Inc,2023-08-14,2023-06-30,-0.05,USD
CRGP,CRGP,2023-08-18,2023-06-30,0,USD
CRGY,Crescent Energy Company - Class A,2023-08-07,2023-06-30,0.31,USD
CRH,CRH Plc,2023-08-24,2023-06-30,0,USD
CRHKY,CRHKY,2023-08-18,2023-06-30,0,CNY
CRI,Carters Inc,2023-07-27,2023-06-30,0.52,USD
CRIS,Curis Inc,2023-08-02,2023-06-30,-0.12,USD
CRK,Comstock Resources Inc,2023-07-31,2023-06-30,0.11,USD
CRKN,Crown ElectroKinetics Corp,2023-08-14,2023-06-30,0,USD
CRL,Charles River Laboratories International Inc,2023-08-01,2023-06-30,2.63,USD
CRLBF,CRLBF,2023-08-15,2023-06-30,-0.04,USD
CRLFF,CRLFF,2023-07-26,2023-06-30,,CAD
CRM,Salesforce Inc,2023-08-22,2023-07-31,1.9,USD
CRMBQ,CRMBQ,2023-08-11,2023-06-30,0,USD
CRMD,CorMedix Inc,2023-08-09,2023-06-30,-0.24,USD
CRMT,Americas Car Mart Inc,2023-08-15,2023-07-31,0.68,USD
CRNC,Cerence Inc,2023-08-07,2023-06-30,-0.16,USD
CRNT,Ceragon Networks Ltd,2023-07-31,2023-06-30,0.01,USD
CRNX,Crinetics Pharmaceuticals Inc,2023-08-10,2023-06-30,-0.86,USD
CROMF,CROMF,2023-08-08,2023-06-30,,CAD
CRON,Cronos Group Inc,2023-08-07,2023-06-30,-0.03,USD
CROX,Crocs Inc,2023-08-02,2023-06-30,2.95,USD
CRPOF,CRPOF,2023-08-22,2023-06-30,,CAD
CRRFY,CRRFY,2023-07-26,2023-06-30,0,EUR
CRRTF,CRRTF,2023-08-01,2023-06-30,,CAD
CRS,Carpenter Technology Corp,2023-07-26,2023-06-30,0.66,USD
CRSP,CRISPR Therapeutics AG,2023-08-08,2023-06-30,-2.13,USD
CRSR,Corsair Gaming Inc,2023-08-02,2023-06-30,0.09,USD
CRSXF,CRSXF,2023-08-01,2023-06-30,,USD
CRT,Cross Timbers Royalty Trust,2023-08-21,2023-06-30,,USD
CRTD,CRTD,2023-08-14,2023-06-30,,USD
CRTO,Criteo S.A,2023-08-01,2023-06-30,0.45,USD
CRUS,Cirrus Logic Inc,2023-07-31,2023-06-30,0.41,USD
CRVL,Corvel Corp,2023-07-31,2023-06-30,,USD
CRVS,Corvus Pharmaceuticals Inc,2023-08-07,2023-06-30,-0.14,USD
CRVW,CRVW,2023-08-30,2023-06-30,0,USD
CRWD,Crowdstrike Holdings Inc - Class A,2023-08-28,2023-07-31,0.56,USD
CRWS,Crown Crafts Inc,2023-08-15,2023-06-30,,USD
CRXM,CRXM,2023-08-15,2023-06-30,0,USD
CRXTQ,CRXTQ,2023-08-16,2023-06-30,,USD
CRZBY,CRZBY,2023-08-04,2023-06-30,0.4885,EUR
CS,Credit Suisse Group AG,2023-07-27,2023-06-30,-0.1893,CHF
CSAN,Cosan S.A,2023-08-14,2023-06-30,0.1999,BRL
CSBB,CSBB,2023-07-13,2023-06-30,,USD
CSBR,Champions Oncology Inc,2023-07-19,2023-04-30,-0.12,USD
CSBR,Champions Oncology Inc,2023-09-06,2023-07-31,0.06,USD
CSCCF,CSCCF,2023-08-07,2023-06-30,0.0404,USD
CSCO,Cisco Systems Inc,2023-08-15,2023-07-31,1.04,USD
CSGP,Costar Group Inc,2023-07-25,2023-06-30,0.3,USD
CSGS,CSG Systems International Inc,2023-08-02,2023-06-30,0.73,USD
CSHX,CSHX,2023-07-17,2023-06-30,,USD
CSII,Cardiovascular Systems Inc,2023-07-31,2023-06-30,-0.0881,USD
CSIOY,CSIOY,2023-08-02,2023-06-30,0.8425,USD
CSIQ,Canadian Solar Inc,2023-08-17,2023-06-30,1.48,USD
CSL,Carlisle Companies Inc,2023-07-25,2023-06-30,4.83,USD
CSOL,CSOL,2023-08-14,2023-06-30,0,USD
CSPI,CSP Inc,2023-08-08,2023-06-30,,USD
CSPUF,CSPUF,2023-08-23,2023-06-30,,CAD
CSR,Centerspace,2023-07-31,2023-06-30,-0.39,USD
CSSE,Chicken Soup for the Soul Entertainment Inc - Class A,2023-08-09,2023-06-30,-1.72,USD
CSSV,CSSV,2023-08-14,2023-06-30,0,USD
CSTE,Caesarstone Ltd,2023-08-01,2023-06-30,-0.05,USD
CSTI,CSTI,2023-08-14,2023-06-30,,USD
CSTL,Castle Biosciences Inc,2023-08-07,2023-06-30,-0.91,USD
CSTM,Constellium SE - Class A,2023-07-24,2023-06-30,0.46,EUR
CSTPF,CSTPF,2023-08-28,2023-06-30,,USD
CSTR,CapStar Financial Holdings Inc,2023-07-19,2023-06-30,0.36,USD
CSV,Carriage Services Inc,2023-07-25,2023-06-30,0.52,USD
CSWC,Capital Southwest Corp,2023-07-31,2023-06-30,0.64,USD
CSWI,CSW Industrials Inc,2023-08-03,2023-06-30,1.92,USD
CSX,CSX Corp,2023-07-18,2023-06-30,0.49,USD
CTA-PA,CTA-PA,2023-08-22,2023-06-30,,USD
CTAGY,CTAGY,2023-08-04,2023-06-30,0,GBP
CTARD,CTARD,2023-08-28,2023-06-30,,USD
CTARF,CTARF,2023-08-28,2023-06-30,,USD
CTAS,Cintas Corporation,2023-07-12,2023-05-31,3.19,USD
CTBI,Community Trust Bancorp Inc,2023-07-18,2023-06-30,1.06,USD
CTBK,CTBK,2023-08-02,2023-06-30,0,USD
CTG,Computer Task Group Inc,2023-08-02,2023-06-30,0.14,USD
CTGO,Contango Ore Inc,2023-08-29,2023-06-30,-1.04,USD
CTHR,Charles & Colvard Ltd,2023-08-30,2023-06-30,-0.03,USD
CTIB,Yunhong CTI Ltd,2023-08-15,2023-06-30,0,USD
CTIC,CTI BioPharma Corp,2023-08-07,2023-06-30,-0.08,USD
CTKB,Cytek BioSciences Inc,2023-08-31,2023-06-30,0.02,USD
CTKYY,CTKYY,2023-09-06,2023-06-30,0.78,USD
CTLP,Cantaloupe Inc,2023-09-06,2023-06-30,0.05,USD
CTLT,Catalent Inc,2023-08-28,2023-06-30,0.11,USD
CTM,Castellum Inc,2023-08-14,2023-06-30,-0.04,USD
CTMX,CytomX Therapeutics Inc,2023-08-02,2023-06-30,-0.21,USD
CTNXF,CTNXF,2023-08-23,2023-06-30,,USD
CTO,CTO Realty Growth Inc - New - New,2023-07-26,2023-06-30,-0.11,USD
CTOS,Custom Truck One Source Inc,2023-08-07,2023-06-30,0.02,USD
CTPCY,CTPCY,2023-08-31,2023-06-30,0,HKD
CTPR,CTPR,2023-08-03,2023-06-30,0,USD
CTPTY,CTPTY,2023-07-31,2023-06-30,0.1256,BRL
CTRA,Coterra Energy Inc,2023-07-31,2023-06-30,0.45,USD
CTRE,CareTrust REIT Inc,2023-08-02,2023-06-30,0.22,USD
CTRM,Castor Maritime Inc,2023-08-07,2023-06-30,,USD
CTRN,Citi Trends Inc,2023-08-22,2023-05-31,,USD
CTRN,Citi Trends Inc,2023-08-22,2023-07-31,-0.92,USD
CTRRF,CTRRF,2023-08-07,2023-06-30,,CAD
CTS,CTS Corp,2023-07-24,2023-06-30,0.54,USD
CTSDF,CTSDF,2023-08-07,2023-06-30,,CAD
CTSH,Cognizant Technology Solutions Corp - Class A,2023-07-25,2023-06-30,0.99,USD
CTSO,Cytosorbents Corp,2023-07-31,2023-06-30,-0.11,USD
CTTAY,CTTAY,2023-08-09,2023-06-30,0.2064,EUR
CTTC,CTTC,2023-08-30,2023-06-30,0,USD
CTV,Innovid Corp,2023-08-09,2023-06-30,-0.0333,USD
CTVA,Corteva Inc,2023-08-02,2023-06-30,1.63,USD
CTXAY,CTXAY,2023-08-21,2023-06-30,0,AUD
CTXR,Citius Pharmaceuticals Inc,2023-08-09,2023-06-30,-0.05,USD
CTXXF,CTXXF,2023-08-08,2023-06-30,,CAD
CUAUF,CUAUF,2023-07-25,2023-05-31,,USD
CUBE,CubeSmart,2023-08-02,2023-06-30,0.41,USD
CUBI,Customers Bancorp Inc,2023-07-25,2023-06-30,1.45,USD
CUBXF,CUBXF,2023-08-14,2023-06-30,,USD
CUE,Cue Biopharma Inc,2023-08-02,2023-06-30,-0.3,USD
CUEN,Cuentas Inc,2023-08-10,2023-06-30,,USD
CUK,Carnival plc,2023-06-26,2023-05-31,-0.3479,USD
CULP,Culp Inc,2023-06-27,2023-05-31,-0.47,USD
CURI,CuriosityStream Inc - Class A,2023-08-14,2023-06-30,-0.15,USD
CURLF,CURLF,2023-08-07,2023-06-30,-0.05,USD
CURN,CURN,2023-09-11,2023-07-31,,USD
CURO,CURO Group Holdings Corp,2023-08-07,2023-06-30,-0.58,USD
CURUF,CURUF,2023-08-21,2023-06-30,,CAD
CURV,Torrid Holdings Inc,2023-09-06,2023-07-31,0.1775,USD
CUTR,Cutera Inc,2023-08-02,2023-06-30,-0.63,USD
CUZ,Cousins Properties Inc,2023-07-26,2023-06-30,0.16,USD
CVAC,CureVac N.V.,2023-08-16,2023-06-30,-0.26,EUR
CVALF,CVALF,2023-08-28,2023-06-30,,CAD
CVAT,CVAT,2023-08-30,2023-06-30,0,USD
CVBF,CVB Financial Corp,2023-07-18,2023-06-30,0.39,USD
CVCO,Cavco Industries Inc,2023-08-02,2023-06-30,5.82,USD
CVCY,Central Valley Community Bancorp,2023-07-18,2023-06-30,0.6,USD
CVE,Cenovus Energy Inc,2023-07-27,2023-06-30,0.4695,CAD
CVEO,Civeo Corp,2023-07-27,2023-06-30,0.31,USD
CVGI,Commercial Vehicle Group Inc,2023-08-02,2023-06-30,0.27,USD
CVGW,Calavo Growers Inc,2023-08-30,2023-07-31,0.32,USD
CVHL,CVHL,2023-08-11,2023-06-30,0,USD
CVI,CVR Energy Inc,2023-07-31,2023-06-30,1.05,USD
CVLG,Covenant Logistics Group Inc - Class A,2023-07-24,2023-06-30,0.99,USD
CVLT,Commvault Systems Inc,2023-07-24,2023-06-30,0.64,USD
CVLY,Codorus Valley Bancorp Inc,2023-07-26,2023-06-30,,USD
CVM,Cel-Sci Corp,2023-08-14,2023-06-30,-0.17,USD
CVNA,Carvana Co. - Class A,2023-08-02,2023-06-30,-1.2,USD
CVR,Chicago Rivet & Machine Company,2023-08-03,2023-06-30,,USD
CVRX,CVRx Inc,2023-08-02,2023-06-30,-0.584,USD
CVS,CVS Health Corp,2023-08-01,2023-06-30,2.13,USD
CVSI,CVSI,2023-08-14,2023-06-30,-0.01,USD
CVT,Cvent Holding Corp,2023-08-03,2023-06-30,0.0468,USD
CVTGF,CVTGF,2023-06-26,2023-03-31,,CAD
CVTGF,CVTGF,2023-08-08,2023-06-30,,CAD
CVV,CVD Equipment Corp,2023-08-14,2023-06-30,,USD
CVVUF,CVVUF,2023-07-17,2023-04-30,0,USD
CVVUF,CVVUF,2023-09-11,2023-07-31,0,USD
CVX,Chevron Corp,2023-07-27,2023-06-30,3.1,USD
CW,Curtiss-Wright Corp,2023-08-01,2023-06-30,1.95,USD
CWAN,Clearwater Analytics Holdings Inc Class A,2023-08-23,2023-06-30,0.07,USD
CWBC,Community West Bancshares,2023-07-27,2023-06-30,0.25,USD
CWBHF,CWBHF,2023-08-07,2023-06-30,-0.05,USD
CWBK,CWBK,2023-07-18,2023-06-30,0,USD
CWBR,CohBar Inc,2023-08-14,2023-06-30,,USD
CWCO,Consolidated Water Co. Ltd,2023-08-09,2023-06-30,0.22,USD
CWEGF,CWEGF,2023-08-07,2023-06-30,,CAD
CWEN,Clearway Energy Inc - Class C,2023-08-01,2023-06-30,0.9666,USD
CWEN-A,Clearway Energy Inc - Class A,2023-07-31,2023-06-30,0.89,USD
CWH,Camping World Holdings Inc - Class A,2023-07-31,2023-06-30,0.78,USD
CWK,Cushman & Wakefield plc,2023-08-02,2023-06-30,0.21,USD
CWLPF,CWLPF,2023-07-11,2023-05-31,,CAD
CWQXY,CWQXY,2023-07-14,2023-06-30,0.4583,SEK
CWSRF,CWSRF,2023-08-09,2023-06-30,,CAD
CWST,Casella Waste Systems Inc - Class A,2023-07-26,2023-06-30,0.37,USD
CWT,California Water Service Group,2023-07-26,2023-06-30,0.51,USD
CWVLF,CWVLF,2023-08-08,2023-06-30,,USD
CWXZF,CWXZF,2023-08-02,2023-06-30,,CAD
CWYUF,CWYUF,2023-08-09,2023-06-30,,CAD
CX,Cemex S.A.B. De C.V.,2023-07-27,2023-06-30,0.1896,USD
CXBMF,CXBMF,2023-08-09,2023-06-30,,USD
CXDO,Crexendo Inc,2023-08-07,2023-06-30,0.01,USD
CXM,Sprinklr Inc Class A,2023-09-08,2023-06-30,0.0304,USD
CXT,Crane NXT Company,2023-07-24,2023-06-30,0.8587,USD
CXW,CoreCivic Inc,2023-07-31,2023-06-30,0.12,USD
CXXIF,CXXIF,2023-08-14,2023-07-31,,USD
CYAD,CYAD,2023-08-03,2023-06-30,-0.4491,EUR
CYADY,CYADY,2023-08-03,2023-06-30,-0.4491,EUR
CYAN,Cyanotech Corp,2023-06-23,2023-03-31,,USD
CYAN,Cyanotech Corp,2023-08-08,2023-06-30,,USD
CYBA,CYBA,2023-08-04,2023-06-30,0,USD
CYBN,Cybin Inc,2023-08-08,2023-06-30,-0.0429,CAD
CYBR,CyberArk Software Ltd,2023-08-08,2023-06-30,-0.12,USD
CYCC,Cyclacel Pharmaceuticals Inc,2023-08-08,2023-06-30,-0.5,USD
CYCN,Cyclerion Therapeutics Inc,2023-08-08,2023-06-30,-0.28,USD
CYD,China Yuchai International,2023-08-08,2023-06-30,,CNY
CYDY,CYDY,2023-08-12,2023-05-31,0,USD
CYFRF,CYFRF,2023-08-28,2023-06-30,,CAD
CYH,Community Health Systems Inc,2023-07-25,2023-06-30,-0.25,USD
CYMHF,CYMHF,2023-08-28,2023-07-31,,USD
CYN,Cyngn Inc,2023-08-09,2023-06-30,-0.19,USD
CYPXF,CYPXF,2023-08-17,2023-06-30,,CAD
CYRN,CYRN,2023-08-14,2023-06-30,,USD
CYRNQ,CYRNQ,2023-06-30,2023-03-31,0,USD
CYRNQ,CYRNQ,2023-08-14,2023-06-30,,USD
CYRX,CryoPort Inc,2023-08-02,2023-06-30,-0.17,USD
CYSNF,CYSNF,2023-07-18,2023-05-31,,CAD
CYT,Cyteir Therapeutics Inc,2023-08-07,2023-06-30,-0.3068,USD
CYTH,Cyclo Therapeutics Inc - Class A,2023-08-15,2023-06-30,-0.44,USD
CYTK,Cytokinetics Inc,2023-08-02,2023-06-30,-1.14,USD
CYXT,CYXT,2023-08-09,2023-06-30,-0.31,USD
CYXTQ,CYXTQ,2023-08-09,2023-06-30,-0.31,USD
CZBT,CZBT,2023-07-17,2023-06-30,,USD
CZFS,Citizens Financial Services Inc,2023-07-19,2023-06-30,0.84,USD
CZMWY,CZMWY,2023-08-04,2023-06-30,1.02,USD
CZNC,Citizens & Northern Corp,2023-08-03,2023-06-30,0.39,USD
CZOO,Cazoo Group Ltd - Class A,2023-08-07,2023-06-30,,GBP
CZR,Caesars Entertainment Inc,2023-07-31,2023-06-30,0.34,USD
CZWI,Citizens Community Bancorp Inc MD,2023-07-24,2023-06-30,0.27,USD
D,Dominion Energy Inc,2023-08-07,2023-06-30,0.67,USD
DAC,Danaos Corporation,2023-07-31,2023-06-30,6.92,USD
DADA,Dada Nexus Ltd,2023-08-21,2023-06-30,0.01,CNY
DAIO,Data io Corp,2023-07-26,2023-06-30,-0.03,USD
DAKT,Daktronics Inc,2023-06-23,2023-05-31,0.02,USD
DAL,Delta Air Lines Inc,2023-07-13,2023-06-30,2.13,USD
DALN,DallasNews Corporation - Class A,2023-07-24,2023-06-30,,USD
DAN,Dana Inc,2023-08-01,2023-06-30,0.15,USD
DANOY,DANOY,2023-07-27,2023-06-30,0,EUR
DAO,Youdao Inc,2023-08-16,2023-06-30,-0.27,CNY
DAR,Darling Ingredients Inc,2023-08-07,2023-06-30,1.52,USD
DARE,Dare Bioscience Inc,2023-08-07,2023-06-30,-0.09,USD
DASH,DoorDash Inc - Class A,2023-08-02,2023-06-30,-0.41,USD
DASTY,DASTY,2023-07-25,2023-06-30,0.2989,EUR
DAVA,Endava plc,2023-09-20,2023-06-30,0.57,GBP
DAVE,Dave Inc - Class A,2023-08-12,2023-06-30,-1.47,USD
DAWN,Day One Biopharmaceuticals Inc,2023-08-08,2023-06-30,-0.6193,USD
DB,Deutsche Bank AG,2023-07-26,2023-06-30,0.6415,EUR
DBCCF,DBCCF,2023-08-16,2023-06-30,,CAD
DBD,DBD,2023-07-31,2023-06-30,0.09,USD
DBDQQ,DBDQQ,2023-07-31,2023-06-30,0.09,USD
DBGI,Digital Brands Group Inc,2023-08-15,2023-06-30,,USD
DBI,Designer Brands Inc - Class A,2023-08-29,2023-07-31,0.44,USD
DBOEY,DBOEY,2023-07-25,2023-06-30,0.2665,EUR
DBOXF,DBOXF,2023-08-09,2023-06-30,,CAD
DBRG,DigitalBridge Group Inc - Class A,2023-08-02,2023-06-30,-0.29,USD
DBSDY,DBSDY,2023-08-03,2023-06-30,2.71,SGD
DBTX,Decibel Therapeutics Inc,2023-08-08,2023-06-30,-0.5,USD
DBVT,DBV Technologies,2023-07-31,2023-06-30,-0.2133,USD
DBX,Dropbox Inc - Class A,2023-08-02,2023-06-30,0.45,USD
DCBO,Docebo Inc,2023-08-09,2023-06-30,-0.01,USD
DCGO,DocGo Inc,2023-08-07,2023-06-30,0.03,USD
DCHRD,DCHRD,2023-08-24,2023-06-30,,CAD
DCHRF,DCHRF,2023-08-24,2023-06-30,,CAD
DCI,Donaldson Co. Inc,2023-08-29,2023-07-31,0.78,USD
DCMDF,DCMDF,2023-08-07,2023-06-30,,CAD
DCO,Ducommun Inc,2023-08-02,2023-06-30,0.58,USD
DCOM,Dime Community Bancshares Inc,2023-07-27,2023-06-30,0.65,USD
DCP,DCP Midstream LP,2023-07-31,2023-06-30,1.07,USD
DCPH,Deciphera Pharmaceuticals Inc,2023-08-02,2023-06-30,-0.62,USD
DCSX,Direct Communication Solutions Inc,2023-08-21,2023-06-30,,USD
DCSXD,DCSXD,2023-08-21,2023-06-30,,USD
DCT,DCT,2023-06-27,2023-05-31,0.0311,USD
DCTH,Delcath Systems Inc,2023-08-07,2023-06-30,-0.66,USD
DD,DuPont de Nemours Inc,2023-07-31,2023-06-30,0.8908,USD
DDD,3D Systems Corp,2023-08-07,2023-06-30,-0.06,USD
DDEJF,DDEJF,2023-08-08,2023-06-30,,CAD
DDHRF,DDHRF,2023-07-31,2023-06-30,,CAD
DDI,DoubleDown Interactive Co Ltd,2023-08-08,2023-06-30,7.27,USD
DDL,Dingdong (Cayman) Ltd,2023-08-10,2023-06-30,0,USD
DDOG,Datadog Inc - Class A,2023-08-02,2023-06-30,0.28,USD
DDS,Dillard`s Inc - Class A,2023-08-09,2023-07-31,4.32,USD
DE,Deere & Company,2023-08-18,2023-07-31,8.22,USD
DEA,Easterly Government Properties Inc,2023-07-31,2023-06-30,0.06,USD
DECK,Deckers Outdoor Corp,2023-07-26,2023-06-30,2.13,USD
DECN,DECN,2023-08-16,2023-06-30,0,USD
DEER,DEER,2023-08-10,2023-06-30,0,USD
DEI,Douglas Emmett Inc,2023-07-31,2023-06-30,0.09,USD
DELL,Dell Technologies Inc - Class C,2023-08-31,2023-07-31,1.14,USD
DEN,Denbury Inc - New,2023-08-09,2023-06-30,1.44,USD
DENN,Denny`s Corp,2023-07-31,2023-06-30,0.17,USD
DEO,Diageo plc,2023-08-01,2023-06-30,0,GBP
DERM,Journey Medical Corp,2023-08-19,2023-06-30,-0.31,USD
DESP,Despegar.com Corp,2023-08-16,2023-06-30,-0.02,USD
DFFN,Diffusion Pharmaceuticals Inc,2023-08-09,2023-06-30,-1.93,USD
DFH,Dream Finders Homes Inc - Class A,2023-08-02,2023-06-30,0.34,USD
DFIN,Donnelley Financial Solutions Inc,2023-08-01,2023-06-30,1.02,USD
DFS,Discover Financial Services,2023-07-18,2023-06-30,3.66,USD
DG,Dollar General Corp,2023-08-23,2023-07-31,2.49,USD
DGHI,Digihost Technology Inc,2023-08-14,2023-06-30,,USD
DGICA,Donegal Group Inc - Class A,2023-07-26,2023-06-30,0.19,USD
DGICB,Donegal Group Inc - Class B,2023-07-31,2023-06-30,0.2121,USD
DGII,Digi International Inc,2023-08-02,2023-06-30,0.47,USD
DGLY,Digital Ally Inc (New),2023-08-14,2023-06-30,-2.24,USD
DGNOF,DGNOF,2023-07-11,2023-06-30,,USD
DGTHF,DGTHF,2023-09-11,2023-08-31,,USD
DGX,Quest Diagnostics Inc,2023-07-26,2023-06-30,2.27,USD
DH,Definitive Healthcare Corp - Class A,2023-08-03,2023-06-30,0.0404,USD
DHC,Diversified Healthcare Trust,2023-08-01,2023-06-30,-0.23,USD
DHI,D.R. Horton Inc,2023-07-20,2023-06-30,2.77,USD
DHIL,Diamond Hill Investment Group Inc - Class A,2023-08-03,2023-06-30,,USD
DHR,Danaher Corp,2023-07-25,2023-06-30,2.01,USD
DHT,DHT Holdings Inc,2023-08-08,2023-06-30,0.35,USD
DHX,DHI Group Inc,2023-08-01,2023-06-30,-0.02,USD
DIBS,1stdibs.com Inc,2023-08-09,2023-06-30,-0.2315,USD
DICE,DICE Therapeutics Inc,2023-08-10,2023-06-30,-0.6475,USD
DIIBF,DIIBF,2023-08-07,2023-06-30,-0.41,USD
DIN,Dine Brands Global Inc,2023-08-07,2023-06-30,1.58,USD
DINO,HF Sinclair Corporation,2023-08-07,2023-06-30,2.1,USD
DIOD,Diodes Inc,2023-08-02,2023-06-30,1.57,USD
DIS,Walt Disney Co (The),2023-08-08,2023-06-30,1.1,USD
DISH,Dish Network Corp - Class A,2023-08-01,2023-06-30,0.3,USD
DIT,Amcon Distributing Company,2023-07-17,2023-06-30,,USD
DJCO,Daily Journal Corporation,2023-08-10,2023-06-30,,USD
DK,Delek US Holdings Inc,2023-08-02,2023-06-30,1.13,USD
DKILY,DKILY,2023-08-08,2023-06-30,0.2072,USD
DKL,Delek Logistics Partners LP,2023-08-02,2023-06-30,0.93,USD
DKLRF,DKLRF,2023-08-26,2023-06-30,,CAD
DKNG,DraftKings Inc - Class A,2023-08-04,2023-06-30,-0.281,USD
DKS,Dicks Sporting Goods Inc,2023-08-21,2023-07-31,3.79,USD
DLA,Delta Apparel Inc,2023-08-02,2023-06-30,-0.12,USD
DLAKY,DLAKY,2023-08-03,2023-06-30,0.6827,EUR
DLB,Dolby Laboratories Inc - Class A,2023-08-07,2023-06-30,0.54,USD
DLHC,DLH Holdings Corp,2023-07-31,2023-06-30,0.1,USD
DLHTF,DLHTF,2023-08-07,2023-06-30,,CAD
DLMAF,DLMAF,2023-09-07,2023-07-31,,CAD
DLNG,Dynagas LNG Partners LP,2023-09-20,2023-06-30,0.21,USD
DLO,DLocal Ltd Class A,2023-08-16,2023-06-30,0.13,USD
DLPN,Dolphin Entertainment Inc,2023-08-14,2023-06-30,-0.06,USD
DLPX,DLPX,2023-08-17,2023-06-30,0,USD
DLR,Digital Realty Trust Inc,2023-07-26,2023-06-30,0.26,USD
DLTH,Duluth Holdings Inc - Class B,2023-08-30,2023-07-31,0.01,USD
DLTNF,DLTNF,2023-08-14,2023-06-30,,CAD
DLTR,Dollar Tree Inc,2023-08-23,2023-07-31,0.86,USD
DLX,Deluxe Corp,2023-08-02,2023-06-30,0.7,USD
DM,Desktop Metal Inc - Class A,2023-08-07,2023-06-30,-0.06,USD
DMAC,DiaMedica Therapeutics Inc,2023-08-08,2023-06-30,-0.19,USD
DMGGF,DMGGF,2023-08-28,2023-06-30,-0.0147,CAD
DMIFF,DMIFF,2023-08-28,2023-06-30,,USD
DMLP,Dorchester Minerals LP,2023-08-02,2023-06-30,,USD
DMRC,Digimarc Corporation,2023-08-01,2023-06-30,-0.36,USD
DMS,Digital Media Solutions Inc - Class A,2023-08-07,2023-06-30,-0.12,USD
DMTK,DermTech Inc,2023-08-07,2023-06-30,-0.95,USD
DNA,Ginkgo Bioworks Holdings Inc - Class A,2023-08-14,2023-06-30,-0.09,USD
DNB,Dun & Bradstreet Holdings Inc,2023-08-02,2023-06-30,0.21,USD
DNBBY,DNBBY,2023-07-12,2023-06-30,0.5279,NOK
DNDDF,DNDDF,2023-08-08,2023-06-30,,CAD
DNGDF,DNGDF,2023-08-10,2023-06-30,,USD
DNKEY,DNKEY,2023-07-21,2023-06-30,0.3967,DKK
DNLI,Denali Therapeutics Inc,2023-08-07,2023-06-30,-0.68,USD
DNMR,Danimer Scientific Inc - Class A,2023-08-07,2023-06-30,-0.36,USD
DNN,Denison Mines Corp,2023-08-02,2023-06-30,-0.01,USD
DNNGY,DNNGY,2023-08-10,2023-06-30,0.0492,DKK
DNOW,NOW Inc,2023-08-01,2023-06-30,0.25,USD
DNPLY,DNPLY,2023-08-09,2023-06-30,0,JPY
DNRSD,DNRSD,2023-08-28,2023-06-30,,USD
DNRSF,DNRSF,2023-08-28,2023-06-30,,USD
DNUT,Krispy Kreme Inc,2023-08-16,2023-06-30,0.0692,USD
DNZOY,DNZOY,2023-07-28,2023-06-30,0.5683,JPY
DO,Diamond Offshore Drilling Inc,2023-08-08,2023-06-30,-0.0627,USD
DOC,Physicians Realty Trust,2023-08-03,2023-06-30,0.05,USD
DOCN,DigitalOcean Holdings Inc,2023-08-07,2023-06-30,0.41,USD
DOCRF,DOCRF,2023-08-21,2023-06-30,,CAD
DOCS,Doximity Inc - Class A,2023-08-14,2023-06-30,0.15,USD
DOCU,DocuSign Inc,2023-09-06,2023-07-31,0.66,USD
DOLE,Dole plc,2023-08-22,2023-06-30,0.34,USD
DOMA,Doma Holdings Inc - New,2023-08-07,2023-06-30,-0.06,USD
DOMH,Dominari Holdings Inc,2023-08-10,2023-06-30,,USD
DOMO,Domo Inc - Class B,2023-08-23,2023-07-31,-0.09,USD
DOOO,BRP Inc,2023-09-12,2023-07-31,2.22,CAD
DOOR,Masonite International Corp,2023-08-07,2023-06-30,1.98,USD
DORM,Dorman Products Inc,2023-07-24,2023-06-30,1.14,USD
DOUG,Douglas Elliman Inc,2023-08-23,2023-06-30,-0.18,USD
DOV,Dover Corp,2023-07-19,2023-06-30,2.21,USD
DOW,Dow Inc,2023-07-19,2023-06-30,0.72,USD
DOX,Amdocs Ltd,2023-08-01,2023-06-30,1.48,USD
DOYU,DouYu International Holdings Ltd,2023-08-14,2023-06-30,-0.05,CNY
DPDW,DPDW,2023-08-07,2023-06-30,,USD
DPMLF,DPMLF,2023-07-26,2023-06-30,0.2263,USD
DPRO,Draganfly Inc,2023-08-08,2023-06-30,-0.0674,CAD
DPSGY,DPSGY,2023-08-01,2023-06-30,0.7977,EUR
DPSI,DecisionPoint Systems Inc,2023-08-09,2023-06-30,0.04,USD
DPXCF,DPXCF,2023-08-26,2023-06-30,,CAD
DPZ,Dominos Pizza Inc,2023-07-24,2023-06-30,3.04,USD
DQ,Daqo New Energy Corp,2023-08-01,2023-06-30,5.54,USD
DRCMF,DRCMF,2023-08-16,2023-06-30,,CAD
DRCT,Direct Digital Holdings Inc Class A,2023-08-10,2023-06-30,0.1475,USD
DRD,DRDGold Ltd,2023-09-05,2023-06-30,0,ZAR
DRETF,DRETF,2023-08-02,2023-06-30,,CAD
DREUF,DREUF,2023-07-31,2023-06-30,,CAD
DRH,Diamondrock Hospitality Company,2023-08-03,2023-06-30,0.19,USD
DRI,Darden Restaurants Inc,2023-09-20,2023-08-31,1.84,USD
DRIO,DarioHealth Corp,2023-08-14,2023-06-30,-0.42,USD
DRKOF,DRKOF,2023-06-27,2023-03-31,,USD
DRKOF,DRKOF,2023-08-21,2023-06-30,,USD
DROP,DROP,2023-08-11,2023-06-30,0,USD
DRQ,Dril-Quip Inc,2023-07-26,2023-06-30,0.06,USD
DRRSF,DRRSF,2023-08-22,2023-06-30,,CAD
DRRX,Durect Corp,2023-08-02,2023-06-30,-0.51,USD
DRS,Leonardo DRS Inc,2023-08-16,2023-06-30,0.07,USD
DRTS,Alpha Tau Medical Ltd,2023-08-24,2023-06-30,-0.1291,USD
DRTT,DIRTT Environmental Solutions Ltd,2023-07-25,2023-06-30,-0.06,USD
DRUG,Bright Minds Biosciences Inc,2023-08-28,2023-06-30,0,CAD
DRUNF,DRUNF,2023-08-08,2023-06-30,,CAD
DRVN,Driven Brands Holdings Inc,2023-08-02,2023-06-30,0.31,USD
DS,DS,2023-08-07,2023-06-30,,USD
DSDVY,DSDVY,2023-07-25,2023-06-30,1.13,DKK
DSEEY,DSEEY,2023-08-02,2023-06-30,0,JPY
DSEY,Diversey Holdings Ltd,2023-08-02,2023-06-30,0.08,USD
DSGN,Design Therapeutics Inc,2023-08-07,2023-06-30,-0.39,USD
DSGR,Distribution Solutions Group Inc,2023-08-07,2023-06-30,0.53,USD
DSGT,DSGT,2023-08-16,2023-06-30,,USD
DSGX,Descartes Systems Group Inc,2023-09-06,2023-07-31,0.331,USD
DSHK,DSHK,2023-08-07,2023-06-30,-0.125,USD
DSKE,Daseke Inc,2023-07-31,2023-06-30,0.29,USD
DSNY,DSNY,2023-07-10,2023-05-31,,USD
DSP,Viant Technology Inc - Class A,2023-08-07,2023-06-30,-0.11,USD
DSS,DSS Inc,2023-09-12,2023-06-30,-0.0557,USD
DSVSF,DSVSF,2023-08-23,2023-06-30,,CAD
DSWL,Deswell Industries Inc,2023-09-01,2023-06-30,0,USD
DSX,Diana Shipping Inc,2023-07-26,2023-06-30,0.13,USD
DT,Dynatrace Inc,2023-08-01,2023-06-30,0.22,USD
DTC,Solo Brands Inc - Class A,2023-08-11,2023-06-30,0.21,USD
DTE,DTE Energy Company,2023-07-26,2023-06-30,1.1,USD
DTEA,DTEA,2023-09-11,2023-08-31,,CAD
DTEAF,DTEAF,2023-09-11,2023-06-30,,CAD
DTEAF,DTEAF,2023-09-11,2023-07-31,,CAD
DTEGY,DTEGY,2023-08-10,2023-06-30,0.4135,EUR
DTIL,Precision Biosciences Inc,2023-08-07,2023-06-30,-0.25,USD
DTM,DT Midstream Inc,2023-08-22,2023-06-30,0.89,USD
DTMXF,DTMXF,2023-08-24,2023-06-30,,CAD
DTNOF,DTNOF,2023-08-17,2023-06-30,-0.0281,USD
DTRK,DTRK,2023-08-11,2023-06-30,0,USD
DTSRF,DTSRF,2023-08-09,2023-06-30,,CAD
DTSS,Datasea Inc,2023-08-30,2023-06-30,0,USD
DTST,Data Storage Corp,2023-08-09,2023-06-30,0.02,USD
DUK,Duke Energy Corp,2023-08-02,2023-06-30,1.17,USD
DUO,Fangdd Network Group Ltd,2023-06-27,2023-03-31,,CNY
DUO,Fangdd Network Group Ltd,2023-08-29,2023-06-30,,CNY
DUOL,Duolingo Inc - Class A,2023-08-09,2023-06-30,-0.2467,USD
DUOT,Duos Technologies Group Inc,2023-08-14,2023-06-30,-0.23,USD
DV,DoubleVerify Holdings Inc,2023-08-01,2023-06-30,0.06,USD
DVA,DaVita Inc,2023-07-31,2023-06-30,1.69,USD
DVAX,Dynavax Technologies Corp,2023-08-02,2023-06-30,-0.1,USD
DVLP,DVLP,2023-08-14,2023-06-30,,USD
DVN,Devon Energy Corp,2023-07-31,2023-06-30,1.4,USD
DVRNF,DVRNF,2023-08-21,2023-06-30,,CAD
DWAHY,DWAHY,2023-08-08,2023-06-30,0.4552,JPY
DWAY,DWAY,2023-08-14,2023-06-30,0,USD
DWOG,DWOG,2023-08-30,2023-06-30,0,USD
DWSN,Dawson Geophysical Company,2023-08-10,2023-06-30,,USD
DWWEF,DWWEF,2023-07-26,2023-06-30,,USD
DX,Dynex Capital Inc,2023-07-24,2023-06-30,0.03,USD
DXC,DXC Technology Company,2023-08-01,2023-06-30,0.82,USD
DXCM,Dexcom Inc,2023-07-26,2023-06-30,0.23,USD
DXLG,Destination XL Group Inc,2023-08-23,2023-07-31,0.18,USD
DXPE,DXP Enterprises Inc,2023-08-07,2023-06-30,1.09,USD
DXR,Daxor Corp,2023-08-24,2023-06-30,0,USD
DXYN,Dixie Group Inc,2023-08-14,2023-06-30,,USD
DY,Dycom Industries Inc,2023-08-23,2023-07-31,1.67,USD
DYAI,Dyadic International Inc DE,2023-08-08,2023-06-30,-0.08,USD
DYLLF,DYLLF,2023-09-21,2023-06-30,-0.0052,AUD
DYN,Dyne Therapeutics Inc,2023-08-02,2023-06-30,-0.81,USD
DYNT,Dynatronics Corp,2023-09-20,2023-06-30,-0.28,USD
DYSL,DYSL,2023-08-16,2023-06-30,0,USD
DZSI,DZS Inc,2023-07-31,2023-06-30,0.02,USD
E,Eni Spa,2023-07-27,2023-06-30,1.25,EUR
EA,Electronic Arts Inc,2023-08-01,2023-06-30,1.03,USD
EACO,EACO,2023-08-21,2023-05-31,,USD
EACTF,EACTF,2023-08-28,2023-06-30,,CAD
EADSY,EADSY,2023-07-26,2023-06-30,0.3777,EUR
EAF,GrafTech International Ltd,2023-08-03,2023-06-30,-0.01,USD
EAGRF,EAGRF,2023-08-09,2023-06-30,,USD
EAR,Eargo Inc,2023-08-07,2023-06-30,-0.97,USD
EARN,Ellington Residential Mortgage REIT,2023-08-08,2023-06-30,0.21,USD
EAST,Eastside Distilling Inc,2023-08-09,2023-06-30,-1.25,USD
EAT,Brinker International Inc,2023-08-22,2023-06-30,1.32,USD
EB,Eventbrite Inc - Class A,2023-07-26,2023-06-30,-0.15,USD
EBAY,EBay Inc,2023-08-01,2023-06-30,0.99,USD
EBC,Eastern Bankshares Inc,2023-07-26,2023-06-30,0.32,USD
EBCOY,EBCOY,2023-08-14,2023-06-30,0,JPY
EBET,EBET Inc,2023-08-14,2023-06-30,-0.27,USD
EBF,Ennis Inc,2023-09-18,2023-08-31,0.4,USD
EBIX,Ebix Inc,2023-08-07,2023-06-30,0.24,USD
EBKDY,EBKDY,2023-07-31,2023-06-30,0.8843,EUR
EBMT,Eagle Bancorp Montana Inc,2023-07-24,2023-06-30,0.46,USD
EBR,Centrais Eletricas Brasileiras S.A.,2023-08-08,2023-06-30,0.0756,USD
EBR-B,Centrais Eletricas Brasileiras S.A.,2023-08-08,2023-06-30,0.0756,BRL
EBS,Emergent Biosolutions Inc,2023-07-31,2023-06-30,-0.57,USD
EBTC,Enterprise Bancorp Inc,2023-07-19,2023-06-30,,USD
EC,Ecopetrol SA,2023-08-15,2023-06-30,2336.64,COP
ECAOF,ECAOF,2023-07-31,2023-06-30,,USD
ECF,Ellsworth Growth and Income Fund Ltd,2023-07-11,2023-06-30,0,USD
ECIA,ECIA,2023-08-09,2023-06-30,0,USD
ECIFY,ECIFY,2023-07-28,2023-06-30,0,EUR
ECL,Ecolab Inc,2023-08-01,2023-06-30,1.21,USD
ECLMF,ECLMF,2023-08-29,2023-06-30,,CAD
ECNCF,ECNCF,2023-08-09,2023-06-30,,USD
ECOR,ElectroCore Inc,2023-08-02,2023-06-30,-0.94,USD
ECPG,Encore Capital Group Inc,2023-08-01,2023-06-30,1.28,USD
ECRFF,ECRFF,2023-08-21,2023-06-30,,CAD
ECRO,ECRO,2023-06-23,2023-03-31,0,USD
ECRO,ECRO,2023-08-30,2023-06-30,0,USD
ECSNF,ECSNF,2023-08-07,2023-06-30,,USD
ECTM,ECTM,2023-08-14,2023-06-30,0,USD
ECVT,Ecovyst Inc,2023-07-27,2023-06-30,0.27,USD
ECXJ,ECXJ,2023-08-02,2023-05-31,0,USD
ED,Consolidated Edison Inc,2023-08-02,2023-06-30,0.64,USD
EDAP,EDAP TMS S.A.,2023-08-22,2023-06-30,-0.05,EUR
EDIT,Editas Medicine Inc,2023-08-01,2023-06-30,-0.77,USD
EDMCQ,EDMCQ,2023-08-30,2023-06-30,0,USD
EDN,Empresa Distribuidora y Comercial Norte S.A.,2023-08-11,2023-06-30,0,ARS
EDPFY,EDPFY,2023-07-27,2023-06-30,0.5479,EUR
EDR,Endeavor Group Holdings Inc - Class A,2023-08-09,2023-06-30,0.3,USD
EDRY,EuroDry Ltd,2023-08-10,2023-06-30,0.51,USD
EDSA,Edesa Biotech Inc,2023-08-10,2023-06-30,-0.17,USD
EDSFF,EDSFF,2023-08-30,2023-06-30,0,CNY
EDTX,EdtechX Holdings Acquisition Corp II - Class A,2023-08-30,2023-06-30,,USD
EDTXF,EDTXF,2023-08-10,2023-06-30,-0.01,CAD
EDU,New Oriental Education & Technology Group Inc,2023-07-25,2023-05-31,0.3,USD
EDUC,Educational Development Corp,2023-07-04,2023-05-31,0.04,USD
EDVMF,EDVMF,2023-08-02,2023-06-30,0.3445,USD
EDXC,EDXC,2023-08-16,2023-06-30,0,USD
EE,Excelerate Energy Inc - Class A,2023-08-10,2023-06-30,0.33,USD
EEFT,Euronet Worldwide Inc,2023-07-25,2023-06-30,2.01,USD
EEIQ,EpicQuest Education Group International Ltd,2023-06-23,2023-03-31,-0.26,USD
EEIQ,EpicQuest Education Group International Ltd,2023-08-30,2023-06-30,0,USD
EEX,Emerald Holding Inc,2023-08-07,2023-06-30,-0.29,USD
EEYUF,EEYUF,2023-08-01,2023-06-30,,CAD
EFBI,EFBI,2023-08-03,2023-06-30,,USD
EFC,Ellington Financial Inc,2023-08-02,2023-06-30,0.45,USD
EFLVD,EFLVD,2023-08-09,2023-06-30,,USD
EFLVF,EFLVF,2023-08-09,2023-06-30,,USD
EFOI,Energy Focus Inc,2023-08-09,2023-06-30,,USD
EFRTF,EFRTF,2023-08-14,2023-06-30,,CAD
EFSC,Enterprise Financial Services Corp,2023-07-24,2023-06-30,1.3,USD
EFSI,EFSI,2023-07-26,2023-06-30,,USD
EFTR,eFFECTOR Therapeutics Inc,2023-08-07,2023-06-30,-0.2,USD
EFX,Equifax Inc,2023-07-18,2023-06-30,1.67,USD
EFXT,Enerflex Ltd,2023-08-08,2023-06-30,,CAD
EGAN,eGain Corp,2023-09-06,2023-06-30,0.05,USD
EGBN,Eagle Bancorp Inc (MD),2023-07-18,2023-06-30,0.65,USD
EGFEY,EGFEY,2023-07-31,2023-06-30,0.0331,EUR
EGFHF,EGFHF,2023-08-15,2023-06-30,,CAD
EGHSF,EGHSF,2023-09-06,2023-07-31,,CAD
EGHT,8X8 Inc,2023-07-25,2023-06-30,0.13,USD
EGIEY,EGIEY,2023-08-08,2023-06-30,0.2141,BRL
EGIO,Edgio Inc,2023-06-23,2023-03-31,-0.09,USD
EGIO,Edgio Inc,2023-08-07,2023-06-30,-0.0596,USD
EGLE,Eagle Bulk Shipping Inc,2023-08-02,2023-06-30,1.08,USD
EGLX,Enthusiast Gaming Holdings Inc,2023-08-14,2023-06-30,,CAD
EGO,Eldorado Gold Corp,2023-07-26,2023-06-30,0.09,USD
EGP,Eastgroup Properties Inc,2023-07-24,2023-06-30,0.92,USD
EGPLF,EGPLF,2023-08-24,2023-06-30,,CAD
EGRX,Eagle Pharmaceuticals Inc,2023-08-07,2023-06-30,0.99,USD
EGTYF,EGTYF,2023-08-28,2023-06-30,,USD
EGY,VAALCO Energy Inc,2023-08-08,2023-06-30,0.14,USD
EH,EHang Holdings Ltd,2023-08-16,2023-06-30,-0.17,CNY
EHAB,Enhabit Inc,2023-07-31,2023-06-30,0.1367,USD
EHC,Encompass Health Corp,2023-07-31,2023-06-30,0.74,USD
EHMEF,EHMEF,2023-08-08,2023-06-30,,CAD
EHTH,eHealth Inc,2023-08-07,2023-06-30,-1.11,USD
EIC,Eagle Point Income Company Inc,2023-08-14,2023-06-30,,USD
EIFZF,EIFZF,2023-08-09,2023-06-30,,CAD
EIG,Employers Holdings Inc,2023-07-26,2023-06-30,0.96,USD
EIGR,Eiger BioPharmaceuticals Inc,2023-08-02,2023-06-30,-0.43,USD
EIX,Edison International,2023-07-26,2023-06-30,0.95,USD
EKSO,Ekso Bionics Holdings Inc,2023-07-26,2023-06-30,-0.28,USD
EL,Estee Lauder Cos. Inc - Class A,2023-08-18,2023-06-30,-0.03,USD
ELA,Envela Corp,2023-08-01,2023-06-30,0.08,USD
ELAN,Elanco Animal Health Inc,2023-08-07,2023-06-30,0.05,USD
ELBM,Electra Battery Materials Corp,2023-08-09,2023-06-30,,CAD
ELDN,Eledon Pharmaceuticals Inc,2023-08-09,2023-06-30,-0.46,USD
ELEEF,ELEEF,2023-08-08,2023-06-30,,CAD
ELEMF,ELEMF,2023-08-14,2023-06-30,,USD
ELEV,Elevation Oncology Inc,2023-08-10,2023-06-30,-0.3133,USD
ELF,e.l.f. Beauty Inc,2023-08-01,2023-06-30,0.56,USD
ELFIF,ELFIF,2023-08-07,2023-06-30,,CAD
ELLH,ELLH,2023-07-27,2023-06-30,,USD
ELLKY,ELLKY,2023-08-30,2023-06-30,0,EUR
ELLO,Ellomay Capital Ltd,2023-06-27,2023-03-31,,EUR
ELLO,Ellomay Capital Ltd,2023-08-23,2023-06-30,,EUR
ELMD,Electromed Inc,2023-08-21,2023-06-30,0.13,USD
ELME,Elme Communities,2023-07-26,2023-06-30,0.01,USD
ELMSQ,ELMSQ,2023-08-10,2023-06-30,-0.05,USD
ELOX,Eloxx Pharmaceuticals Inc,2023-08-10,2023-06-30,-1.55,USD
ELP,Cia Paranaense De Energia Copel,2023-08-09,2023-06-30,0.1872,USD
ELRFF,ELRFF,2023-08-14,2023-06-30,,USD
ELRNF,ELRNF,2023-08-08,2023-06-30,,USD
ELS,Equity Lifestyle Properties Inc,2023-07-17,2023-06-30,0.35,USD
ELSE,Electro-Sensors Inc,2023-07-31,2023-06-30,,USD
ELTK,Eltek Ltd,2023-08-15,2023-06-30,0.2,USD
ELTP,ELTP,2023-08-10,2023-06-30,0,USD
ELTX,Elicio Therapeutics Inc,2023-08-14,2023-06-30,,USD
ELUXY,ELUXY,2023-07-20,2023-06-30,0.248,SEK
ELV,Elevance Health Inc,2023-07-18,2023-06-30,8.83,USD
ELVN,Enliven Therapeutics Inc,2023-08-01,2023-06-30,-0.36,USD
ELVT,ELVT,2023-08-07,2023-06-30,,USD
ELYM,Eliem Therapeutics Inc,2023-09-11,2023-06-30,-0.25,USD
ELYS,Elys Game Technology Corp,2023-08-14,2023-06-30,-0.08,USD
EM,Smart Share Global Ltd,2023-09-05,2023-06-30,,CNY
EMAN,EMagin Corp,2023-08-09,2023-06-30,-0.03,USD
EMBC,Embecta Corp,2023-08-14,2023-06-30,0.46,USD
EMBK,Embark Technology Inc,2023-08-09,2023-06-30,-1.73,USD
EME,Emcor Group Inc,2023-07-26,2023-06-30,2.36,USD
EMGDF,EMGDF,2023-08-22,2023-06-30,,CAD
EMITF,EMITF,2023-08-30,2023-06-30,0,ILS
EMKR,Emcore Corp,2023-08-07,2023-06-30,-0.13,USD
EML,Eastern Company,2023-08-07,2023-06-30,,USD
EMLAF,EMLAF,2023-09-13,2023-07-31,,USD
EMMA,EMMA,2023-08-14,2023-06-30,-0.03,USD
EMMS,EMMS,2023-07-13,2023-05-31,0,USD
EMN,Eastman Chemical Company,2023-07-26,2023-06-30,2.05,USD
EMR,Emerson Electric Company,2023-08-07,2023-06-30,1.09,USD
EMRAF,EMRAF,2023-08-08,2023-06-30,,CAD
EMWPF,EMWPF,2023-07-27,2023-06-30,0.03,USD
EMX,EMX Royalty Corp,2023-08-14,2023-06-30,,USD
ENB,Enbridge Inc,2023-07-27,2023-06-30,0.54,USD
ENBP,ENBP,2023-07-13,2023-06-30,,USD
ENCR,ENCR,2023-08-30,2023-06-30,0,USD
ENDPQ,ENDPQ,2023-08-07,2023-06-30,0.022,USD
ENFN,Enfusion Inc - Class A,2023-08-16,2023-06-30,0.04,USD
ENG,Englobal Corporation,2023-08-02,2023-06-30,0.02,USD
ENGIY,ENGIY,2023-07-28,2023-06-30,0.447,EUR
ENIC,Enel Chile S.A.,2023-07-26,2023-06-30,39.45,CLP
ENLAY,ENLAY,2023-07-27,2023-06-30,0.0743,EUR
ENLC,Enlink Midstream LLC,2023-08-01,2023-06-30,0.11,USD
ENLT,Enlight Renewable Energy Ltd,2023-08-21,2023-06-30,0.085,ILS
ENLV,Enlivex Therapeutics Ltd,2023-08-07,2023-06-30,-0.46,USD
ENOV,Enovis Corp,2023-08-02,2023-06-30,0.51,USD
ENPH,Enphase Energy Inc,2023-07-24,2023-06-30,1.27,USD
ENR,Energizer Holdings Inc,2023-08-07,2023-06-30,0.7,USD
ENS,Enersys,2023-08-08,2023-06-30,1.81,USD
ENSC,Ensysce Biosciences Inc,2023-08-09,2023-06-30,-2.77,USD
ENSG,Ensign Group Inc,2023-07-31,2023-06-30,1.14,USD
ENSV,Enservco Corp,2023-08-17,2023-06-30,-0.15,USD
ENTA,Enanta Pharmaceuticals Inc,2023-08-07,2023-06-30,-0.72,USD
ENTG,Entegris Inc,2023-07-31,2023-06-30,0.56,USD
ENTX,Entera Bio Ltd,2023-08-09,2023-06-30,-0.07,USD
ENV,Envestnet Inc,2023-08-02,2023-06-30,0.46,USD
ENVA,Enova International Inc,2023-07-26,2023-06-30,1.67,USD
ENVB,Enveric Biosciences Inc,2023-08-10,2023-06-30,-2.04,USD
ENVX,Enovix Corporation,2023-08-08,2023-06-30,-0.22,USD
ENX,Eaton Vance New York Municipal Bond Fund,2023-08-30,2023-06-30,0,USD
ENZN,ENZN,2023-08-03,2023-06-30,0,USD
EOG,EOG Resources Inc,2023-08-03,2023-06-30,2.53,USD
EOLS,Evolus Inc,2023-07-31,2023-06-30,-0.17,USD
EONGY,EONGY,2023-08-09,2023-06-30,0.2527,EUR
EOSE,Eos Energy Enterprises Inc - Class A,2023-07-31,2023-06-30,-0.43,USD
EOT,Eaton Vance National Municipal Opportunities Trust,2023-08-30,2023-06-30,0,USD
EP,Empire Petroleum Corporation,2023-08-14,2023-06-30,,USD
EPAM,EPAM Systems Inc,2023-08-02,2023-06-30,2.41,USD
EPC,Edgewell Personal Care Company,2023-08-02,2023-06-30,0.81,USD
EPD,Enterprise Products Partners L P,2023-08-01,2023-06-30,0.63,USD
EPIX,Essa Pharma Inc,2023-08-02,2023-06-30,-0.19,USD
EPM,Evolution Petroleum Corporation,2023-08-07,2023-06-30,0.05,USD
EPR,EPR Properties,2023-07-31,2023-06-30,0.65,USD
EPRSQ,EPRSQ,2023-08-04,2023-06-30,0,USD
EPRT,Essential Properties Realty Trust Inc,2023-07-26,2023-06-30,0.25,USD
EPSN,Epsilon Energy Ltd,2023-08-09,2023-06-30,,USD
EPWCF,EPWCF,2023-07-19,2023-06-30,0,USD
EQ,Equillium Inc,2023-08-14,2023-06-30,-0.17,USD
EQBK,Equity Bancshares Inc - Class A,2023-07-17,2023-06-30,0.7,USD
EQC,Equity Commonwealth,2023-07-31,2023-06-30,,USD
EQGPF,EQGPF,2023-08-07,2023-06-30,,CAD
EQH,Equitable Holdings Inc,2023-08-01,2023-06-30,1.32,USD
EQIX,Equinix Inc,2023-07-25,2023-06-30,2.05,USD
EQNR,Equinor ASA,2023-07-26,2023-06-30,0.9374,USD
EQOSQ,EQOSQ,2023-08-30,2023-06-30,0,USD
EQR,Equity Residential Properties Trust,2023-07-24,2023-06-30,0.37,USD
EQRX,EQRx Inc,2023-08-10,2023-06-30,-0.1367,USD
EQS,Equus Total Return Inc,2023-08-17,2023-06-30,0,USD
EQT,EQT Corp,2023-07-25,2023-06-30,-0.01,USD
EQX,Equinox Gold Corp,2023-08-01,2023-06-30,-0.112,USD
ERAS,Erasca Inc,2023-08-24,2023-06-30,-0.2517,USD
ERDCF,ERDCF,2023-08-02,2023-06-30,,CAD
ERF,Enerplus Corporation,2023-08-02,2023-06-30,0.44,USD
ERIC,Telefonaktiebolaget L M Ericsson,2023-07-14,2023-06-30,-0.0323,SEK
ERIE,Erie Indemnity Co. - Class A,2023-07-26,2023-06-30,1.9,USD
ERII,Energy Recovery Inc,2023-08-01,2023-06-30,-0.01,USD
ERILF,ERILF,2023-08-28,2023-06-30,,USD
ERINQ,ERINQ,2023-08-10,2023-06-30,0,USD
ERJ,Embraer S.A.,2023-07-28,2023-06-30,0.225,USD
ERLFF,ERLFF,2023-08-07,2023-06-30,,USD
ERO,Ero Copper Corp,2023-07-31,2023-06-30,0.3194,USD
ERYP,Erytech Pharma,2023-09-11,2023-06-30,-0.216,EUR
ES,Eversource Energy,2023-07-26,2023-06-30,0.87,USD
ESAB,ESAB Corp,2023-08-09,2023-06-30,1.02,USD
ESBS,ESBS,2023-07-31,2023-06-30,,USD
ESCA,Escalade Inc,2023-08-02,2023-06-30,0.32,USD
ESE,Esco Technologies Inc,2023-08-07,2023-06-30,1,USD
ESEA,Euroseas Ltd,2023-08-08,2023-06-30,3.01,USD
ESGR,Enstar Group Ltd,2023-08-07,2023-06-30,,USD
ESI,Element Solutions Inc,2023-07-25,2023-06-30,0.32,USD
ESINQ,ESINQ,2023-07-27,2023-06-30,0,USD
ESLOY,ESLOY,2023-07-26,2023-06-30,0,EUR
ESLT,Elbit Systems Ltd,2023-08-17,2023-06-30,1.44,USD
ESMT,Engagesmart Inc,2023-08-16,2023-06-30,0.07,USD
ESNT,Essent Group Ltd,2023-08-03,2023-06-30,1.51,USD
ESOA,Energy Services of America Corp,2023-08-14,2023-06-30,0.07,USD
ESP,Espey Manufacturing & Electronics Corp,2023-09-20,2023-06-30,,USD
ESPGY,ESPGY,2023-08-30,2023-06-30,0,USD
ESPR,Esperion Therapeutics Inc,2023-07-31,2023-06-30,-0.6,USD
ESQ,Esquire Financial Holdings Inc,2023-07-24,2023-06-30,1.04,USD
ESRT,Empire State Realty Trust Inc - Class A,2023-07-25,2023-06-30,,USD
ESS,Essex Property Trust Inc,2023-07-24,2023-06-30,1.35,USD
ESSA,ESSA Bancorp Inc,2023-07-25,2023-06-30,0.43,USD
ESTA,Establishment Labs Holdings Inc,2023-08-07,2023-06-30,-0.71,USD
ESTC,Elastic N.V,2023-08-23,2023-07-31,0.11,USD
ESTE,Earthstone Energy Inc - Class A,2023-08-02,2023-06-30,0.71,USD
ESVIF,ESVIF,2023-08-03,2023-06-30,,CAD
ET,Energy Transfer LP,2023-08-01,2023-06-30,0.35,USD
ETD,Ethan Allen Interiors Inc,2023-08-01,2023-06-30,0.83,USD
ETN,Eaton Corporation plc,2023-07-31,2023-06-30,2.1,USD
ETNB,89bio Inc,2023-08-09,2023-06-30,-0.41,USD
ETOLF,ETOLF,2023-08-09,2023-06-30,,CAD
ETON,Eton Pharmaceuticals Inc,2023-08-09,2023-06-30,-0.12,USD
ETR,Entergy Corp,2023-08-01,2023-06-30,1.71,USD
ETRGF,ETRGF,2023-08-28,2023-06-30,,CAD
ETRN,Equitrans Midstream Corporation,2023-07-31,2023-06-30,0.09,USD
ETSY,Etsy Inc,2023-07-25,2023-06-30,0.42,USD
ETWO,E2open Parent Holdings Inc - Class A,2023-07-10,2023-06-30,0.0743,USD
ETWO,E2open Parent Holdings Inc - Class A,2023-07-10,2023-05-31,0.05,USD
EU,enCore Energy Corp,2023-08-29,2023-06-30,0,USD
EUMNF,EUMNF,2023-08-14,2023-06-30,,CAD
EURN,Euronav NV,2023-08-03,2023-06-30,0.6798,USD
EUSP,EUSP,2023-08-09,2023-06-30,,USD
EUUNF,EUUNF,2023-08-28,2023-06-30,,CAD
EVA,Enviva Inc,2023-08-01,2023-06-30,-0.64,USD
EVARF,EVARF,2023-08-22,2023-06-30,0,USD
EVAX,Evaxion Biotech A/S,2023-08-08,2023-06-30,-0.21,USD
EVBG,Everbridge Inc,2023-08-07,2023-06-30,0.27,USD
EVBN,Evans Bancorp Inc,2023-07-25,2023-06-30,0.66,USD
EVC,Entravision Communications Corp - Class A,2023-08-01,2023-06-30,0.05,USD
EVCM,EverCommerce Inc,2023-08-07,2023-06-30,0.0757,USD
EVER,EverQuote Inc - Class A,2023-07-31,2023-06-30,-0.31,USD
EVEX,Eve Holding Inc,2023-08-04,2023-06-30,-0.12,USD
EVFM,EVFM,2023-08-02,2023-06-30,-0.08,USD
EVFMD,EVFMD,2023-08-02,2023-06-30,,USD
EVGDF,EVGDF,2023-08-28,2023-06-30,,USD
EVGIF,EVGIF,2023-08-14,2023-06-30,,CAD
EVGN,Evogene Ltd,2023-08-09,2023-06-30,-0.16,USD
EVGO,EVgo Inc - Class A,2023-08-07,2023-06-30,-0.27,USD
EVH,Evolent Health Inc - Class A,2023-07-31,2023-06-30,0.12,USD
EVI,EVI Industries Inc,2023-09-11,2023-06-30,,USD
EVIO,EVIO,2023-08-30,2023-06-30,0,USD
EVK,EVK,2023-08-10,2023-06-30,,USD
EVKG,EVKG,2023-08-10,2023-06-30,,USD
EVLO,Evelo Biosciences Inc,2023-08-09,2023-06-30,-0.17,USD
EVLV,Evolv Technologies Holdings Inc - Class A,2023-08-08,2023-06-30,-0.11,USD
EVM,Eaton Vance California Municipal Bond Fund,2023-08-30,2023-06-30,0,USD
EVO,Evotec SE,2023-08-09,2023-06-30,-0.0107,EUR
EVOK,Evoke Pharma Inc,2023-08-08,2023-06-30,-0.73,USD
EVOP,EVOP,2023-07-31,2023-06-30,,USD
EVR,Evercore Inc - Class A,2023-07-25,2023-06-30,1.7,USD
EVRG,Evergy Inc,2023-08-02,2023-06-30,0.83,USD
EVRI,Everi Holdings Inc,2023-08-01,2023-06-30,0.24,USD
EVTC,Evertec Inc,2023-08-02,2023-06-30,0.65,USD
EVTV,Envirotech Vehicles Inc,2023-08-09,2023-06-30,0,USD
EVTZF,EVTZF,2023-09-12,2023-07-31,,USD
EVVTY,EVVTY,2023-07-21,2023-06-30,1.31,EUR
EW,Edwards Lifesciences Corp,2023-07-26,2023-06-30,0.65,USD
EWBC,East West Bancorp Inc,2023-07-19,2023-06-30,2.16,USD
EWCZ,European Wax Center Inc - Class A,2023-09-12,2023-06-30,0.105,USD
EWTX,Edgewise Therapeutics Inc,2023-08-02,2023-06-30,-0.38,USD
EXAI,Exscientia Plc,2023-08-16,2023-06-30,-0.4198,USD
EXAS,Exact Sciences Corp,2023-07-31,2023-06-30,-0.51,USD
EXC,Exelon Corp,2023-08-01,2023-06-30,0.46,USD
EXCOF,EXCOF,2023-07-26,2023-06-30,,USD
EXEL,Exelixis Inc,2023-08-01,2023-06-30,0.15,USD
EXETF,EXETF,2023-08-07,2023-06-30,,CAD
EXFY,Expensify Inc - Class A,2023-08-10,2023-06-30,0.0518,USD
EXK,Endeavour Silver Corp,2023-08-07,2023-06-30,0.03,USD
EXLS,Exlservice Hldgs Inc,2023-07-26,2023-06-30,1.68,USD
EXN,EXN,2023-07-26,2023-06-30,,USD
EXNRF,EXNRF,2023-07-26,2023-06-30,,USD
EXP,Eagle Materials Inc,2023-07-26,2023-06-30,3.58,USD
EXPD,Expeditors International Of Washington Inc,2023-08-08,2023-06-30,1.4,USD
EXPE,Expedia Group Inc,2023-08-02,2023-06-30,2.31,USD
EXPI,eXp World Holdings Inc,2023-08-02,2023-06-30,0.0842,USD
EXPO,Exponent Inc,2023-07-26,2023-04-30,0.51,USD
EXPR,Express Inc,2023-08-29,2023-07-31,-0.55,USD
EXR,Extra Space Storage Inc,2023-07-31,2023-06-30,1.53,USD
EXROF,EXROF,2023-08-09,2023-06-30,-0.0525,CAD
EXSR,EXSR,2023-07-26,2023-06-30,,USD
EXTR,Extreme Networks Inc,2023-07-25,2023-06-30,0.31,USD
EYE,National Vision Holdings Inc,2023-08-09,2023-06-30,0.12,USD
EYEN,Eyenovia Inc,2023-08-08,2023-06-30,-0.17,USD
EYPT,EyePoint Pharmaceuticals Inc,2023-08-01,2023-06-30,0.35,USD
EZFL,EzFill Holdings Inc,2023-08-11,2023-06-30,-0.1,USD
EZPW,EZCorp Inc - Class A,2023-08-02,2023-06-30,0.15,USD
F,Ford Motor Company,2023-07-25,2023-06-30,0.48,USD
FA,First Advantage Corp,2023-08-10,2023-06-30,0.236,USD
FACO,FACO,2023-07-31,2023-06-30,,USD
FAF,First American Financial Corp,2023-07-27,2023-06-30,1.16,USD
FALC,FALC,2023-08-01,2023-06-30,,USD
FANG,Diamondback Energy Inc,2023-07-31,2023-06-30,4.46,USD
FANH,Fanhua Inc,2023-08-21,2023-06-30,,CNY
FANUY,FANUY,2023-07-26,2023-06-30,0.1546,JPY
FARM,Farmer Bros. Company,2023-08-30,2023-06-30,-0.6,USD
FARO,Faro Technologies Inc,2023-08-01,2023-06-30,-0.4,USD
FAST,Fastenal Company,2023-07-11,2023-06-30,0.52,USD
FAT,FAT Brands Inc - Class A,2023-07-26,2023-06-30,-1.57,USD
FATE,Fate Therapeutics Inc,2023-08-01,2023-06-30,-0.59,USD
FATH,Fathom Digital Manufacturing Corporation - Class A,2023-08-14,2023-06-30,-0.0483,USD
FBAK,FBAK,2023-08-01,2023-06-30,,USD
FBHS,FBHS,2023-07-25,2023-06-30,1.02,USD
FBIN,Fortune Brands Innovations Inc,2023-07-25,2023-06-30,1.02,USD
FBIO,Fortress Biotech Inc,2023-08-09,2023-06-30,-0.21,USD
FBIZ,First Business Financial Services Inc,2023-07-26,2023-06-30,0.98,USD
FBK,FB Financial Corp,2023-07-17,2023-06-30,0.66,USD
FBMS,First Bancshares Inc Miss,2023-07-25,2023-06-30,0.79,USD
FBNC,First Bancorp,2023-07-25,2023-06-30,0.77,USD
FBP,First Bancorp PR,2023-07-20,2023-06-30,0.35,USD
FBPI,FBPI,2023-08-23,2023-06-30,0,USD
FBRT,Franklin BSP Realty Trust Inc,2023-07-28,2023-06-30,0.494,USD
FBRX,Forte Biosciences Inc,2023-08-14,2023-06-30,,USD
FBSI,FBSI,2023-07-13,2023-06-30,,USD
FBTT,FBTT,2023-07-27,2023-06-30,,USD
FC,Franklin Covey Company,2023-06-28,2023-05-31,0.22,USD
FCAFF,FCAFF,2023-08-16,2023-06-30,,USD
FCAP,First Capital Inc,2023-07-19,2023-06-30,,USD
FCBC,First Community Bankshares Inc,2023-07-25,2023-06-30,0.7,USD
FCCO,First Community Corp,2023-07-18,2023-06-30,0.41,USD
FCEL,Fuelcell Energy Inc,2023-09-06,2023-07-31,-0.08,USD
FCF,First Commonwealth Financial Corp,2023-07-24,2023-06-30,0.42,USD
FCFS,FirstCash Holdings Inc,2023-07-27,2023-06-30,1.08,USD
FCHS,FCHS,2023-08-16,2023-06-30,0,USD
FCMGF,FCMGF,2023-08-07,2023-06-30,,CAD
FCN,FTI Consulting Inc,2023-07-26,2023-06-30,1.61,USD
FCNCA,First Citizens Bancshares Inc (NC) - Class A,2023-07-26,2023-06-30,42.2,USD
FCOB,FCOB,2023-07-25,2023-06-30,0,USD
FCPT,Four Corners Property Trust Inc,2023-07-24,2023-06-30,0.26,USD
FCRD,FCRD,2023-08-07,2023-06-30,,USD
FCUUF,FCUUF,2023-08-15,2023-06-30,0,CAD
FCUV,Focus Universal Inc,2023-08-10,2023-06-30,-0.02,USD
FCX,Freeport-McMoRan Inc,2023-07-19,2023-06-30,0.5,USD
FCXXF,FCXXF,2023-07-25,2023-06-30,,CAD
FDBC,Fidelity D&D Bancorp Inc,2023-07-25,2023-06-30,,USD
FDCT,FDCT,2023-08-14,2023-06-30,,USD
FDMT,4D Molecular Therapeutics Inc,2023-08-09,2023-06-30,-0.78,USD
FDOGF,FDOGF,2023-08-28,2023-06-30,,CAD
FDP,Fresh Del Monte Produce Inc,2023-07-25,2023-06-30,0.59,USD
FDS,Factset Research Systems Inc,2023-09-20,2023-08-31,3.51,USD
FDUS,Fidus Investment Corp,2023-08-02,2023-06-30,0.59,USD
FDX,Fedex Corp,2023-09-20,2023-08-31,4.09,USD
FE,Firstenergy Corp,2023-07-24,2023-06-30,0.49,USD
FECCF,FECCF,2023-08-07,2023-06-30,,USD
FEDU,Four Seasons Education (Cayman) Inc,2023-06-27,2023-05-31,,CNY
FEEXF,FEEXF,2023-08-02,2023-06-30,0,USD
FEIM,Frequency Electronics Inc,2023-07-11,2023-04-30,,USD
FEIM,Frequency Electronics Inc,2023-09-11,2023-07-31,,USD
FELE,Franklin Electric Co. Inc,2023-07-24,2023-06-30,1.33,USD
FEMY,Femasys Inc,2023-08-09,2023-06-30,-0.24,USD
FENC,Fennec Pharmaceuticals Inc,2023-08-10,2023-06-30,-0.17,USD
FENG,Phoenix New Media Ltd,2023-08-14,2023-06-30,,CNY
FET,Forum Energy Technologies Inc,2023-08-02,2023-06-30,,USD
FETM,FETM,2023-07-31,2023-06-30,,USD
FEXXF,FEXXF,2023-08-24,2023-06-30,,CAD
FF,Futurefuel Corp,2023-08-07,2023-06-30,,USD
FFBC,First Financial Bancorp,2023-07-19,2023-06-30,0.7,USD
FFDF,FFDF,2023-07-28,2023-06-30,0,USD
FFIC,Flushing Financial Corp,2023-07-25,2023-06-30,0.25,USD
FFIE,Faraday Future Intelligent Electric Inc - Class A,2023-08-14,2023-06-30,-0.08,USD
FFIN,First Financial Bankshares Inc,2023-07-19,2023-06-30,0.37,USD
FFIV,F5 Inc,2023-07-24,2023-06-30,2.85,USD
FFLWF,FFLWF,2023-09-11,2023-07-31,,CAD
FFMH,FFMH,2023-07-24,2023-06-30,,USD
FFNTF,FFNTF,2023-08-14,2023-07-31,,USD
FFNW,First Financial Northwest Inc,2023-07-26,2023-06-30,0.2,USD
FFWC,FFWC,2023-08-10,2023-06-30,,USD
FFWM,First Foundation Inc,2023-07-24,2023-06-30,0.09,USD
FFXDF,FFXDF,2023-07-26,2023-06-30,,USD
FFXXF,FFXXF,2023-08-08,2023-06-30,,USD
FGBI,First Guaranty Bancshares Inc,2023-07-25,2023-06-30,0.3,USD
FGEN,FibroGen Inc,2023-08-07,2023-06-30,-0.71,USD
FGF,FG Financial Group Inc,2023-08-09,2023-06-30,,USD
FGH,FG Group Holdings Inc,2023-07-31,2023-06-30,,USD
FGI,FGI Industries Ltd,2023-08-09,2023-06-30,0.025,USD
FHB,First Hawaiian Inc,2023-07-27,2023-06-30,0.51,USD
FHI,Federated Hermes Inc - Class B,2023-07-26,2023-06-30,0.81,USD
FHN,First Horizon Corporation,2023-07-19,2023-06-30,0.38,USD
FHTX,Foghorn Therapeutics Inc,2023-08-08,2023-06-30,-0.7025,USD
FI,Fiserv Inc,2023-07-24,2023-06-30,1.79,USD
FIBK,First Interstate BancSystem Inc,2023-07-24,2023-06-30,0.7,USD
FICO,Fair Isaac Corp,2023-08-01,2023-06-30,5.22,USD
FIGS,Figs Inc - Class A,2023-08-05,2023-06-30,0.01,USD
FINGF,FINGF,2023-07-31,2023-06-30,,CAD
FINMY,FINMY,2023-07-28,2023-06-30,0.1695,EUR
FINV,FinVolution Group,2023-08-21,2023-06-30,,CNY
FINW,FinWise Bancorp,2023-07-26,2023-06-30,0.31,USD
FIP,FTAI Infrastructure Inc,2023-08-30,2023-06-30,-0.18,USD
FIS,Fidelity National Information Services Inc,2023-08-02,2023-06-30,1.48,USD
FISB,FISB,2023-09-13,2023-06-30,,USD
FISI,Financial Institutions Inc,2023-07-26,2023-06-30,0.75,USD
FISV,FISV,2023-07-24,2023-06-30,1.79,USD
FITB,Fifth Third Bancorp,2023-07-20,2023-06-30,0.86,USD
FIVE,Five Below Inc,2023-08-29,2023-07-31,0.83,USD
FIVN,Five9 Inc,2023-07-26,2023-06-30,0.39,USD
FIX,Comfort Systems USA Inc,2023-07-25,2023-06-30,1.6,USD
FIXX,Homology Medicines Inc,2023-08-14,2023-06-30,-0.45,USD
FIZZ,National Beverage Corp,2023-06-27,2023-05-31,,USD
FIZZ,National Beverage Corp,2023-06-27,2023-04-30,0.38,USD
FIZZ,National Beverage Corp,2023-09-06,2023-08-31,,USD
FIZZ,National Beverage Corp,2023-09-06,2023-07-31,0.5136,USD
FJTSY,FJTSY,2023-07-27,2023-06-30,0.1636,JPY
FKWL,Franklin Wireless Corp,2023-09-11,2023-06-30,,USD
FKYS,FKYS,2023-07-27,2023-06-30,,USD
FL,Foot Locker Inc,2023-08-17,2023-07-31,0.04,USD
FLES,FLES,2023-09-12,2023-07-31,,USD
FLEX,Flex Ltd,2023-07-25,2023-06-30,0.46,USD
FLGC,Flora Growth Corp,2023-08-16,2023-06-30,-0.6,USD
FLGMF,FLGMF,2023-08-08,2023-06-30,,USD
FLGT,Fulgent Genetics Inc,2023-08-02,2023-06-30,-0.33,USD
FLIC,First Of Long Island Corp,2023-07-26,2023-06-30,0.32,USD
FLJ,FLJ Group Limited,2023-08-30,2023-06-30,0,CNY
FLL,Full House Resorts Inc,2023-07-31,2023-06-30,0.05,USD
FLMMF,FLMMF,2023-08-10,2023-06-30,,CAD
FLNC,Fluence Energy Inc - Class A,2023-08-14,2023-06-30,-0.1545,USD
FLNG,Flex Lng Ltd,2023-08-31,2023-06-30,0.5805,USD
FLNT,Fluent Inc,2023-08-07,2023-06-30,-0.01,USD
FLO,Flowers Foods Inc,2023-08-09,2023-06-30,0.28,USD
FLOOF,FLOOF,2023-07-20,2023-06-30,-0.01,USD
FLR,Fluor Corporation,2023-08-03,2023-06-30,0.43,USD
FLS,Flowserve Corp,2023-07-25,2023-06-30,0.4,USD
FLT,Fleetcor Technologies Inc,2023-08-01,2023-06-30,4.17,USD
FLUX,Flux Power Holdings Inc,2023-09-20,2023-06-30,-0.07,USD
FLWPF,FLWPF,2023-08-28,2023-06-30,,USD
FLWS,1-800 Flowers.com Inc - Class A,2023-08-30,2023-06-30,-0.32,USD
FLXS,Flexsteel Industries Inc,2023-08-21,2023-06-30,0.35,USD
FLYLF,FLYLF,2023-08-08,2023-06-30,,CAD
FLYW,Flywire Corp,2023-08-09,2023-06-30,-0.14,USD
FMAO,Farmers & Merchants Bancorp Inc,2023-07-19,2023-06-30,0.46,USD
FMBH,First Mid Bancshares Inc,2023-07-26,2023-06-30,0.75,USD
FMBL,FMBL,2023-07-12,2023-06-30,,USD
FMBM,FMBM,2023-07-25,2023-06-30,,USD
FMC,FMC Corp,2023-08-02,2023-06-30,1.76,USD
FMCB,FMCB,2023-07-19,2023-06-30,0.52,USD
FMCC,FMCC,2023-07-26,2023-06-30,,USD
FMNB,Farmers National Banc Corp,2023-07-25,2023-06-30,0.41,USD
FMS,Fresenius Medical Care AG & Co. KGaA,2023-08-02,2023-06-30,0.2683,EUR
FMX,Fomento Economico Mexicano S.A.B. de C.V.,2023-07-28,2023-06-30,13.88,USD
FN,Fabrinet,2023-08-14,2023-06-30,1.8,USD
FNA,Paragon 28 Inc,2023-08-02,2023-06-30,-0.103,USD
FNB,F.N.B. Corp,2023-07-18,2023-06-30,0.38,USD
FNCB,FNCB Bancorp Inc,2023-07-27,2023-06-30,,USD
FNCH,Finch Therapeutics Group Inc,2023-08-09,2023-06-30,-0.03,USD
FND,Floor & Decor Holdings Inc - Class A,2023-08-02,2023-06-30,0.65,USD
FNF,Fidelity National Financial Inc,2023-07-31,2023-06-30,1.02,USD
FNKO,Funko Inc - Class A,2023-08-02,2023-06-30,-0.37,USD
FNLC,First Bancorp Inc (ME),2023-07-18,2023-06-30,,USD
FNLIF,FNLIF,2023-07-24,2023-06-30,,CAD
FNLPF,FNLPF,2023-08-01,2023-06-30,0.35,USD
FNMA,FNMA,2023-07-27,2023-06-30,,USD
FNMAS,FNMAS,2023-08-03,2023-06-30,0,USD
FNRN,FNRN,2023-07-26,2023-06-30,,USD
FNV,Franco-Nevada Corporation,2023-08-08,2023-06-30,0.93,USD
FNWB,First Northwest Bancorp,2023-07-25,2023-06-30,0.26,USD
FNWD,Finward Bancorp,2023-07-25,2023-06-30,0.61,USD
FOA,Finance of America Companies Inc,2023-08-02,2023-06-30,0.02,USD
FOCS,Focus Financial Partners Inc - Class A,2023-08-02,2023-06-30,0.98,USD
FOLD,Amicus Therapeutics Inc,2023-08-02,2023-06-30,-0.13,USD
FOLGF,FOLGF,2023-08-22,2023-06-30,,USD
FOR,Forestar Group Inc New,2023-07-20,2023-06-30,0.55,USD
FORA,Forian Inc,2023-08-09,2023-06-30,-0.05,USD
FORD,Forward Industries Inc,2023-08-08,2023-06-30,,USD
FORG,ForgeRock Inc - Class A,2023-08-12,2023-06-30,-0.1,USD
FORM,FormFactor Inc,2023-07-25,2023-06-30,0.14,USD
FORR,Forrester Research Inc,2023-07-26,2023-06-30,0.71,USD
FORTY,Formula Systems (1985) Ltd,2023-08-17,2023-06-30,0,USD
FOSL,Fossil Group Inc,2023-08-08,2023-06-30,,USD
FOSYF,FOSYF,2023-08-14,2023-06-30,,CAD
FOTB,FOTB,2023-07-31,2023-06-30,,USD
FOUR,Shift4 Payments Inc - Class A,2023-08-02,2023-06-30,0.55,USD
FOX,Fox Corporation - Class B,2023-08-02,2023-06-30,0.7207,USD
FOXA,Fox Corporation - Class A,2023-08-08,2023-06-30,0.72,USD
FOXF,Fox Factory Holding Corp,2023-08-02,2023-07-31,1.13,USD
FPAY,FlexShopper Inc,2023-08-08,2023-06-30,-0.08,USD
FPH,Five Point Holdings LLC - Class A,2023-07-31,2023-06-30,,USD
FPI,Farmland Partners Inc,2023-07-24,2023-06-30,0.06,USD
FPLSF,FPLSF,2023-07-31,2023-06-30,,USD
FPMI,FPMI,2023-08-30,2023-06-30,0,USD
FQVLF,FQVLF,2023-07-24,2023-06-30,0.29,USD
FR,First Industrial Realty Trust Inc,2023-07-18,2023-06-30,0.28,USD
FRAF,Franklin Financial Services Corp,2023-07-24,2023-06-30,,USD
FRBA,First Bank (NJ),2023-07-24,2023-06-30,0.28,USD
FRBK,Republic First Bancorp Inc,2023-07-31,2023-06-30,-0.07,USD
FRC,FRC,2023-07-12,2023-06-30,,USD
FRCB,FRCB,2023-07-12,2023-06-30,-1.46,USD
FRCOY,FRCOY,2023-07-13,2023-05-31,0.1642,JPY
FRD,Friedman Industries Inc,2023-06-29,2023-03-31,0,USD
FRD,Friedman Industries Inc,2023-07-20,2023-06-30,,USD
FREE,Whole Earth Brands Inc - Class A,2023-08-07,2023-06-30,-0.08,USD
FREQ,Frequency Therapeutics Inc,2023-08-07,2023-06-30,-0.35,USD
FREY,FREYR Battery,2023-08-06,2023-06-30,-0.25,USD
FRFHF,FRFHF,2023-07-26,2023-06-30,29.64,USD
FRG,Franchise Group Inc - Class A,2023-08-02,2023-06-30,0.27,USD
FRGE,Forge Global Holdings Inc - Class A,2023-08-07,2023-06-30,-0.11,USD
FRGI,Fiesta Restaurant Group Inc,2023-08-09,2023-06-30,0.08,USD
FRHC,Freedom Holding Corp,2023-08-09,2023-06-30,0.85,USD
FRHHF,FRHHF,2023-08-09,2023-06-30,,USD
FRHLF,FRHLF,2023-08-07,2023-06-30,,CAD
FRME,First Merchants Corp,2023-07-24,2023-06-30,1.03,USD
FRMO,FRMO,2023-08-10,2023-05-31,,USD
FRMUF,FRMUF,2023-08-09,2023-06-30,,CAD
FRO,Frontline Plc,2023-08-31,2023-06-30,0.8491,USD
FROG,JFrog Ltd,2023-08-01,2023-06-30,0.05,USD
FRPH,FRP Holdings Inc,2023-08-09,2023-06-30,,USD
FRPT,Freshpet Inc,2023-08-07,2023-06-30,-0.43,USD
FRRPF,FRRPF,2023-08-09,2023-06-30,,CAD
FRSB,FRSB,2023-07-26,2023-06-30,,USD
FRSH,Freshworks Inc Class A,2023-07-31,2023-06-30,0.02,USD
FRST,Primis Financial Corp,2023-07-26,2023-06-30,0.25,USD
FRSX,Foresight Autonomous Holdings Ltd,2023-08-18,2023-06-30,-0.07,USD
FRT,Federal Realty Investment Trust.,2023-08-02,2023-06-30,0.6416,USD
FRTN,FRTN,2023-08-15,2023-06-30,0,USD
FRTX,Fresh Tracks Therapeutics Inc,2023-08-09,2023-06-30,-1.68,USD
FSBC,Five Star Bancorp,2023-07-25,2023-06-30,0.6731,USD
FSBW,FS Bancorp Inc,2023-07-26,2023-06-30,1.22,USD
FSFG,First Savings Financial Group Inc,2023-07-24,2023-06-30,0.55,USD
FSI,Flexible Solutions International Inc,2023-08-14,2023-06-30,0.09,USD
FSK,FS KKR Capital Corp,2023-08-07,2023-06-30,0.76,USD
FSLR,First Solar Inc,2023-07-26,2023-06-30,1.1,USD
FSLY,Fastly Inc - Class A,2023-08-01,2023-06-30,-0.1,USD
FSM,Fortuna Silver Mines Inc,2023-08-08,2023-06-30,0.03,USD
FSMK,FSMK,2023-08-18,2023-06-30,,USD
FSNUY,FSNUY,2023-08-02,2023-06-30,0.1534,EUR
FSP,Franklin Street Properties Corp,2023-07-31,2023-06-30,-0.07,USD
FSR,Fisker Inc - Class A,2023-08-01,2023-06-30,-0.28,USD
FSRL,FSRL,2023-07-27,2023-06-30,0.16,USD
FSS,Federal Signal Corp,2023-07-25,2023-06-30,0.62,USD
FSTR,L.B. Foster Co. - Class A,2023-08-07,2023-06-30,0.27,USD
FSTX,FSTX,2023-08-09,2023-06-30,,USD
FSUMF,FSUMF,2023-08-28,2023-06-30,0.9198,USD
FSV,FirstService Corp,2023-07-25,2023-06-30,1.31,USD
FTAI,FTAI Aviation Ltd - Class A,2023-07-25,2023-06-30,,USD
FTCH,Farfetch Ltd - Class A,2023-08-21,2023-06-30,-0.41,USD
FTCI,FTC Solar Inc,2023-08-07,2023-06-30,-0.04,USD
FTCO,FTCO,2023-08-01,2023-06-30,0.14,USD
FTDL,FTDL,2023-09-06,2023-06-30,0,USD
FTDR,Frontdoor Inc,2023-08-02,2023-06-30,0.55,USD
FTEK,Fuel Tech Inc,2023-08-08,2023-06-30,-0.02,USD
FTFT,Future FinTech Group Inc,2023-08-14,2023-06-30,,USD
FTGFF,FTGFF,2023-07-11,2023-05-31,,CAD
FTHM,Fathom Holdings Inc,2023-08-02,2023-06-30,-0.21,USD
FTI,TechnipFMC plc,2023-07-25,2023-06-30,0.15,USD
FTK,Flotek Industries Inc,2023-08-07,2023-06-30,-0.02,USD
FTNT,Fortinet Inc,2023-08-01,2023-06-30,0.34,USD
FTS,Fortis Inc,2023-08-02,2023-06-30,0.46,CAD
FTV,Fortive Corp,2023-07-26,2023-06-30,0.8,USD
FTXP,FTXP,2023-08-15,2023-06-30,0,USD
FUBO,fuboTV Inc,2023-08-02,2023-06-30,-0.3,USD
FUJHY,FUJHY,2023-08-02,2023-06-30,0.3229,JPY
FUJIY,FUJIY,2023-08-10,2023-06-30,0.796,JPY
FUL,H.B. Fuller Company,2023-06-28,2023-05-31,1.04,USD
FUL,H.B. Fuller Company,2023-09-19,2023-08-31,1.27,USD
FULC,Fulcrum Therapeutics Inc,2023-08-09,2023-06-30,-0.45,USD
FULT,Fulton Financial Corp,2023-07-17,2023-06-30,0.44,USD
FUN,Cedar Fair L.P.,2023-08-01,2023-06-30,1.18,USD
FUNC,First United Corporation,2023-07-24,2023-06-30,0.89,USD
FUNFF,FUNFF,2023-08-28,2023-06-30,,CAD
FUPBY,FUPBY,2023-07-28,2023-06-30,0.1405,EUR
FURY,Fury Gold Mines Ltd,2023-08-30,2023-06-30,0,CAD
FUSB,First US Bancshares Inc,2023-07-25,2023-06-30,,USD
FUSN,Fusion Pharmaceuticals Inc,2023-08-07,2023-06-30,-0.42,USD
FUTU,Futu Holdings Ltd,2023-08-28,2023-06-30,0.99,HKD
FUV,Arcimoto Inc,2023-08-14,2023-06-30,,USD
FUWAY,FUWAY,2023-08-03,2023-06-30,0.0897,JPY
FVCB,FVCBankcorp Inc,2023-07-19,2023-06-30,0.23,USD
FVRR,Fiverr International Ltd,2023-08-02,2023-06-30,0.35,USD
FWONA,Liberty Media Corp (Tracking Stock -Liberty Formula 1) Series A,2023-08-03,2023-06-30,0.135,USD
FWONK,Liberty Media Corp (Tracking Stock -Liberty Formula 1) Series C,2023-08-10,2023-06-30,0.055,USD
FWRD,Forward Air Corp,2023-07-25,2023-06-30,1.28,USD
FWRG,First Watch Restaurant Group Inc,2023-08-08,2023-06-30,0.0798,USD
FXLV,F45 Training Holdings Inc,2023-06-23,2023-03-31,0.01,USD
FXLV,F45 Training Holdings Inc,2023-08-14,2023-06-30,0.01,USD
FXNC,First National Corp (Strasburg VA),2023-07-24,2023-06-30,0.56,USD
FYBR,Frontier Communications Parent Inc,2023-08-03,2023-06-30,0.01,USD
FYMNF,FYMNF,2023-08-28,2023-06-30,,CAD
G,Genpact Ltd,2023-08-02,2023-06-30,0.69,USD
GABC,German American Bancorp Inc,2023-07-24,2023-06-30,0.68,USD
GADS,GADS,2023-08-08,2023-06-30,0,USD
GAHC,GAHC,2023-08-22,2023-06-30,0,USD
GAIA,Gaia Inc - Class A,2023-07-31,2023-06-30,-0.04,USD
GAIN,Gladstone Investment Corporation,2023-08-01,2023-06-30,0.27,USD
GALKF,GALKF,2023-08-24,2023-06-30,,CAD
GALT,Galectin Therapeutics Inc,2023-08-14,2023-06-30,-0.21,USD
GAM,General American Investors Co. Inc,2023-08-03,2023-06-30,,USD
GAMB,Gambling.com Group Ltd,2023-08-28,2023-06-30,0.11,USD
GAME,Engine Gaming and Media Inc,2023-07-24,2023-06-30,-0.205,USD
GAMI,GAMI,2023-07-31,2023-06-30,,USD
GAN,GAN Ltd,2023-08-14,2023-06-30,-0.1817,USD
GANX,Gain Therapeutics Inc,2023-08-07,2023-06-30,-0.31,USD
GASNY,GASNY,2023-07-26,2023-06-30,0,EUR
GASS,StealthGas Inc,2023-08-22,2023-06-30,0.14,USD
GASXF,GASXF,2023-08-31,2023-06-30,0,USD
GATO,Gatos Silver Inc,2023-08-08,2023-06-30,0.05,USD
GATX,GATX Corp,2023-07-19,2023-06-30,1.64,USD
GAU,Galiano Gold Inc,2023-08-09,2023-06-30,0.01,USD
GAXY,GAXY,2023-09-21,2023-06-30,,USD
GB,Global Blue Group Holding AG,2023-06-26,2023-03-31,,USD
GB,Global Blue Group Holding AG,2023-08-31,2023-06-30,,USD
GBCI,Glacier Bancorp Inc,2023-07-19,2023-06-30,0.51,USD
GBCS,GBCS,2023-09-18,2023-06-30,,USD
GBDC,Golub Capital BDC Inc,2023-08-07,2023-06-30,0.41,USD
GBIO,Generation Bio Company,2023-08-02,2023-06-30,-0.5,USD
GBLI,Global Indemnity Group LLC - Class A,2023-08-07,2023-06-30,0.6,USD
GBLTF,GBLTF,2023-08-22,2023-06-30,,EUR
GBNH,Greenbrook TMS Inc,2023-07-31,2023-06-30,-0.23,USD
GBNXF,GBNXF,2023-07-31,2023-06-30,,CAD
GBR,New Concept Energy Inc,2023-08-08,2023-06-30,,USD
GBTC,GBTC,2023-08-03,2023-06-30,,USD
GBTG,Global Business Travel Group Inc - Class A,2023-08-10,2023-06-30,0.0225,USD
GBX,Greenbrier Cos. Inc,2023-06-29,2023-05-31,0.6,USD
GCAAF,GCAAF,2023-08-09,2023-06-30,,CAD
GCBC,Greene County Bancorp Inc,2023-07-24,2023-06-30,,USD
GCEH,GCEH,2023-08-30,2023-06-30,-0.08,USD
GCFB,GCFB,2023-08-17,2023-06-30,0,USD
GCI,Gannett Co Inc,2023-08-02,2023-06-30,-0.05,USD
GCMG,GCM Grosvenor Inc - Class A,2023-08-07,2023-06-30,0.12,USD
GCO,Genesco Inc,2023-08-30,2023-07-31,-1.23,USD
GCTAY,GCTAY,2023-08-01,2023-06-30,-0.0229,USD
GD,General Dynamics Corp,2023-07-25,2023-06-30,2.56,USD
GDDFF,GDDFF,2023-07-11,2023-05-31,,USD
GDDY,Godaddy Inc - Class A,2023-08-01,2023-06-30,0.56,USD
GDEN,Golden Entertainment Inc,2023-08-02,2023-06-30,0.51,USD
GDEV,Nexters Inc,2023-08-03,2023-06-30,0,USD
GDNPF,GDNPF,2023-08-28,2023-06-30,,CAD
GDNSF,GDNSF,2023-08-09,2023-06-30,-0.05,USD
GDOT,Green Dot Corp - Class A,2023-08-02,2023-06-30,0.34,USD
GDRX,GoodRx Holdings Inc - Class A,2023-08-07,2023-06-30,0.06,USD
GDRZF,GDRZF,2023-08-03,2023-06-30,,USD
GDS,GDS Holdings Ltd,2023-08-21,2023-06-30,-0.28,CNY
GDYN,Grid Dynamics Holdings Inc - Class A,2023-08-02,2023-06-30,0.08,USD
GE,General Electric Company,2023-07-25,2023-06-30,0.45,USD
GEBHY,GEBHY,2023-08-31,2023-06-30,0.1239,MYR
GECC,Great Elm Capital Corp,2023-08-02,2023-06-30,0.38,USD
GECSF,GECSF,2023-07-12,2023-05-31,,CAD
GEF,Greif Inc - Class A,2023-08-29,2023-07-31,1.51,USD
GEF-B,Greif Inc - Class B,2023-08-30,2023-07-31,1.48,USD
GEHC,GE HealthCare Technologies Inc,2023-08-29,2023-06-30,0.86,USD
GEL,Genesis Energy L.P.,2023-07-26,2023-06-30,0.27,USD
GEN,Gen Digital Inc,2023-08-02,2023-06-30,0.46,USD
GENC,Gencor Industries Inc,2023-08-10,2023-06-30,,USD
GENE,Genetic Technologies Ltd,2023-08-29,2023-06-30,0,AUD
GENGF,GENGF,2023-07-25,2023-06-30,,CAD
GENI,Genius Sports Ltd,2023-08-14,2023-06-30,-0.04,USD
GENN,GENN,2023-08-08,2023-06-30,0,USD
GEO,Geo Group Inc,2023-07-31,2023-06-30,0.2,USD
GEOS,Geospace Technologies Corp,2023-08-07,2023-06-30,,USD
GERN,Geron Corp,2023-08-09,2023-06-30,-0.08,USD
GES,Guess Inc,2023-08-22,2023-07-31,0.39,USD
GETY,Getty Images Holdings Inc - Class A,2023-08-09,2023-06-30,0.0423,USD
GEVO,Gevo Inc,2023-08-07,2023-06-30,-0.07,USD
GFASY,GFASY,2023-08-14,2023-06-30,0,BRL
GFELF,GFELF,2023-07-05,2023-05-31,,CAD
GFF,Griffon Corp,2023-07-26,2023-06-30,0.91,USD
GFI,Gold Fields Ltd,2023-08-17,2023-06-30,0.22,USD
GFL,GFL Environmental Inc (Sub Voting),2023-07-25,2023-06-30,0.21,CAD
GFS,GlobalFoundries Inc,2023-08-08,2023-06-30,0.5027,USD
GFX,Golden Falcon Acquisition Corp - Class A,2023-08-15,2023-06-30,,USD
GGAL,Grupo Financiero Galicia,2023-08-24,2023-06-30,0.3799,ARS
GGAZF,GGAZF,2023-08-14,2023-06-30,,USD
GGB,Gerdau S.A.,2023-08-09,2023-06-30,0.2808,USD
GGBBF,GGBBF,2023-08-08,2023-06-30,,CAD
GGE,Green Giant Inc,2023-08-15,2023-06-30,0,USD
GGG,Graco Inc,2023-07-25,2023-06-30,0.79,USD
GGGOF,GGGOF,2023-08-21,2023-06-30,,USD
GGR,Gogoro Inc - Class A,2023-08-10,2023-06-30,0,USD
GGTHD,GGTHD,2023-07-25,2023-06-30,,CAD
GGTHD,GGTHD,2023-07-25,2023-05-31,,CAD
GGTHF,GGTHF,2023-07-25,2023-05-31,,CAD
GH,Guardant Health Inc,2023-08-02,2023-06-30,-1.18,USD
GHC,Graham Holdings Co. - Class B,2023-08-01,2023-06-30,10.21,USD
GHG,GreenTree Hospitality Group Ltd,2023-08-18,2023-06-30,0.76,USD
GHI,Greystone Housing Impact Investors LP,2023-08-02,2023-06-30,0.17,USD
GHIFF,GHIFF,2023-08-07,2023-06-30,,CAD
GHL,Greenhill & Co Inc,2023-07-31,2023-06-30,0.52,USD
GHLD,Guild Holdings Co - Class A,2023-08-02,2023-06-30,0.14,USD
GHM,Graham Corp,2023-07-27,2023-06-30,-0.04,USD
GHRS,GH Research PLC,2023-09-21,2023-06-30,-0.2483,USD
GHSI,Guardion Health Sciences Inc,2023-08-09,2023-06-30,-0.93,USD
GHVNF,GHVNF,2023-06-26,2023-04-30,,USD
GIB,CGI Inc - Class A,2023-07-26,2023-06-30,1.36,CAD
GIC,Global Industrial Company,2023-07-31,2023-06-30,0.43,USD
GIFI,Gulf Island Fabrication Inc,2023-08-07,2023-06-30,-0.09,USD
GIGA,GIGA,2023-08-09,2023-06-30,,USD
GIGM,Gigamedia,2023-07-27,2023-06-30,,USD
GIII,G-III Apparel Group Ltd,2023-09-05,2023-07-31,-0.01,USD
GIKLY,GIKLY,2023-07-27,2023-06-30,0.0924,EUR
GIL,Gildan Activewear Inc,2023-08-02,2023-06-30,0.62,USD
GILD,Gilead Sciences Inc,2023-07-31,2023-06-30,1.71,USD
GILT,Gilat Satellite Networks,2023-08-07,2023-06-30,0.02,USD
GIPIF,GIPIF,2023-08-23,2023-06-30,,CAD
GIPR,Generation Income Properties Inc,2023-08-22,2023-06-30,0.035,USD
GIS,General Mills Inc,2023-06-28,2023-05-31,1.06,USD
GIS,General Mills Inc,2023-09-19,2023-08-31,1.13,USD
GKOS,Glaukos Corporation,2023-08-01,2023-06-30,-0.55,USD
GL,Globe Life Inc,2023-07-25,2023-06-30,2.57,USD
GLAD,Gladstone Capital Corp,2023-07-25,2023-06-30,0.27,USD
GLAE,GLAE,2023-08-15,2023-06-30,0,USD
GLAPY,GLAPY,2023-08-16,2023-06-30,0,EUR
GLASF,GLASF,2023-08-09,2023-06-30,-0.09,USD
GLATF,GLATF,2023-08-09,2023-06-30,,CAD
GLBE,Global E Online Ltd,2023-08-15,2023-06-30,-0.2529,USD
GLBR,GLBR,2023-08-03,2023-06-30,0,USD
GLBS,Globus Maritime Ltd,2023-08-14,2023-06-30,0.38,USD
GLBZ,Glen Burnie Bancorp,2023-08-07,2023-06-30,,USD
GLCNF,GLCNF,2023-08-08,2023-06-30,0.41,USD
GLDD,Great Lakes Dredge & Dock Corporation,2023-07-31,2023-06-30,-0.1,USD
GLDG,GoldMining Inc,2023-07-13,2023-06-30,-0.0149,CAD
GLDRF,GLDRF,2023-08-28,2023-06-30,,CAD
GLG,TD Holdings Inc,2023-08-17,2023-06-30,0,USD
GLGDF,GLGDF,2023-08-09,2023-06-30,0.01,USD
GLGLF,GLGLF,2023-08-14,2023-06-30,,CAD
GLMD,Galmed Pharmaceuticals Ltd,2023-08-02,2023-06-30,-1.5,USD
GLMFF,GLMFF,2023-08-09,2023-06-30,,CAD
GLNCY,GLNCY,2023-08-08,2023-06-30,0.415,USD
GLNG,Golar Lng,2023-08-09,2023-06-30,0.46,USD
GLOB,Globant S.A.,2023-08-16,2023-06-30,1.34,USD
GLOG-PA,GLOG-PA,2023-07-26,2023-06-30,,USD
GLOP,Gaslog Partners LP,2023-07-26,2023-06-30,0.45,USD
GLP,Global Partners LP,2023-08-03,2023-06-30,0.99,USD
GLPG,Galapagos NV,2023-08-03,2023-06-30,-0.7473,EUR
GLPI,Gaming and Leisure Properties Inc,2023-07-26,2023-06-30,0.7,USD
GLRE,Greenlight Capital Re Ltd - Class A,2023-07-31,2023-06-30,0.65,USD
GLRI,GLRI,2023-08-10,2023-06-30,0,USD
GLS,GLS,2023-08-14,2023-06-30,-0.065,USD
GLSH,GLSH,2023-08-14,2023-06-30,-0.065,USD
GLSI,Greenwich LifeSciences Inc,2023-08-14,2023-06-30,-0.23,USD
GLT,Glatfelter Corporation,2023-07-31,2023-06-30,0.06,USD
GLTO,Galecto Inc,2023-07-27,2023-06-30,-0.59,USD
GLTVF,GLTVF,2023-09-18,2023-06-30,,RUB
GLUC,GLUC,2023-08-14,2023-06-30,,USD
GLUE,Monte Rosa Therapeutics Inc,2023-08-10,2023-06-30,-0.6971,USD
GLW,Corning Inc,2023-07-24,2023-06-30,0.46,USD
GLXZ,GLXZ,2023-08-14,2023-06-30,,USD
GLYC,GlycoMimetics Inc,2023-08-01,2023-06-30,-0.18,USD
GM,General Motors Company,2023-07-25,2023-06-30,1.69,USD
GMAB,Genmab,2023-08-03,2023-06-30,0.2871,DKK
GMDA,Gamida Cell Ltd,2023-08-09,2023-06-30,-0.204,USD
GME,Gamestop Corporation - Class A,2023-09-05,2023-07-31,-0.14,USD
GMED,Globus Medical Inc - Class A,2023-08-02,2023-06-30,0.59,USD
GMER,GMER,2023-08-14,2023-06-30,,USD
GMGI,Golden Matrix Group Inc,2023-09-05,2023-07-31,,USD
GMHLY,GMHLY,2023-08-03,2023-06-30,0,CHF
GMNFF,GMNFF,2023-08-16,2023-06-30,,USD
GMPXF,GMPXF,2023-07-26,2023-06-30,,CAD
GMRE,Global Medical REIT Inc,2023-08-01,2023-06-30,0.01,USD
GMS,GMS Inc,2023-08-30,2023-07-31,1.89,USD
GNAL,GNAL,2023-08-16,2023-06-30,0,USD
GNCGY,GNCGY,2023-07-25,2023-06-30,0,GBP
GNE,Genie Energy Ltd - Class B,2023-08-07,2023-06-30,,USD
GNK,Genco Shipping & Trading Ltd,2023-08-01,2023-06-30,0.33,USD
GNL,Global Net Lease Inc,2023-08-02,2023-06-30,-0.02,USD
GNLAF,GNLAF,2023-07-26,2023-06-30,,CAD
GNLN,Greenlane Holdings Inc - Class A,2023-08-14,2023-06-30,-4.21,USD
GNLX,Genelux Corp,2023-08-30,2023-06-30,-0.15,USD
GNOW,GNOW,2023-08-16,2023-06-30,0,USD
GNPX,Genprex Inc,2023-08-30,2023-06-30,-0.11,USD
GNRC,Generac Holdings Inc,2023-08-01,2023-06-30,1.14,USD
GNRS,GNRS,2023-08-22,2023-06-30,0,USD
GNSS,Genasys Inc,2023-08-09,2023-06-30,-0.05,USD
GNTX,Gentex Corp,2023-07-20,2023-06-30,0.4,USD
GNTY,Guaranty Bancshares Inc (TX),2023-07-17,2023-06-30,0.56,USD
GNUS,Genius Brands International Inc,2023-08-15,2023-06-30,,USD
GNW,Genworth Financial Inc - Class A,2023-07-31,2023-06-30,0.24,USD
GO,Grocery Outlet Holding Corp,2023-08-07,2023-06-30,0.26,USD
GOCO,GoHealth Inc - Class A,2023-08-14,2023-06-30,-2.73,USD
GOEV,Canoo Inc - Class A,2023-08-07,2023-06-30,-0.19,USD
GOGL,Golden Ocean Group Ltd,2023-08-23,2023-06-30,1.31,USD
GOGO,Gogo Inc,2023-08-03,2023-06-30,0.14,USD
GOL,Gol Linhas Aereas Inteligentes S.A.,2023-07-27,2023-06-30,-0.1668,BRL
GOLD,Barrick Gold Corp,2023-08-07,2023-06-30,0.21,USD
GOLF,Acushnet Holdings Corp,2023-08-02,2023-06-30,0.9,USD
GOLXF,GOLXF,2023-07-25,2023-05-31,,CAD
GOOD,Gladstone Commercial Corp,2023-07-31,2023-06-30,-0.02,USD
GOOG,Alphabet Inc - Class C,2023-07-24,2023-06-30,1.28,USD
GOOGL,Alphabet Inc - Class A,2023-07-24,2023-06-30,1.34,USD
GOOS,Canada Goose Holdings Inc (Subord Vot Shs),2023-08-09,2023-06-30,-0.66,CAD
GORO,Gold Resource Corp,2023-07-25,2023-06-30,-0.02,USD
GOSS,Gossamer Bio Inc,2023-08-07,2023-06-30,-0.5,USD
GOTU,Gaotu Techedu Inc,2023-09-06,2023-06-30,,CNY
GOVB,GOVB,2023-07-20,2023-06-30,,USD
GOVX,Geovax Labs Inc,2023-08-01,2023-06-30,-0.16,USD
GP,GreenPower Motor Company Inc,2023-06-29,2023-03-31,-0.12,USD
GP,GreenPower Motor Company Inc,2023-08-14,2023-06-30,-0.0925,USD
GPC,Genuine Parts Company,2023-07-25,2023-06-30,2.3,USD
GPCR,Structure Therapeutics Inc,2023-08-30,2023-06-30,-0.31,USD
GPFOY,GPFOY,2023-07-25,2023-06-30,0.3007,MXN
GPHOF,GPHOF,2023-08-18,2023-06-30,0,USD
GPI,Group 1 Automotive Inc,2023-07-25,2023-06-30,10.76,USD
GPK,Graphic Packaging Holding Company,2023-08-01,2023-06-30,0.75,USD
GPLDF,GPLDF,2023-08-01,2023-06-30,,USD
GPMT,Granite Point Mortgage Trust Inc,2023-08-07,2023-06-30,0.15,USD
GPN,Global Payments Inc,2023-07-31,2023-06-30,2.58,USD
GPOR,Gulfport Energy Corp (New),2023-08-03,2023-06-30,2.76,USD
GPOTF,GPOTF,2023-08-09,2023-06-30,,CAD
GPOVY,GPOVY,2023-07-26,2023-06-30,0,MXN
GPP,Green Plains Partners LP,2023-07-31,2023-06-30,,USD
GPPRF,GPPRF,2023-08-16,2023-06-30,,USD
GPRC,GPRC,2023-08-16,2023-06-30,0,USD
GPRE,Green Plains Inc,2023-07-31,2023-06-30,-0.04,USD
GPRK,Geopark Ltd,2023-08-08,2023-06-30,0.58,USD
GPRO,GoPro Inc - Class A,2023-08-02,2023-06-30,-0.05,USD
GPS,Gap Inc,2023-08-23,2023-07-31,0.09,USD
GPTX,GPTX,2023-08-17,2023-06-30,0,USD
GRAB,Grab Holdings Ltd - Class A,2023-08-24,2023-06-30,-0.0485,USD
GRAMF,GRAMF,2023-08-14,2023-06-30,-0.15,USD
GRAY,GRAY,2023-08-09,2023-06-30,,USD
GRBK,Green Brick Partners Inc,2023-08-01,2023-06-30,1.15,USD
GRC,Gorman-Rupp Company,2023-07-28,2023-06-30,0.27,USD
GRCAF,GRCAF,2023-08-10,2023-06-30,,USD
GRCL,Gracell Biotechnologies Inc,2023-08-14,2023-06-30,-0.4,CNY
GRCU,GRCU,2023-08-30,2023-06-30,0,USD
GREE,Greenidge Generation Holdings Inc - Class A,2023-08-14,2023-06-30,-0.08,USD
GRFS,Grifols SA,2023-07-27,2023-06-30,0.1847,EUR
GRIL,Muscle Maker Inc,2023-08-09,2023-06-30,-0.02,USD
GRIN,Grindrod Shipping Holdings Ltd,2023-08-15,2023-06-30,-0.02,USD
GRMN,Garmin Ltd,2023-07-25,2023-06-30,1.33,USD
GRNA,GreenLight Biosciences Inc,2023-08-14,2023-06-30,-0.235,USD
GRNQ,Greenpro Capital Corp,2023-08-11,2023-06-30,,USD
GROV,Grove Collaborative Holdings Inc - Class A,2023-08-10,2023-06-30,-0.06,USD
GROW,U.S. Global Investors Inc - Class A,2023-08-30,2023-06-30,,USD
GROY,Gold Royalty Corp,2023-08-14,2023-06-30,-0.01,USD
GRP-UN,GRP-UN,2023-08-08,2023-06-30,,CAD
GRPH,Graphite Bio Inc,2023-08-10,2023-06-30,-0.2973,USD
GRPN,Groupon Inc,2023-08-07,2023-06-30,-0.18,USD
GRRB,GRRB,2023-07-17,2023-06-30,,USD
GRRR,Gorilla Technology Group Inc,2023-08-30,2023-06-30,-0.13,USD
GRTS,Gritstone Bio Inc,2023-08-02,2023-06-30,-0.35,USD
GRTX,Galera Therapeutics Inc,2023-08-07,2023-06-30,-0.46,USD
GRVY,Gravity Co Ltd,2023-08-08,2023-06-30,,KRW
GRWG,GrowGeneration Corp,2023-08-02,2023-06-30,-0.08,USD
GS,Goldman Sachs Group Inc,2023-07-18,2023-06-30,7.5,USD
GSAT,Globalstar Inc,2023-08-02,2023-06-30,-0.0017,USD
GSBC,Great Southern Bancorp Inc,2023-07-19,2023-06-30,1.46,USD
GSBD,Goldman Sachs BDC Inc,2023-08-02,2023-06-30,0.55,USD
GSHD,Goosehead Insurance Inc - Class A,2023-07-25,2023-06-30,0.27,USD
GSIH,GSIH,2023-08-17,2023-06-30,0,USD
GSIT,GSI Technology Inc,2023-07-26,2023-06-30,-0.18,USD
GSK,GSK Plc,2023-07-26,2023-06-30,0.8615,GBP
GSL,Global Ship Lease Inc - Class A,2023-08-02,2023-06-30,2.1,USD
GSM,Ferroglobe Plc,2023-08-15,2023-06-30,0.13,USD
GSMG,Glory Star New Media Group Holdings Ltd,2023-07-23,2023-06-30,,USD
GSVRF,GSVRF,2023-08-22,2023-06-30,,USD
GT,Goodyear Tire & Rubber Company,2023-08-03,2023-06-30,0.2,USD
GTBIF,GTBIF,2023-08-01,2023-06-30,0.05,USD
GTBP,GT Biopharma Inc,2023-08-09,2023-06-30,-0.1,USD
GTE,Gran Tierra Energy Inc,2023-08-07,2023-06-30,,USD
GTEC,Greenland Technologies Holding Corp,2023-08-10,2023-06-30,0.03,USD
GTES,Gates Industrial Corporation plc,2023-08-03,2023-06-30,0.32,USD
GTHX,G1 Therapeutics Inc,2023-08-01,2023-06-30,-0.22,USD
GTIM,Good Times Restaurants Inc,2023-08-09,2023-06-30,,USD
GTLB,Gitlab Inc - Class A,2023-09-06,2023-07-31,-0.028,USD
GTLS,Chart Industries Inc,2023-07-27,2023-06-30,0.98,USD
GTMAY,GTMAY,2023-07-27,2023-06-30,0,MXN
GTN,Gray Television Inc,2023-08-03,2023-06-30,-0.18,USD
GTNA,GTNA,2023-08-09,2023-06-30,-0.1775,USD
GTPS,GTPS,2023-07-17,2023-06-30,,USD
GTVH,GTVH,2023-08-30,2023-06-30,0,USD
GTX,Garrett Motion Inc - New,2023-08-02,2023-06-30,0.221,USD
GTY,Getty Realty Corp,2023-07-25,2023-06-30,0.28,USD
GUKYF,GUKYF,2023-08-31,2023-06-30,0,USD
GURE,Gulf Resources Inc,2023-08-14,2023-06-30,0,USD
GUROF,GUROF,2023-09-12,2023-07-31,,CAD
GVA,Granite Construction Inc,2023-07-26,2023-06-30,0.98,USD
GVP,GSE Systems Inc,2023-08-14,2023-06-30,-0.11,USD
GVXXF,GVXXF,2023-08-24,2023-06-30,,USD
GWAV,Greenwave Technology Solutions Inc,2023-08-08,2023-06-30,,USD
GWH,ESS Tech Inc,2023-08-10,2023-06-30,-0.15,USD
GWLIF,GWLIF,2023-08-08,2023-06-30,0.7,CAD
GWRE,Guidewire Software Inc,2023-09-04,2023-07-31,0.38,USD
GWRS,Global Water Resources Inc,2023-08-08,2023-06-30,0.07,USD
GWW,W.W. Grainger Inc,2023-07-27,2023-06-30,9.09,USD
GXO,GXO Logistics Inc,2023-08-02,2023-06-30,0.6,USD
GXRFF,GXRFF,2023-08-17,2023-06-30,,CAD
GYSLF,GYSLF,2023-08-21,2023-06-30,,CAD
GZTGF,GZTGF,2023-08-22,2023-06-30,0.1721,ILS
H,Hyatt Hotels Corporation - Class A,2023-08-07,2023-06-30,0.89,USD
HA,Hawaiian Holdings Inc,2023-07-24,2023-06-30,-0.62,USD
HACBY,HACBY,2023-08-03,2023-06-30,0,USD
HAE,Haemonetics Corp,2023-08-08,2023-06-30,0.73,USD
HAFC,Hanmi Financial Corp,2023-07-24,2023-06-30,0.65,USD
HAIN,Hain Celestial Group Inc,2023-08-23,2023-06-30,0.1,USD
HAIVF,HAIVF,2023-09-11,2023-07-31,,CAD
HAL,Halliburton Company,2023-07-19,2023-06-30,0.75,USD
HALL,Hallmark Financial Services Inc,2023-08-14,2023-06-30,-3.8,USD
HALO,Halozyme Therapeutics Inc,2023-08-07,2023-06-30,0.63,USD
HARL,HARL,2023-07-18,2023-06-30,,USD
HARP,Harpoon Therapeutics Inc,2023-08-08,2023-06-30,-0.34,USD
HAS,Hasbro Inc,2023-07-17,2023-06-30,0.55,USD
HASI,Hannon Armstrong Sustainable Infrastructure capital Inc,2023-08-02,2023-06-30,0.53,USD
HAUP,HAUP,2023-08-14,2023-06-30,0,USD
HAYN,Haynes International Inc,2023-07-26,2023-06-30,1.2,USD
HAYW,Hayward Holdings Inc,2023-07-26,2023-06-30,0.18,USD
HBAN,Huntington Bancshares Inc,2023-07-19,2023-06-30,0.35,USD
HBB,Hamilton Beach Brands Holding Co - Class A,2023-08-01,2023-06-30,0.22,USD
HBCP,Home Bancorp Inc,2023-07-24,2023-06-30,1.18,USD
HBCYF,HBCYF,2023-08-01,2023-06-30,0.2933,USD
HBGRY,HBGRY,2023-08-04,2023-06-30,0,EUR
HBI,Hanesbrands Inc,2023-08-09,2023-06-30,-0.02,USD
HBIO,Harvard Bioscience Inc,2023-08-01,2023-06-30,0.06,USD
HBM,Hudbay Minerals Inc,2023-08-07,2023-06-30,0.1,USD
HBNC,Horizon Bancorp Inc (IN),2023-07-25,2023-06-30,0.39,USD
HBRM,HBRM,2023-08-02,2023-05-31,0,USD
HBT,HBT Financial Inc,2023-07-24,2023-06-30,0.6,USD
HCA,HCA Healthcare Inc,2023-07-20,2023-06-30,4.23,USD
HCAND,HCAND,2023-08-14,2023-06-30,,USD
HCANF,HCANF,2023-08-14,2023-06-30,,USD
HCAT,Health Catalyst Inc,2023-08-02,2023-06-30,-0.02,USD
HCC,Warrior Met Coal Inc,2023-08-01,2023-06-30,2.17,USD
HCDI,Harbor Custom Development Inc,2023-08-14,2023-06-30,,USD
HCGS,HCGS,2023-08-14,2023-06-30,0,USD
HCHDF,HCHDF,2023-08-16,2023-06-30,-0.01,USD
HCI,HCI Group Inc,2023-08-07,2023-06-30,0.33,USD
HCKT,Hackett Group Inc (The),2023-08-07,2023-06-30,0.37,USD
HCM,HUTCHMED (China) Ltd,2023-07-31,2023-06-30,-0.055,USD
HCMC,HCMC,2023-07-31,2023-06-30,,USD
HCP,HashiCorp Inc - Class A,2023-09-01,2023-07-31,-0.1482,USD
HCSG,Healthcare Services Group Inc,2023-07-26,2023-06-30,0.17,USD
HCTI,Healthcare Triangle Inc,2023-08-07,2023-06-30,-0.03,USD
HCWB,HCW Biologics Inc,2023-08-11,2023-06-30,-0.15,USD
HCXLF,HCXLF,2023-07-31,2023-06-30,0,USD
HCYT,HCYT,2023-08-10,2023-06-30,,USD
HD,Home Depot Inc,2023-08-15,2023-07-31,4.43,USD
HDB,HDFC Bank Ltd,2023-07-24,2023-06-30,0.7647,INR
HDELY,HDELY,2023-07-27,2023-06-30,0.7026,EUR
HDII,HDII,2023-08-30,2023-06-30,0,USD
HDIUF,HDIUF,2023-08-09,2023-06-30,0.5437,USD
HDSLF,HDSLF,2023-08-21,2023-07-31,,USD
HDSN,Hudson Technologies Inc,2023-08-01,2023-06-30,0.38,USD
HDYNQ,HDYNQ,2023-09-14,2023-06-30,0,USD
HE,Hawaiian Electric Industries Inc,2023-08-07,2023-06-30,0.53,USD
HEAR,Turtle Beach Corp,2023-08-07,2023-06-30,-0.35,USD
HEES,H&E Equipment Services Inc,2023-07-26,2023-06-30,1.02,USD
HEI,Heico Corp,2023-08-28,2023-07-31,0.73,USD
HEI-A,Heico Corp - Class A,2023-08-28,2023-07-31,0.7321,USD
HEINY,HEINY,2023-07-31,2023-06-30,0,EUR
HELE,Helen of Troy Ltd,2023-07-10,2023-05-31,1.68,USD
HENC,HENC,2023-08-10,2023-06-30,0,USD
HENKY,HENKY,2023-08-10,2023-06-30,0.2707,EUR
HENOY,HENOY,2023-08-10,2023-06-30,0.2707,EUR
HEP,Holly Energy Partners L.P.,2023-08-07,2023-06-30,0.47,USD
HEPA,Hepion Pharmaceuticals Inc,2023-08-30,2023-06-30,-2.9,USD
HERTF,HERTF,2023-06-26,2023-04-30,,CAD
HERXF,HERXF,2023-08-03,2023-06-30,,CAD
HES,Hess Corporation,2023-07-25,2023-06-30,0.9,USD
HESAY,HESAY,2023-07-28,2023-06-30,0,EUR
HESG,HESG,2023-08-22,2023-06-30,0,USD
HESM,Hess Midstream LP - Class A,2023-07-26,2023-06-30,0.5397,USD
HEWA,HEWA,2023-08-09,2023-06-30,,USD
HFBL,Home Federal Bancorp Inc (Louisiana),2023-07-26,2023-06-30,,USD
HFFG,HF Foods Group Inc,2023-08-08,2023-06-30,,USD
HFWA,Heritage Financial Corp,2023-07-19,2023-06-30,0.48,USD
HGBL,Heritage Global Inc,2023-08-08,2023-06-30,0.07,USD
HGEN,Humanigen Inc,2023-08-10,2023-06-30,-0.04,USD
HGGGQ,HGGGQ,2023-08-03,2023-06-30,0,USD
HGHAF,HGHAF,2023-08-09,2023-06-30,,CAD
HGTXU,HGTXU,2023-08-09,2023-06-30,0,USD
HGTY,Hagerty Inc - Class A,2023-08-08,2023-06-30,0.08,USD
HGV,Hilton Grand Vacations Inc,2023-08-07,2023-06-30,0.82,USD
HGYN,HGYN,2023-08-17,2023-06-30,0,USD
HHC,Howard Hughes Corporation,2023-08-01,2023-06-30,-0.25,USD
HHR,HeadHunter Group PLC,2023-08-14,2023-06-30,0,RUB
HHS,Harte-Hanks Inc,2023-08-09,2023-06-30,0.2,USD
HI,Hillenbrand Inc,2023-08-01,2023-06-30,0.92,USD
HIBB,Hibbett Inc,2023-08-23,2023-07-31,0.86,USD
HIFS,Hingham Institution For Savings,2023-07-13,2023-06-30,,USD
HIG,Hartford Financial Services Group Inc,2023-07-26,2023-06-30,1.95,USD
HIHO,Highway Holdings Ltd,2023-06-28,2023-03-31,,USD
HIHO,Highway Holdings Ltd,2023-07-24,2023-06-30,,USD
HII,Huntington Ingalls Industries Inc,2023-08-02,2023-06-30,3.1,USD
HIL,HIL,2023-08-07,2023-06-30,,USD
HILS,Hillstream BioPharma Inc,2023-08-30,2023-06-30,-0.16,USD
HIMS,Hims & Hers Health Inc - Class A,2023-08-07,2023-06-30,-0.05,USD
HIMX,Himax Technologies,2023-08-09,2023-06-30,0.078,USD
HINOF,HINOF,2023-07-26,2023-06-30,,USD
HINOY,HINOY,2023-07-28,2023-06-30,-0.3863,USD
HIPO,Hippo Holdings Inc,2023-08-07,2023-06-30,-2.51,USD
HIRRF,HIRRF,2023-08-07,2023-06-30,,USD
HITI,High Tide Inc,2023-09-12,2023-07-31,,CAD
HIVE,HIVE Blockchain Technologies Ltd,2023-07-18,2023-06-30,-0.29,USD
HIW,Highwoods Properties Inc,2023-07-25,2023-06-30,0.29,USD
HKXCY,HKXCY,2023-08-09,2023-06-30,0.3084,HKD
HL,Hecla Mining Company,2023-08-02,2023-06-30,0.01,USD
HLAN,HLAN,2023-07-18,2023-06-30,2.19,USD
HLBZ,HLBZ,2023-08-14,2023-06-30,,USD
HLF,Herbalife Ltd,2023-07-31,2023-06-30,0.69,USD
HLFN,HLFN,2023-07-26,2023-06-30,0,USD
HLGN,Heliogen Inc - Class A,2023-08-07,2023-06-30,-0.1,USD
HLI,Houlihan Lokey Inc - Class A,2023-07-26,2023-06-30,1.05,USD
HLIO,Helios Technologies Inc,2023-08-07,2023-06-30,0.84,USD
HLIT,Harmonic Inc,2023-07-31,2023-06-30,0.13,USD
HLLY,Holley Inc - Class A,2023-08-10,2023-06-30,0.0608,USD
HLMN,Hillman Solutions Corp,2023-08-01,2023-06-30,0.09,USD
HLN,Haleon plc,2023-08-02,2023-06-30,0.1064,GBP
HLNE,Hamilton Lane Inc - Class A,2023-07-31,2023-06-30,0.81,USD
HLNFF,HLNFF,2023-08-09,2023-06-30,,USD
HLRTD,HLRTD,2023-08-22,2023-06-30,,CAD
HLRTF,HLRTF,2023-08-22,2023-06-30,,CAD
HLT,Hilton Worldwide Holdings Inc,2023-07-25,2023-06-30,1.58,USD
HLTH,Cue Health Inc,2023-08-09,2023-06-30,-0.5175,USD
HLTOY,HLTOY,2023-08-10,2023-06-30,0.1316,EUR
HLTRF,HLTRF,2023-08-09,2023-06-30,,USD
HLVX,HilleVax Inc,2023-08-09,2023-06-30,-1.08,USD
HLWD,HLWD,2023-08-30,2023-06-30,0,USD
HLX,Helix Energy Solutions Group Inc,2023-07-24,2023-06-30,0.03,USD
HLYK,HLYK,2023-08-14,2023-06-30,,USD
HMC,Honda Motor,2023-08-01,2023-06-30,0.9566,JPY
HMCBF,HMCBF,2023-08-02,2023-06-30,,CAD
HMDPF,HMDPF,2023-07-31,2023-06-30,,CAD
HMENF,HMENF,2023-08-16,2023-06-30,,CAD
HMGN,HMGN,2023-09-12,2023-06-30,0,USD
HMLP,HMLP,2023-08-22,2023-06-30,,USD
HMN,Horace Mann Educators Corp,2023-08-02,2023-06-30,0.44,USD
HMNF,HMN Financial Inc,2023-07-19,2023-06-30,,USD
HMNY,HMNY,2023-08-04,2023-06-30,0,USD
HMPT,Home Point Capital Inc,2023-08-09,2023-06-30,-0.09,USD
HMST,HomeStreet Inc,2023-07-24,2023-06-30,0.2,USD
HMTLY,HMTLY,2023-07-26,2023-06-30,0,JPY
HMY,Harmony Gold Mining Co Ltd,2023-08-30,2023-06-30,0,ZAR
HNCKF,HNCKF,2023-08-22,2023-06-30,,CAD
HNHPF,HNHPF,2023-08-11,2023-06-30,0.1236,TWD
HNI,HNI Corp,2023-07-26,2023-06-30,0.2,USD
HNNA,Hennessy Advisors Inc,2023-08-01,2023-06-30,,USD
HNRC,HNRC,2023-08-19,2023-06-30,,USD
HNRG,Hallador Energy Company,2023-08-14,2023-06-30,0.31,USD
HNST,Honest Company Inc (The ),2023-08-10,2023-06-30,-0.12,USD
HNVR,Hanover Bancorp Inc,2023-07-13,2023-06-30,0.61,USD
HOCPY,HOCPY,2023-08-01,2023-06-30,0.8755,JPY
HOFT,Hooker Furnishings Corporation,2023-09-06,2023-07-31,0.26,USD
HOFV,Hall of Fame Resort & Entertainment Company,2023-08-09,2023-06-30,-2.22,USD
HOG,Harley-Davidson Inc,2023-07-26,2023-06-30,1.42,USD
HOKUQ,HOKUQ,2023-08-11,2023-06-30,0,USD
HOLI,Hollysys Automation Technologies Ltd,2023-08-10,2023-06-30,,USD
HOLX,Hologic Inc,2023-07-25,2023-06-30,0.89,USD
HOMB,Home Bancshares Inc,2023-07-20,2023-06-30,0.51,USD
HON,Honeywell International Inc,2023-07-26,2023-06-30,2.21,USD
HONE,HarborOne Bancorp Inc,2023-07-25,2023-06-30,0.18,USD
HOOD,Robinhood Markets Inc - Class A,2023-08-16,2023-06-30,-0.0146,USD
HOOK,Hookipa Pharma Inc,2023-08-09,2023-06-30,-0.21,USD
HOPE,Hope Bancorp Inc,2023-07-17,2023-06-30,0.31,USD
HOTH,Hoth Therapeutics Inc,2023-08-12,2023-06-30,-0.99,USD
HOUR,Hour Loop Inc,2023-08-11,2023-06-30,0,USD
HOUS,Anywhere Real Estate Inc,2023-07-26,2023-06-30,0.32,USD
HOV,Hovnanian Enterprises Inc - Class A,2023-08-30,2023-07-31,,USD
HOWL,Werewolf Therapeutics Inc,2023-08-10,2023-06-30,-0.318,USD
HP,Helmerich & Payne Inc,2023-07-25,2023-06-30,0.92,USD
HPE,Hewlett Packard Enterprise Company,2023-08-28,2023-07-31,0.46,USD
HPK,HighPeak Energy Inc,2023-08-07,2023-06-30,0.57,USD
HPMCF,HPMCF,2023-08-11,2023-06-30,,USD
HPP,Hudson Pacific Properties Inc,2023-07-24,2023-06-30,-0.25,USD
HPQ,HP Inc,2023-08-28,2023-07-31,0.85,USD
HPTO,HPTO,2023-08-15,2023-06-30,0,USD
HQI,HireQuest Inc,2023-08-07,2023-06-30,0.28,USD
HQY,Healthequity Inc,2023-09-04,2023-07-31,0.48,USD
HR,Healthcare Realty Trust Inc,2023-08-07,2023-06-30,-0.13,USD
HRB,H&R Block Inc,2023-08-07,2023-07-31,1.88,USD
HRBR,HRBR,2023-08-11,2023-06-30,0,USD
HRFEF,HRFEF,2023-09-19,2023-07-31,,CAD
HRI,Herc Holdings Inc,2023-07-19,2023-06-30,3.12,USD
HRL,Hormel Foods Corp,2023-08-30,2023-07-31,0.42,USD
HRMY,Harmony Biosciences Holdings Inc,2023-07-31,2023-06-30,0.64,USD
HRNNF,HRNNF,2023-08-07,2023-06-30,,CAD
HROW,Harrow Health Inc,2023-08-07,2023-06-30,-0.06,USD
HRT,HireRight Holdings Corp,2023-08-02,2023-06-30,0.35,USD
HRTG,Heritage Insurance Holdings Inc,2023-08-02,2023-06-30,0.11,USD
HRTX,Heron Therapeutics Inc,2023-08-07,2023-06-30,-0.23,USD
HRUFF,HRUFF,2023-08-09,2023-06-30,,CAD
HRZN,Horizon Technology Finance Corp,2023-07-31,2023-06-30,0.41,USD
HSBC,HSBC Holdings plc,2023-08-01,2023-06-30,1.47,USD
HSBI,HSBI,2023-07-25,2023-06-30,,USD
HSCS,Heart Test Laboratories Inc,2023-06-28,2023-04-30,-0.16,USD
HSDT,Helius Medical Technologies Inc - Class A,2023-08-14,2023-06-30,-0.12,USD
HSHP,Himalaya Shipping Ltd,2023-08-16,2023-06-30,0.0204,USD
HSIC,Henry Schein Inc,2023-07-31,2023-06-30,1.28,USD
HSII,Heidrick & Struggles International Inc,2023-07-24,2023-06-30,0.72,USD
HSKA,Heska Corp (Restricted Voting),2023-08-07,2023-06-30,-0.22,USD
HSNGY,HSNGY,2023-08-07,2023-06-30,0,HKD
HSON,Hudson Global Inc,2023-08-09,2023-06-30,0.29,USD
HST,Host Hotels & Resorts Inc,2023-08-01,2023-07-31,0.34,USD
HSTM,Healthstream Inc,2023-07-24,2023-06-30,0.09,USD
HSTO,Histogen Inc,2023-08-09,2023-06-30,-0.9,USD
HSY,Hershey Company,2023-07-26,2023-06-30,1.94,USD
HT,Hersha Hospitality Trust,2023-08-02,2023-06-30,0.04,USD
HTBI,HomeTrust Bancshares Inc,2023-07-25,2023-06-30,0.89,USD
HTBK,Heritage Commerce Corp,2023-07-26,2023-06-30,0.29,USD
HTCR,HeartCore Enterprises Inc,2023-08-14,2023-06-30,0.045,USD
HTGC,Hercules Capital Inc,2023-07-26,2023-06-30,0.49,USD
HTGM,HTGM,2023-08-09,2023-06-30,-1.84,USD
HTGMQ,HTGMQ,2023-08-09,2023-06-30,-1.84,USD
HTH,Hilltop Holdings Inc,2023-07-19,2023-06-30,0.4,USD
HTHIY,HTHIY,2023-07-28,2023-06-30,1.22,JPY
HTHT,H World Group Ltd,2023-08-23,2023-06-30,2.05,CNY
HTIA,Healthcare Trust Inc,2023-08-30,2023-06-30,0,USD
HTLD,Heartland Express Inc,2023-07-24,2023-06-30,0.19,USD
HTLF,Heartland Financial USA Inc,2023-07-24,2023-06-30,1.2,USD
HTLZF,HTLZF,2023-08-21,2023-06-30,,USD
HTOO,Fusion Fuel Green Ltd - Class A,2023-09-06,2023-06-30,-0.3,EUR
HTZ,Hertz Global Holdings Inc (New),2023-07-26,2023-06-30,0.66,USD
HUBB,Hubbell Inc,2023-07-24,2023-06-30,3.67,USD
HUBG,Hub Group Inc - Class A,2023-08-01,2023-06-30,1.42,USD
HUBS,HubSpot Inc,2023-08-02,2023-06-30,0.99,USD
HUGE,FSD Pharma Inc - Class B - Class B (Sub Voting),2023-08-10,2023-06-30,,USD
HUIZ,Huize Holding Ltd,2023-09-21,2023-06-30,,CNY
HUM,Humana Inc,2023-08-02,2023-06-30,8.9,USD
HUMA,Humacyte Inc,2023-08-10,2023-06-30,-0.22,USD
HUN,Huntsman Corp,2023-07-31,2023-06-30,0.34,USD
HURC,Hurco Companies Inc,2023-08-31,2023-07-31,,USD
HURN,Huron Consulting Group Inc,2023-07-26,2023-06-30,1,USD
HUSA,Houston American Energy Corp,2023-08-14,2023-06-30,,USD
HUT,Hut 8 Mining Corp,2023-08-09,2023-06-30,-0.0855,CAD
HUYA,HUYA Inc,2023-08-14,2023-06-30,0.02,CNY
HVBC,HV Bancorp Inc,2023-08-03,2023-06-30,,USD
HVRRY,HVRRY,2023-08-09,2023-06-30,2.32,EUR
HVT,Haverty Furniture Cos. Inc,2023-07-31,2023-06-30,0.79,USD
HVT-A,Haverty Furniture Cos. Inc - Class A,2023-08-01,2023-06-30,1.01,USD
HWBK,Hawthorn Bancshares Inc,2023-07-25,2023-06-30,,USD
HWC,Hancock Whitney Corp,2023-07-17,2023-06-30,1.37,USD
HWKN,Hawkins Inc,2023-08-02,2023-06-30,0.61,USD
HWM,Howmet Aerospace Inc,2023-08-02,2023-06-30,0.43,USD
HWNI,HWNI,2023-08-14,2023-06-30,,USD
HXGBY,HXGBY,2023-07-26,2023-06-30,0.1175,EUR
HXL,Hexcel Corp,2023-07-24,2023-06-30,0.48,USD
HXLTF,HXLTF,2023-07-28,2023-05-31,,CAD
HY,Hyster-Yale Materials Handling Inc - Class A,2023-08-01,2023-06-30,0.68,USD
HYDTF,HYDTF,2023-08-24,2023-06-30,,CAD
HYFM,Hydrofarm Holdings Group Inc,2023-08-07,2023-06-30,-0.2,USD
HYLN,Hyliion Holdings Corporation - Class A,2023-08-07,2023-06-30,-0.18,USD
HYMC,Hycroft Mining Holding Corporation - Class A,2023-08-02,2023-06-30,-0.06,USD
HYMTF,HYMTF,2023-08-16,2023-06-30,2.65,KRW
HYPR,Hyperfine Inc - Class A,2023-08-09,2023-06-30,-0.1567,USD
HYRE,HYRE,2023-08-14,2023-06-30,-0.11,USD
HYREQ,HYREQ,2023-08-14,2023-06-30,-0.11,USD
HYSNY,HYSNY,2023-08-09,2023-06-30,0,HKD
HYZN,Hyzon Motors Inc - Class A,2023-08-09,2023-06-30,-0.18,USD
HZN,HZN,2023-08-07,2023-06-30,,USD
HZNOF,HZNOF,2023-08-07,2023-06-30,,CAD
HZNP,Horizon Therapeutics Plc,2023-08-09,2023-06-30,1.04,USD
HZO,Marinemax Inc,2023-07-26,2023-06-30,1.82,USD
IAC,IAC Inc - New,2023-08-07,2023-06-30,-0.79,USD
IAFNF,IAFNF,2023-08-03,2023-06-30,,CAD
IAG,Iamgold Corp,2023-08-01,2023-06-30,-0.0183,USD
IART,Integra Lifesciences Holdings Corp,2023-07-25,2023-06-30,0.59,USD
IAS,Integral Ad Science Holding Corp,2023-08-02,2023-06-30,0.03,USD
IAUGY,IAUGY,2023-08-21,2023-06-30,0,USD
IAUX,i80 Gold Corp,2023-08-08,2023-06-30,-0.0133,USD
IBA,Industrias Bachoco S.A.B. DE C.V.,2023-07-24,2023-06-30,2.25,MXN
IBCP,Independent Bank Corporation (Ionia MI),2023-07-24,2023-06-30,0.6,USD
IBDRY,IBDRY,2023-07-27,2023-06-30,0.747,EUR
IBEX,IBEX Ltd,2023-09-20,2023-06-30,0.49,USD
IBKR,Interactive Brokers Group Inc - Class A,2023-07-17,2023-06-30,1.43,USD
IBM,International Business Machines Corp,2023-07-19,2023-06-30,2,USD
IBN,ICICI Bank Ltd,2023-07-31,2023-06-30,0.3115,INR
IBOC,International Bancshares Corp,2023-08-02,2023-06-30,,USD
IBP,Installed Building Products Inc,2023-08-02,2023-06-30,2.25,USD
IBRX,ImmunityBio Inc,2023-08-09,2023-06-30,-0.235,USD
IBSS,IBSS,2023-08-11,2023-06-30,0,USD
IBTX,Independent Bank Group Inc,2023-07-24,2023-06-30,0.89,USD
ICAD,Icad Inc,2023-08-08,2023-06-30,-0.11,USD
ICAGY,ICAGY,2023-07-28,2023-06-30,-0.0697,EUR
ICCC,Immucell Corp,2023-08-09,2023-06-30,,USD
ICCH,ICC Holdings Inc,2023-08-07,2023-06-30,,USD
ICCT,ICCT,2023-08-10,2023-06-30,,USD
ICD,Independence Contract Drilling Inc,2023-08-02,2023-06-30,-0.17,USD
ICE,Intercontinental Exchange Inc,2023-08-02,2023-06-30,1.32,USD
ICFI,ICF International Inc,2023-08-01,2023-06-30,1.45,USD
ICFNF,ICFNF,2023-08-21,2023-06-30,,CAD
ICHR,Ichor Holdings Ltd,2023-08-07,2023-06-30,0.2537,USD
ICL,ICL Group Ltd,2023-08-02,2023-06-30,0.2161,USD
ICLD,ICLD,2023-08-14,2023-06-30,0,USD
ICLK,iClick Interactive Asia Group Ltd,2023-08-23,2023-06-30,,USD
ICLR,Icon Plc,2023-07-26,2023-06-30,3.07,USD
ICLTF,ICLTF,2023-08-08,2023-06-30,,CAD
ICMB,Investcorp Credit Management BDC Inc,2023-09-04,2023-06-30,0.17,USD
ICNB,ICNB,2023-08-01,2023-06-30,,USD
ICPBF,ICPBF,2023-07-12,2023-04-30,,CAD
ICPBF,ICPBF,2023-09-06,2023-07-31,,CAD
ICPBQ,ICPBQ,2023-07-12,2023-06-30,,CAD
ICPBQ,ICPBQ,2023-07-12,2023-04-30,,CAD
ICPBQ,ICPBQ,2023-09-06,2023-07-31,,CAD
ICPT,Intercept Pharmaceuticals Inc,2023-08-01,2023-06-30,-0.54,USD
ICU,SeaStar Medical Holding Corp,2023-08-14,2023-06-30,-0.25,USD
ICUI,ICU Medical Inc,2023-08-07,2023-06-30,1.6,USD
ICVX,Icosavax Inc,2023-09-11,2023-06-30,-0.606,USD
ID,L1 IDENTITY SOLUTIONS INC.,2023-08-07,2023-06-30,-0.01,USD
IDA,Idacorp Inc,2023-08-02,2023-06-30,1.33,USD
IDAI,T Stamp Inc - Class A,2023-08-10,2023-06-30,-0.31,USD
IDBA,IDEX Biometrics ASA,2023-08-10,2023-06-30,-0.375,USD
IDCBY,IDCBY,2023-08-31,2023-06-30,0.8149,CNY
IDCC,Interdigital Inc,2023-08-02,2023-06-30,0.68,USD
IDEX,Ideanomics Inc,2023-09-07,2023-06-30,-0.05,USD
IDGBF,IDGBF,2023-06-27,2023-03-31,,USD
IDGBF,IDGBF,2023-08-08,2023-06-30,,USD
IDN,Intellicheck Inc,2023-08-09,2023-06-30,-0.05,USD
IDR,Idaho Strategic Resources Inc,2023-08-14,2023-06-30,0.01,USD
IDW,IDW,2023-09-12,2023-07-31,-0.12,USD
IDXG,IDXG,2023-08-14,2023-06-30,-0.08,USD
IDXX,Idexx Laboratories Inc,2023-07-31,2023-06-30,2.47,USD
IDYA,Ideaya Biosciences Inc,2023-08-14,2023-06-30,-0.56,USD
IDYLF,IDYLF,2023-08-24,2023-06-30,,CAD
IE,Ivanhoe Electric Inc,2023-08-14,2023-06-30,-0.26,USD
IEP,Icahn Enterprises L P,2023-08-02,2023-06-30,0.25,USD
IESC,IES Holdings Inc,2023-08-02,2023-06-30,,USD
IEX,Idex Corporation,2023-07-24,2023-06-30,2.12,USD
IFABF,IFABF,2023-08-09,2023-06-30,,CAD
IFAN,IFAN,2023-08-30,2023-05-31,0,USD
IFCZF,IFCZF,2023-08-02,2023-06-30,,CAD
IFF,International Flavors & Fragrances Inc,2023-08-07,2023-06-30,1.15,USD
IFLXF,IFLXF,2023-08-21,2023-06-30,,CAD
IFMK,IFMK,2023-08-30,2023-06-30,0,USD
IFNNY,IFNNY,2023-08-03,2023-06-30,0.6699,EUR
IFRX,InflaRx N.V.,2023-08-03,2023-06-30,-0.34,EUR
IFS,Intercorp Financial Services Inc,2023-08-09,2023-06-30,0.95,PEN
IFSPF,IFSPF,2023-08-03,2023-06-30,,CAD
IGC,IGC Pharma Inc,2023-06-23,2023-03-31,,USD
IGC,IGC Pharma Inc,2023-08-07,2023-06-30,,USD
IGIC,International General Insurance Holdings Ltd,2023-08-16,2023-06-30,0.58,USD
IGIFF,IGIFF,2023-08-02,2023-06-30,,CAD
IGLDF,IGLDF,2023-08-31,2023-06-30,0,ILS
IGMS,IGM Biosciences Inc,2023-08-07,2023-06-30,-1.44,USD
IGT,International Game Technology PLC,2023-07-31,2023-06-30,0.33,USD
IGXT,IGXT,2023-08-09,2023-06-30,,USD
IH,iHuman Inc,2023-09-20,2023-06-30,,USD
IHG,Intercontinental Hotels Group,2023-08-08,2023-06-30,2.18,USD
IHRT,iHeartMedia Inc - Class A New,2023-08-02,2023-06-30,-0.14,USD
IHS,IHS Holding Ltd,2023-08-14,2023-06-30,0.14,USD
IHT,Innsuites Hospitality Trust,2023-09-18,2023-07-31,,USD
III,Information Services Group Inc,2023-08-07,2023-06-30,0.1,USD
IIIN,Insteel Industries Inc,2023-07-20,2023-06-30,0.66,USD
IIIV,i3 Verticals Inc - Class A,2023-08-07,2023-06-30,0.4,USD
IIJIY,IIJIY,2023-08-09,2023-06-30,0,JPY
IINN,Inspira Technologies Oxy B.H.N. Ltd,2023-08-11,2023-06-30,-0.32,USD
IIPR,Innovative Industrial Properties Inc,2023-08-01,2023-06-30,1.4,USD
IIPZF,IIPZF,2023-08-07,2023-06-30,,CAD
IKNA,Ikena Oncology Inc,2023-08-09,2023-06-30,-0.47,USD
IKT,Inhibikase Therapeutics Inc,2023-08-10,2023-06-30,-0.15,USD
ILLM,Illumin Holdings Inc,2023-08-08,2023-06-30,-0.03,CAD
ILMN,Illumina Inc,2023-08-09,2023-06-30,0.02,USD
ILPMY,ILPMY,2023-07-26,2023-06-30,0,EUR
ILPT,Industrial Logistics Properties Trust,2023-07-24,2023-06-30,-0.45,USD
IMAB,I-Mab,2023-08-28,2023-06-30,-0.4754,CNY
IMAC,IMAC,2023-08-18,2023-06-30,-0.05,USD
IMAX,Imax Corp,2023-07-26,2023-06-30,0.21,USD
IMBBY,IMBBY,2023-08-30,2023-06-30,0,GBP
IMCC,IM Cannabis Corp,2023-08-14,2023-06-30,0.03,CAD
IMCI,Infinite Group Inc,2023-08-10,2023-06-30,0,USD
IMCR,Immunocore Holdings plc,2023-08-09,2023-06-30,-0.3399,GBP
IMGN,Immunogen Inc,2023-07-27,2023-06-30,-0.15,USD
IMH,IMH,2023-08-09,2023-06-30,,USD
IMII,IMII,2023-08-30,2023-06-30,0,USD
IMKTA,Ingles Markets Inc - Class A,2023-08-02,2023-06-30,,USD
IMMP,Immutep Ltd,2023-08-22,2023-06-30,-0.1471,AUD
IMMR,Immersion Corp,2023-08-14,2023-06-30,0.14,USD
IMMX,Immix Biopharma Inc,2023-08-30,2023-06-30,-0.17,USD
IMNM,Immunome Inc,2023-08-03,2023-06-30,-0.16,USD
IMNN,Imunon Inc,2023-08-14,2023-06-30,-0.7,USD
IMO,Imperial Oil Ltd,2023-07-27,2023-06-30,1.25,USD
IMOS,Chipmos Technologies Inc,2023-08-08,2023-06-30,0.3337,TWD
IMPL,Impel Pharmaceuticals Inc,2023-08-14,2023-06-30,-0.6033,USD
IMPM,IMPM,2023-07-03,2023-06-30,,USD
IMPUY,IMPUY,2023-08-31,2023-06-30,0,ZAR
IMRA,IMRA,2023-08-01,2023-06-30,,USD
IMRN,Immuron Ltd,2023-08-31,2023-06-30,0,AUD
IMRSQ,IMRSQ,2023-08-10,2023-06-30,0,USD
IMRX,Immuneering Corp Class A,2023-08-09,2023-06-30,-0.52,USD
IMTX,Immatics N.V,2023-08-07,2023-06-30,-0.24,EUR
IMUC,IMUC,2023-08-15,2023-06-30,0,USD
IMUN,IMUN,2023-08-30,2023-06-30,0,USD
IMUX,Immunic Inc,2023-08-02,2023-06-30,-0.52,USD
IMV,IMV,2023-08-09,2023-06-30,,USD
IMVIQ,IMVIQ,2023-08-09,2023-06-30,,USD
IMVT,Immunovant Inc,2023-08-03,2023-06-30,-0.45,USD
IMXI,International Money Express Inc,2023-08-01,2023-06-30,0.52,USD
INAB,IN8bio Inc,2023-09-08,2023-06-30,-0.28,USD
INAR,INAR,2023-08-30,2023-06-30,0,USD
INBC,INBC,2023-07-20,2023-06-30,,USD
INBK,First Internet Bancorp,2023-07-18,2023-06-30,0.39,USD
INBX,Inhibrx Inc,2023-08-07,2023-06-30,-1.03,USD
INCAF,INCAF,2023-08-01,2023-07-31,,USD
INCR,INC Research Holdings Inc,2023-08-14,2023-06-30,0.0218,ILS
INCY,Incyte Corp,2023-07-31,2023-06-30,0.84,USD
INDB,Independent Bank Corp,2023-07-19,2023-06-30,1.38,USD
INDI,Indie Semiconductor Inc - Class A,2023-08-09,2023-06-30,-0.09,USD
INDO,Indonesia Energy Corp Ltd,2023-08-30,2023-06-30,0,USD
INDP,Indaptus Therapeutics Inc,2023-08-07,2023-06-30,-0.52,USD
INDT,INDUS Realty Trust Inc,2023-07-11,2023-05-31,-0.13,USD
INDV,Indivior Plc,2023-07-27,2023-06-30,0,USD
INFA,Informatica Inc - Class A,2023-07-27,2023-06-30,0.12,USD
INFI,Infinity Pharmaceuticals Inc,2023-08-07,2023-06-30,-0.12,USD
INFN,Infinera Corp,2023-07-26,2023-06-30,-0.03,USD
INFU,InfuSystem Holdings Inc,2023-08-02,2023-06-30,0.0267,USD
INFY,Infosys Ltd,2023-07-20,2023-06-30,0.18,USD
ING,ING Groep N.V.,2023-08-03,2023-06-30,0.4913,EUR
INGN,Inogen Inc,2023-08-02,2023-06-30,-0.56,USD
INGR,Ingredion Inc,2023-08-07,2023-06-30,2.31,USD
INGXF,INGXF,2023-08-01,2023-06-30,,CAD
INIS,INIS,2023-08-14,2023-06-30,,USD
INKA,INKA,2023-08-14,2023-06-30,,USD
INKT,MiNK Therapeutics Inc,2023-08-08,2023-06-30,-0.1934,USD
INLB,INLB,2023-08-14,2023-06-30,-0.04,USD
INLX,Intellinetics Inc,2023-08-14,2023-06-30,0.03,USD
INM,InMed Pharmaceuticals Inc,2023-09-21,2023-06-30,-4.25,CAD
INMB,INmune Bio Inc,2023-08-01,2023-06-30,-0.4,USD
INMD,Inmode Ltd,2023-07-26,2023-06-30,0.64,USD
INN,Summit Hotel Properties Inc,2023-07-31,2023-06-30,0.13,USD
INND,INND,2023-08-19,2023-06-30,,USD
INNV,InnovAge Holding Corp,2023-09-11,2023-06-30,-0.03,USD
INO,Inovio Pharmaceuticals Inc,2023-08-07,2023-06-30,-0.14,USD
INOD,Innodata Inc,2023-08-09,2023-06-30,,USD
INPX,Inpixon,2023-08-14,2023-06-30,,USD
INSE,Inspired Entertainment Inc,2023-08-07,2023-06-30,0.29,USD
INSG,Inseego Corp,2023-08-07,2023-06-30,-0.03,USD
INSM,Insmed Inc,2023-08-02,2023-06-30,-1.13,USD
INSP,Inspire Medical Systems Inc,2023-07-31,2023-06-30,-0.57,USD
INST,Instructure Holdings Inc,2023-07-29,2023-06-30,0.19,USD
INSW,International Seaways Inc,2023-08-07,2023-06-30,2.56,USD
INT,INT,2023-07-26,2023-06-30,0.49,USD
INTA,Intapp Inc,2023-09-04,2023-06-30,0.01,USD
INTC,Intel Corp,2023-07-26,2023-06-30,-0.04,USD
INTI,INTI,2023-08-14,2023-06-30,0,USD
INTR,Inter & Co Inc - Class A,2023-08-14,2023-06-30,0.02,BRL
INTT,Intest Corp,2023-08-02,2023-06-30,0.28,USD
INTU,Intuit Inc,2023-08-21,2023-07-31,1.45,USD
INTWF,INTWF,2023-08-28,2023-06-30,,CAD
INTZ,Intrusion Inc,2023-08-02,2023-06-30,-0.13,USD
INUV,Inuvo Inc,2023-08-14,2023-06-30,-0.05,USD
INVA,Innoviva Inc,2023-07-25,2023-06-30,0.26,USD
INVE,Identiv Inc,2023-08-01,2023-06-30,-0.06,USD
INVH,Invitation Homes Inc,2023-07-25,2023-06-30,0.17,USD
INVI,INVI,2023-08-15,2023-06-30,0,USD
INVO,INVO Bioscience Inc,2023-08-14,2023-06-30,-0.16,USD
INVU,INVU,2023-08-14,2023-06-30,,USD
INVZ,Innoviz Technologies Ltd,2023-08-08,2023-06-30,-0.22,USD
INXDF,INXDF,2023-08-14,2023-06-30,,USD
INXSF,INXSF,2023-08-22,2023-06-30,,CAD
INZY,Inozyme Pharma Inc,2023-08-14,2023-06-30,-0.44,USD
IOBT,IO Biotech Inc,2023-08-10,2023-06-30,-0.655,USD
IOCJY,IOCJY,2023-08-09,2023-06-30,0.0263,BRL
IONM,Assure Holdings Corp,2023-08-14,2023-06-30,-1.87,USD
IONQ,IonQ Inc,2023-08-14,2023-06-30,-0.13,USD
IONS,Ionis Pharmaceuticals Inc,2023-08-07,2023-06-30,-0.88,USD
IOR,Income Opportunity Realty Investors Inc,2023-08-10,2023-06-30,,USD
IOSP,Innospec Inc,2023-07-31,2023-06-30,1.31,USD
IOT,Samsara Inc - Class A,2023-08-31,2023-07-31,-0.0315,USD
IOUFF,IOUFF,2023-08-24,2023-06-30,,CAD
IOVA,Iovance Biotherapeutics Inc,2023-08-02,2023-06-30,-0.76,USD
IP,International Paper Company,2023-07-27,2023-06-30,0.42,USD
IPA,ImmunoPrecise Antibodies Ltd,2023-07-27,2023-04-30,-0.13,CAD
IPA,ImmunoPrecise Antibodies Ltd,2023-09-12,2023-07-31,,CAD
IPAR,Inter Parfums Inc,2023-08-07,2023-06-30,0.81,USD
IPCFF,IPCFF,2023-07-31,2023-06-30,,USD
IPDN,Professional Diversity Network Inc,2023-08-14,2023-06-30,,USD
IPG,Interpublic Group Of Cos. Inc,2023-07-19,2023-06-30,0.61,USD
IPGP,IPG Photonics Corp,2023-07-31,2023-06-30,1.24,USD
IPHA,Innate Pharma,2023-09-14,2023-06-30,-0.14,EUR
IPI,Intrepid Potash Inc,2023-08-02,2023-06-30,0.41,USD
IPIC,IPIC,2023-08-10,2023-06-30,0,USD
IPLY,IPLY,2023-08-18,2023-06-30,0,USD
IPMLF,IPMLF,2023-08-07,2023-06-30,,CAD
IPOAF,IPOAF,2023-07-28,2023-06-30,0.2,USD
IPOOF,IPOOF,2023-08-09,2023-06-30,,CAD
IPSC,Century Therapeutics Inc,2023-08-10,2023-06-30,-0.5356,USD
IPSEY,IPSEY,2023-07-27,2023-06-30,0,EUR
IPVF,InterPrivate III Financial Partners Inc - Class A,2023-08-20,2023-06-30,,USD
IPWR,Ideal Power Inc,2023-08-14,2023-06-30,-0.42,USD
IQ,iQIYI Inc,2023-08-28,2023-06-30,0.05,CNY
IQEPF,IQEPF,2023-09-05,2023-06-30,0,GBP
IQST,IQST,2023-08-14,2023-06-30,,USD
IQV,IQVIA Holdings Inc,2023-07-19,2023-06-30,2.37,USD
IR,Ingersoll-Rand Inc,2023-08-01,2023-06-30,0.6,USD
IRBT,Irobot Corp,2023-08-03,2023-06-30,-1.53,USD
IRDM,Iridium Communications Inc,2023-07-24,2023-06-30,0.04,USD
IREN,Iris Energy Ltd,2023-06-23,2023-03-31,-0.25,AUD
IREN,Iris Energy Ltd,2023-09-11,2023-06-30,-0.0725,AUD
IRIX,IRIDEX Corp,2023-08-14,2023-06-30,-0.11,USD
IRLTY,IRLTY,2023-08-31,2023-06-30,0,EUR
IRM,Iron Mountain Inc,2023-08-02,2023-06-30,0.4,USD
IRMD,Iradimed Corp,2023-07-27,2023-06-30,0.31,USD
IRMTF,IRMTF,2023-08-01,2023-06-30,,CAD
IRNT,IronNet Inc,2023-09-12,2023-06-30,-0.11,USD
IRON,Disc Medicine Inc,2023-08-09,2023-06-30,-0.88,USD
IROQ,IF Bancorp Inc,2023-08-29,2023-06-30,,USD
IRS,Irsa Inversiones Y Representaciones S.A.,2023-09-06,2023-06-30,0,ARS
IRT,Independence Realty Trust Inc,2023-07-25,2023-06-30,0.05,USD
IRTC,iRhythm Technologies Inc,2023-08-02,2023-06-30,-0.78,USD
IRWD,Ironwood Pharmaceuticals Inc - Class A,2023-08-02,2023-06-30,0.25,USD
ISBA,ISBA,2023-07-19,2023-06-30,0.68,USD
ISCO,ISCO,2023-08-16,2023-06-30,0,USD
ISDCF,ISDCF,2023-07-24,2023-06-30,0,USD
ISDR,Issuer Direct Corp,2023-08-02,2023-06-30,0.42,USD
ISEE,IVERIC bio Inc,2023-07-24,2023-06-30,-0.49,USD
ISEYF,ISEYF,2023-08-10,2023-06-30,,USD
ISGN,ISGN,2023-08-14,2023-06-30,0,USD
ISIG,Insignia Systems Inc,2023-08-07,2023-06-30,,USD
ISNPY,ISNPY,2023-07-28,2023-06-30,0.709,EUR
ISPC,iSpecimen Inc,2023-08-08,2023-06-30,-0.31,USD
ISPO,Inspirato Incorporated - Class A,2023-08-07,2023-06-30,-0.09,USD
ISRG,Intuitive Surgical Inc,2023-07-20,2023-06-30,1.32,USD
ISSC,Innovative Solutions And Support Inc,2023-08-08,2023-06-30,0.08,USD
ISTR,Investar Holding Corp,2023-07-24,2023-06-30,0.39,USD
ISUN,iSun Inc,2023-08-14,2023-06-30,-0.13,USD
ISUZY,ISUZY,2023-08-04,2023-06-30,0.4656,JPY
ISVLF,ISVLF,2023-08-28,2023-06-30,,CAD
IT,Gartner Inc,2023-07-31,2023-06-30,2.51,USD
ITCB,ITCB,2023-07-31,2023-06-30,760.14,CLP
ITCI,Intra-Cellular Therapies Inc,2023-08-07,2023-06-30,-0.6,USD
ITCL,Banco Itau Chile.,2023-07-31,2023-06-30,760.14,CLP
ITGR,Integer Holdings Corp,2023-07-26,2023-06-30,1,USD
ITHUF,ITHUF,2023-08-14,2023-06-30,,USD
ITI,Iteris Inc,2023-08-02,2023-06-30,-0.01,USD
ITIC,Investors Title Company,2023-08-03,2023-06-30,,USD
ITMSF,ITMSF,2023-08-09,2023-06-30,,USD
ITOCY,ITOCY,2023-08-04,2023-06-30,1.83,JPY
ITOS,ITeos Therapeutics Inc,2023-08-08,2023-06-30,-1.03,USD
ITOX,ITOX,2023-08-23,2023-06-30,,USD
ITP,IT Tech Packaging Inc,2023-08-07,2023-06-30,,USD
ITRG,Integra Resources Corp,2023-08-10,2023-06-30,-0.0809,USD
ITRI,Itron Inc,2023-08-02,2023-06-30,0.3,USD
ITRM,Iterum Therapeutics Plc,2023-08-11,2023-06-30,-0.79,USD
ITRN,Ituran Location And Control Ltd,2023-08-28,2023-06-30,0.53,USD
ITT,ITT Inc,2023-08-02,2023-06-30,1.17,USD
ITUB,Itau Unibanco Holding S.A.,2023-08-07,2023-06-30,0.1752,BRL
ITW,Illinois Tool Works Inc,2023-07-31,2023-06-30,2.4,USD
IVAC,Intevac Inc,2023-08-01,2023-06-30,-0.21,USD
IVC,IVC,2023-08-07,2023-06-30,-0.09,USD
IVCRQ,IVCRQ,2023-08-07,2023-06-30,-0.09,USD
IVDA,Iveda Solutions Inc,2023-08-30,2023-06-30,-0.02,USD
IVPAF,IVPAF,2023-08-14,2023-06-30,0.0877,USD
IVR,Invesco Mortgage Capital Inc,2023-08-02,2023-06-30,0.97,USD
IVREF,IVREF,2023-08-14,2023-06-30,,CAD
IVT,InvenTrust Properties Corp,2023-07-31,2023-06-30,0.02,USD
IVVD,Invivyd Inc,2023-09-18,2023-06-30,-0.375,USD
IVZ,Invesco Ltd,2023-07-25,2023-06-30,0.39,USD
IWSH,IWSH,2023-08-10,2023-06-30,0,USD
IX,Orix Corporation,2023-07-31,2023-06-30,2.66,JPY
IZEA,IZEA Worldwide Inc,2023-08-14,2023-06-30,-0.16,USD
J,Jacobs Solutions Inc,2023-08-01,2023-06-30,1.84,USD
JACK,Jack In The Box Inc,2023-08-08,2023-06-30,1.33,USD
JAGGF,JAGGF,2023-08-10,2023-06-30,0.06,USD
JAGX,Jaguar Health Inc,2023-08-21,2023-06-30,,USD
JAKK,Jakks Pacific Inc,2023-07-25,2023-06-30,0.89,USD
JAMF,Jamf Holding Corp,2023-08-02,2023-06-30,0.03,USD
JAN,JanOne Inc,2023-08-10,2023-06-30,0,USD
JANX,Janux Therapeutics Inc,2023-08-08,2023-06-30,-0.502,USD
JAPAY,JAPAY,2023-07-31,2023-06-30,0.2824,JPY
JAZZ,Jazz Pharmaceuticals plc,2023-08-08,2023-06-30,4.48,USD
JBAXY,JBAXY,2023-07-24,2023-06-30,0.6568,CHF
JBGS,JBG SMITH Properties,2023-07-31,2023-06-30,-0.14,USD
JBHT,J.B. Hunt Transport Services Inc,2023-07-18,2023-06-30,2.02,USD
JBI,Janus International Group Inc - Class A,2023-08-08,2023-06-30,0.2017,USD
JBLU,Jetblue Airways Corp,2023-07-31,2023-06-30,0.39,USD
JBSAY,JBSAY,2023-08-09,2023-06-30,0.0621,BRL
JBSS,Sanfilippo (John B.) & Son Inc,2023-08-22,2023-06-30,0.86,USD
JBT,John Bean Technologies Corp,2023-07-25,2023-06-30,1.22,USD
JCI,Johnson Controls International plc,2023-07-31,2023-06-30,1.03,USD
JCTCF,Jewett-Cameron Trading Co. Ltd,2023-07-12,2023-05-31,,USD
JD,JD.com Inc,2023-08-21,2023-06-30,4.87,CNY
JECFF,JECFF,2023-08-28,2023-06-30,,USD
JEF,Jefferies Financial Group Inc,2023-06-27,2023-03-31,0.35,USD
JELD,JELD-WEN Holding Inc,2023-07-31,2023-06-30,0.35,USD
JERT,JERT,2023-08-08,2023-06-30,0,USD
JETMF,JETMF,2023-08-23,2023-06-30,0,USD
JEXYY,JEXYY,2023-08-25,2023-06-30,0.7644,CNY
JFBC,JFBC,2023-08-07,2023-06-30,,USD
JFIN,Jiayin Group Inc,2023-08-16,2023-06-30,,CNY
JG,Aurora Mobile Ltd,2023-09-13,2023-06-30,-0.2862,CNY
JGLDF,JGLDF,2023-08-24,2023-06-30,,CAD
JHG,Janus Henderson Group plc,2023-07-24,2023-06-30,0.54,USD
JHX,James Hardie Industries plc,2023-08-11,2023-06-30,0.3053,USD
JILL,J.Jill Inc,2023-08-30,2023-07-31,0.8,USD
JINFF,JINFF,2023-08-14,2023-06-30,,USD
JJSF,J&J Snack Foods Corp,2023-07-31,2023-06-30,1.52,USD
JKHY,Jack Henry & Associates Inc,2023-08-14,2023-06-30,1.18,USD
JKS,JinkoSolar Holding Co. Ltd,2023-08-24,2023-06-30,1.67,USD
JLL,Jones Lang Lasalle Inc,2023-08-01,2023-06-30,2.48,USD
JMIA,Jumia Technologies Ag,2023-08-08,2023-06-30,-0.31,USD
JMPHF,JMPHF,2023-08-16,2023-06-30,,CAD
JMPLY,JMPLY,2023-07-19,2023-06-30,0,GBP
JNCCF,JNCCF,2023-08-28,2023-06-30,,CAD
JNCE,Jounce Therapeutics Inc,2023-08-02,2023-06-30,-0.37,USD
JNJ,Johnson & Johnson,2023-07-20,2023-06-30,2.62,USD
JNPR,Juniper Networks Inc,2023-07-27,2023-06-30,0.55,USD
JOAN,JOANN Inc,2023-08-30,2023-07-31,-1.12,USD
JOB,GEE Group Inc,2023-08-14,2023-06-30,0.02,USD
JOBY,Joby Aviation Inc,2023-08-07,2023-06-30,-0.15,USD
JOE,St. Joe Company,2023-07-25,2023-06-30,,USD
JOUT,Johnson Outdoors Inc - Class A,2023-08-03,2023-06-30,1.73,USD
JPM,JPMorgan Chase & Company,2023-07-14,2023-06-30,3.98,USD
JPSWY,JPSWY,2023-08-07,2023-06-30,0,USD
JRJCY,JRJCY,2023-08-30,2023-06-30,0,USD
JRJRQ,JRJRQ,2023-08-30,2023-06-30,0,USD
JRNGF,JRNGF,2023-07-26,2023-06-30,,CAD
JRSH,Jerash holdings (US) Inc,2023-08-09,2023-06-30,0.185,USD
JRSS,JRSS,2023-09-12,2023-06-30,,USD
JRVMF,JRVMF,2023-08-14,2023-06-30,-0.0028,USD
JRVR,James River Group Holdings Ltd,2023-07-31,2023-06-30,0.54,USD
JSAIY,JSAIY,2023-07-04,2023-06-30,0,GBP
JSDA,JSDA,2023-08-02,2023-06-30,,USD
JSPR,Jasper Therapeutics Inc,2023-08-10,2023-06-30,-0.15,USD
JT,Jianpu Technology Inc,2023-08-21,2023-06-30,,USD
JTKWY,JTKWY,2023-07-26,2023-06-30,0,EUR
JUPW,Jupiter Wellness Inc,2023-08-15,2023-06-30,0,USD
JUSHF,JUSHF,2023-08-28,2023-06-30,-0.1,USD
JUVF,JUVF,2023-07-19,2023-06-30,,USD
JVA,Coffee Holding Co Inc,2023-09-12,2023-07-31,,USD
JWLLF,JWLLF,2023-08-02,2023-06-30,,CAD
JWN,Nordstrom Inc,2023-08-21,2023-07-31,0.44,USD
JXN,Jackson Financial Inc - Class A,2023-08-10,2023-06-30,3.78,USD
JYNT,Joint Corp,2023-08-02,2023-06-30,0.02,USD
K,Kellogg Company,2023-08-03,2023-06-30,1.11,USD
KA,Kineta Inc,2023-08-02,2023-06-30,-0.62,USD
KAJMY,KAJMY,2023-08-08,2023-06-30,0.2907,JPY
KAL,KAL,2023-08-18,2023-06-30,-31.9,USD
KALA,Kala Pharmaceuticals Inc,2023-08-09,2023-06-30,-3.19,USD
KALRQ,KALRQ,2023-08-18,2023-06-30,-31.9,USD
KALU,Kaiser Aluminum Corp,2023-07-24,2023-06-30,0.51,USD
KALV,KalVista Pharmaceuticals Inc,2023-07-05,2023-04-30,-0.94,USD
KALV,KalVista Pharmaceuticals Inc,2023-09-06,2023-07-31,-0.895,USD
KAMN,Kaman Corp,2023-08-02,2023-06-30,0.08,USD
KAR,Openlane Inc,2023-07-31,2023-06-30,0.12,USD
KARO,Karooooo Ltd,2023-07-12,2023-05-31,0.3,ZAR
KAVL,Kaival Brands Innovations Group Inc,2023-09-04,2023-07-31,0,USD
KAYS,KAYS,2023-08-21,2023-06-30,,USD
KB,KB Financial Group Inc,2023-07-20,2023-06-30,2.69,KRW
KBAL,Kimball International Inc - Class B,2023-08-02,2023-06-30,0.33,USD
KBH,KB Home,2023-09-19,2023-08-31,1.29,USD
KBLB,KBLB,2023-07-31,2023-06-30,,USD
KBNT,Kubient Inc,2023-08-14,2023-06-30,-0.13,USD
KBR,KBR Inc,2023-07-31,2023-06-30,0.72,USD
KBRLF,KBRLF,2023-08-07,2023-06-30,,CAD
KC,Kingsoft Cloud Holdings Ltd,2023-08-17,2023-06-30,-0.2,CNY
KCDMY,KCDMY,2023-07-20,2023-06-30,0.1523,MXN
KCLI,KCLI,2023-07-27,2023-06-30,,USD
KD,Kyndryl Holdings Inc,2023-08-30,2023-06-30,-0.9522,USD
KDCCF,KDCCF,2023-08-17,2023-06-30,,CAD
KDDIY,KDDIY,2023-08-03,2023-06-30,0.3226,USD
KDKGF,KDKGF,2023-06-26,2023-05-31,,USD
KDNY,Chinook Therapeutics Inc,2023-08-07,2023-06-30,-0.81,USD
KDOZF,KDOZF,2023-08-14,2023-06-30,,USD
KDP,Keurig Dr Pepper Inc,2023-07-26,2023-06-30,0.4,USD
KE,Kimball Electronics Inc,2023-08-02,2023-06-30,0.68,USD
KEGX,KEGX,2023-08-11,2023-06-30,0,USD
KELTF,KELTF,2023-08-02,2023-06-30,,CAD
KELYA,Kelly Services Inc - Class A,2023-08-09,2023-06-30,0.43,USD
KELYB,Kelly Services Inc - Class B,2023-08-10,2023-06-30,0.4075,USD
KEN,Kenon Holdings Ltd,2023-08-29,2023-06-30,,USD
KEP,Korea Electric Power,2023-08-11,2023-06-30,-1.35,KRW
KEQU,Kewaunee Scientific Corporation,2023-06-27,2023-04-30,,USD
KEQU,Kewaunee Scientific Corporation,2023-09-06,2023-07-31,,USD
KERN,Akerna Corp,2023-08-08,2023-06-30,,USD
KEWL,KEWL,2023-08-14,2023-06-30,,USD
KEX,Kirby Corp,2023-07-26,2023-06-30,0.85,USD
KEY,Keycorp,2023-07-20,2023-06-30,0.36,USD
KEYS,Keysight Technologies Inc,2023-08-15,2023-07-31,2.04,USD
KEYUF,KEYUF,2023-08-02,2023-06-30,,CAD
KFRC,Kforce Inc,2023-07-31,2023-06-30,0.96,USD
KFS,Kingsway Financial Services Inc,2023-08-02,2023-06-30,,USD
KFY,Korn Ferry,2023-06-27,2023-04-30,1.01,USD
KFY,Korn Ferry,2023-09-05,2023-07-31,1.02,USD
KGC,Kinross Gold Corp,2023-08-02,2023-06-30,0.08,USD
KGEIF,KGEIF,2023-08-07,2023-06-30,,USD
KGJI,KGJI,2023-08-14,2023-06-30,0,USD
KHC,Kraft Heinz Company,2023-07-25,2023-06-30,0.76,USD
KHOLY,KHOLY,2023-08-16,2023-06-30,1.3,TRY
KHOTF,KHOTF,2023-08-17,2023-06-30,0.005,USD
KHRNF,KHRNF,2023-08-28,2023-06-30,,USD
KHTRF,KHTRF,2023-08-09,2023-06-30,,CAD
KIDS,OrthoPediatrics Corp,2023-08-01,2023-06-30,-0.22,USD
KIM,Kimco Realty Corporation,2023-07-26,2023-06-30,0.1559,USD
KIND,Nextdoor Holdings Inc - Class A,2023-08-07,2023-06-30,-0.09,USD
KINS,Kingstone Cos. Inc,2023-08-09,2023-06-30,0.03,USD
KIQ,Kelso Technologies Inc,2023-08-09,2023-06-30,,USD
KIRK,Kirkland`s Inc,2023-08-28,2023-07-31,-1.1,USD
KIROY,KIROY,2023-07-25,2023-06-30,0,ZAR
KITT,Nauticus Robotics Inc,2023-08-30,2023-06-30,-0.1267,USD
KKPNY,KKPNY,2023-07-24,2023-06-30,0.0493,EUR
KKR,KKR & Co. Inc,2023-07-27,2023-06-30,0.7704,USD
KLAC,KLA Corp,2023-07-26,2023-06-30,4.86,USD
KLBAY,KLBAY,2023-07-26,2023-06-30,0.2233,BRL
KLDI,KLDI,2023-08-08,2023-06-30,,USD
KLIC,Kulicke & Soffa Industries Inc,2023-08-01,2023-06-30,0.32,USD
KLNG,KLNG,2023-08-07,2023-06-30,,USD
KLR,Kaleyra Inc,2023-08-07,2023-06-30,-0.58,USD
KLTR,Kaltura Inc,2023-08-16,2023-06-30,-0.0442,USD
KLXE,KLX Energy Services Holdings Inc,2023-08-09,2023-07-31,1.26,USD
KMB,Kimberly-Clark Corp,2023-07-25,2023-06-30,1.43,USD
KMDA,Kamada Ltd,2023-08-15,2023-06-30,0.02,USD
KMI,Kinder Morgan Inc - Class P,2023-07-18,2023-06-30,0.24,USD
KMMPF,KMMPF,2023-08-08,2023-06-30,,CAD
KMPH,KMPH,2023-08-09,2023-06-30,-0.2333,USD
KMPR,Kemper Corporation,2023-07-31,2023-06-30,-0.29,USD
KMT,Kennametal Inc,2023-07-31,2023-06-30,0.58,USD
KMTUY,KMTUY,2023-07-28,2023-06-30,0,JPY
KMX,Carmax Inc,2023-06-23,2023-05-31,0.79,USD
KN,Knowles Corp,2023-07-31,2023-06-30,0.22,USD
KNBIF,KNBIF,2023-08-23,2023-06-30,,CAD
KNBWF,KNBWF,2023-08-07,2023-06-30,,JPY
KNBWY,KNBWY,2023-08-08,2023-06-30,0.2091,JPY
KNDI,Kandi Technologies Group Inc,2023-08-07,2023-06-30,,USD
KNF,Knife River Corp,2023-08-30,2023-06-30,0,USD
KNOP,KNOT Offshore Partners LP,2023-08-23,2023-06-30,-0.03,USD
KNOS,KNOS,2023-08-30,2023-06-30,0,USD
KNSA,Kiniksa Pharmaceuticals Ltd - Class A,2023-08-01,2023-06-30,-0.17,USD
KNSL,Kinsale Capital Group Inc,2023-07-26,2023-06-30,2.51,USD
KNTE,Kinnate Biopharma Inc,2023-08-09,2023-06-30,-0.75,USD
KNTK,Kinetik Holdings Inc - Class A,2023-08-07,2023-06-30,0.48,USD
KNTNF,KNTNF,2023-08-14,2023-06-30,0.055,USD
KNW,Know Labs Inc,2023-08-07,2023-06-30,-0.02,USD
KNX,Knight-Swift Transportation Holdings Inc - Class A,2023-07-20,2023-06-30,0.76,USD
KO,Coca-Cola Company,2023-07-24,2023-06-30,0.72,USD
KOAN,KOAN,2023-08-16,2023-06-30,0,USD
KOD,Kodiak Sciences Inc,2023-08-07,2023-06-30,-1.31,USD
KODK,Eastman Kodak Company,2023-08-07,2023-06-30,,USD
KOF,Coca-Cola Femsa S.A.B. DE C.V.,2023-07-27,2023-06-30,22.35,USD
KOMOF,KOMOF,2023-06-28,2023-03-31,,CAD
KOOYF,KOOYF,2023-08-24,2023-06-30,,CAD
KOP,Koppers Holdings Inc,2023-08-02,2023-06-30,1.08,USD
KOPN,Kopin Corp,2023-07-31,2023-06-30,-0.02,USD
KORE,Kore Group Holdings Inc,2023-08-10,2023-06-30,-0.1435,USD
KOS,Kosmos Energy Ltd,2023-08-07,2023-06-30,0.11,USD
KOSS,Koss Corp,2023-08-23,2023-06-30,,USD
KPELY,KPELY,2023-07-20,2023-06-30,0.213,SGD
KPIFF,KPIFF,2023-08-28,2023-07-31,,USD
KPLT,Katapult Holdings Inc,2023-08-07,2023-06-30,-0.09,USD
KPRX,Kiora Pharmaceuticals Inc,2023-08-10,2023-06-30,-1.06,USD
KPTI,Karyopharm Therapeutics Inc,2023-08-02,2023-06-30,-0.34,USD
KPTSF,KPTSF,2023-08-09,2023-06-30,,CAD
KR,Kroger Company,2023-09-07,2023-08-31,0.91,USD
KRBP,Kiromic BioPharma Inc,2023-08-10,2023-06-30,,USD
KRC,Kilroy Realty Corp,2023-07-25,2023-06-30,0.39,USD
KREF,KKR Real Estate Finance Trust Inc,2023-07-24,2023-06-30,0.27,USD
KRG,Kite Realty Group Trust,2023-07-31,2023-06-30,-0.03,USD
KRKNF,KRKNF,2023-08-28,2023-06-30,,CAD
KRKR,36Kr Holdings Inc,2023-08-21,2023-06-30,,CNY
KRLCF,KRLCF,2023-08-14,2023-06-30,,USD
KRLTF,KRLTF,2023-08-10,2023-06-30,,CAD
KRMD,KORU Medical Systems Inc,2023-08-01,2023-06-30,-0.05,USD
KRNT,Kornit Digital Ltd,2023-08-08,2023-06-30,-0.21,USD
KRNY,Kearny Financial Corp,2023-07-26,2023-06-30,0.15,USD
KRO,Kronos Worldwide Inc,2023-08-01,2023-06-30,0.03,USD
KRON,Kronos Bio Inc,2023-08-02,2023-06-30,-0.46,USD
KROS,Keros Therapeutics Inc,2023-08-02,2023-06-30,-1.34,USD
KRP,Kimbell Royalty Partners LP,2023-08-02,2023-06-30,0.2,USD
KRRGF,KRRGF,2023-08-10,2023-06-30,,CAD
KRT,Karat Packaging Inc,2023-08-09,2023-06-30,0.31,USD
KRTX,Karuna Therapeutics Inc,2023-08-07,2023-06-30,-2.78,USD
KRUS,Kura Sushi USA Inc - Class A,2023-07-06,2023-05-31,0.04,USD
KRYS,Krystal Biotech Inc,2023-08-07,2023-06-30,-0.86,USD
KSBI,KSBI,2023-07-20,2023-06-30,,USD
KSCP,Knightscope Inc - Class A,2023-08-11,2023-06-30,,USD
KSIOF,KSIOF,2023-08-08,2023-06-30,,CAD
KSPN,KSPN,2023-09-11,2023-08-31,,USD
KSS,Kohl`s Corp,2023-08-16,2023-07-31,0.21,USD
KT,KT Corporation,2023-08-09,2023-06-30,0.5931,USD
KTB,Kontoor Brands Inc,2023-08-02,2023-06-30,0.65,USD
KTCC,Key Tronic Corp,2023-08-07,2023-06-30,,USD
KTEL,KTEL,2023-08-14,2023-06-30,,USD
KTHN,KTHN,2023-07-17,2023-06-30,,USD
KTOS,Kratos Defense & Security Solutions Inc,2023-08-02,2023-06-30,0.05,USD
KTPPF,KTPPF,2023-08-17,2023-06-30,,CAD
KTTA,Pasithea Therapeutics Corp,2023-08-30,2023-06-30,-0.17,USD
KTYCF,KTYCF,2023-08-09,2023-06-30,,CAD
KUBTY,KUBTY,2023-08-02,2023-06-30,1.47,JPY
KUKE,Kuke Music Holding Ltd,2023-08-07,2023-06-30,,CNY
KULR,KULR Technology Group Inc,2023-08-14,2023-06-30,-0.05,USD
KURA,Kura Oncology Inc,2023-08-01,2023-06-30,-0.55,USD
KUYAF,KUYAF,2023-08-16,2023-07-31,,USD
KVHI,KVH Industries Inc,2023-08-07,2023-06-30,0.06,USD
KVUE,Kenvue Inc,2023-07-20,2023-06-30,0.3,USD
KW,Kennedy-Wilson Holdings Inc,2023-08-01,2023-06-30,0.04,USD
KWHIY,KWHIY,2023-08-01,2023-06-30,0,JPY
KWR,Quaker Houghton,2023-08-02,2023-06-30,1.87,USD
KXSCF,KXSCF,2023-08-07,2023-06-30,,USD
KYMR,Kymera Therapeutics Inc,2023-08-07,2023-06-30,-0.72,USD
KYN,Kayne Anderson Energy Infrastructure Fund Inc,2023-07-25,2023-05-31,,USD
KYOCY,KYOCY,2023-08-02,2023-06-30,0.5513,JPY
KZR,Kezar Life Sciences Inc,2023-08-09,2023-06-30,-0.32,USD
L,Loews Corp,2023-07-31,2023-06-30,,USD
LAB,Standard BioTools Inc,2023-08-07,2023-06-30,-0.0441,USD
LABP,Landos Biopharma Inc,2023-08-09,2023-06-30,-1.07,USD
LAC,Lithium Americas Corp,2023-07-26,2023-06-30,-0.1,USD
LAD,Lithia Motors Inc - Class A,2023-07-18,2023-06-30,9.15,USD
LADR,Ladder Capital Corp - Class A,2023-07-26,2023-06-30,0.32,USD
LADX,LADX,2023-08-09,2023-06-30,,USD
LADXD,LADXD,2023-08-09,2023-06-30,,USD
LAKE,Lakeland Industries Inc,2023-09-06,2023-07-31,0.22,USD
LAMR,Lamar Advertising Co - Class A,2023-08-01,2023-06-30,1.4,USD
LANC,Lancaster Colony Corp,2023-08-23,2023-06-30,1.28,USD
LAND,Gladstone Land Corp,2023-08-07,2023-06-30,-0.13,USD
LARK,Landmark Bancorp Inc,2023-07-24,2023-06-30,,USD
LASE,Laser Photonics Corp,2023-08-30,2023-06-30,0,USD
LASLY,LASLY,2023-06-30,2023-03-31,0,CNY
LASLY,LASLY,2023-08-30,2023-06-30,0,CNY
LASR,nLIGHT Inc,2023-08-02,2023-06-30,-0.08,USD
LAUR,Laureate Education Inc,2023-08-02,2023-06-30,0.52,USD
LAW,CS Disco Inc,2023-08-09,2023-06-30,-0.2,USD
LAZ,Lazard Ltd - Class A,2023-07-26,2023-06-30,0.21,USD
LAZR,Luminar Technologies Inc - Class A,2023-08-07,2023-06-30,-0.23,USD
LAZY,Lazydays Holdings Inc,2023-08-02,2023-05-31,,USD
LAZY,Lazydays Holdings Inc,2023-08-02,2023-06-30,0.11,USD
LBAI,Lakeland Bancorp Inc,2023-07-26,2023-06-30,0.41,USD
LBAS,LBAS,2023-07-18,2023-05-31,0,USD
LBC,Luther Burbank Corp,2023-07-24,2023-06-30,0.2,USD
LBLCF,LBLCF,2023-07-25,2023-06-30,,CAD
LBPH,Longboard Pharmaceuticals Inc,2023-08-02,2023-06-30,-0.6,USD
LBRDA,Liberty Broadband Corp - Series A,2023-08-03,2023-06-30,1.57,USD
LBRDK,Liberty Broadband Corp - Series C,2023-08-10,2023-06-30,1.55,USD
LBRT,Liberty Energy Inc - Class A,2023-07-24,2023-06-30,0.96,USD
LBTI,LBTI,2023-08-22,2023-06-30,0,USD
LBTYA,Liberty Global plc - Class A,2023-07-24,2023-06-30,-0.07,USD
LBTYB,Liberty Global plc - Class B,2023-07-24,2023-06-30,0.0857,USD
LBTYK,Liberty Global plc - Class C,2023-07-24,2023-06-30,0.0857,USD
LC,LendingClub Corp,2023-07-25,2023-06-30,0.04,USD
LCGMF,LCGMF,2023-08-09,2023-06-30,0,USD
LCI,Lannett Co. Inc,2023-08-22,2023-06-30,,USD
LCID,Lucid Group Inc,2023-08-01,2023-06-30,-0.38,USD
LCII,LCI Industries,2023-07-31,2023-06-30,1.21,USD
LCIN,LCIN,2023-08-22,2023-06-30,,USD
LCINQ,LCINQ,2023-08-22,2023-06-30,,USD
LCNB,LCNB Corp,2023-07-24,2023-06-30,0.36,USD
LCSHF,LCSHF,2023-07-27,2023-06-30,0,USD
LCTC,LCTC,2023-08-07,2023-06-30,,USD
LCTX,Lineage Cell Therapeutics Inc,2023-08-09,2023-06-30,-0.05,USD
LCUT,Lifetime Brands Inc,2023-08-02,2023-06-30,-0.16,USD
LDI,LoanDepot Inc - Class A,2023-08-07,2023-06-30,-0.12,USD
LDSN,LDSN,2023-08-16,2023-06-30,,USD
LE,Lands` End Inc,2023-08-30,2023-07-31,-0.11,USD
LEA,Lear Corp,2023-07-31,2023-06-30,2.8,USD
LEAT,LEAT,2023-08-09,2023-06-30,,USD
LECO,Lincoln Electric Holdings Inc,2023-07-26,2023-06-30,2.3,USD
LEDS,Semileds Corp,2023-07-10,2023-05-31,,USD
LEE,Lee Enterprises Inc,2023-08-02,2023-06-30,0.93,USD
LEFUF,LEFUF,2023-08-08,2023-06-30,,CAD
LEG,Leggett & Platt Inc,2023-07-31,2023-06-30,0.39,USD
LEGH,Legacy Housing Corp,2023-09-21,2023-06-30,0.62,USD
LEGN,Legend Biotech Corp,2023-08-14,2023-06-30,-0.3509,USD
LEJU,Leju Holdings Ltd,2023-08-24,2023-06-30,0,USD
LEN,Lennar Corp - Class A,2023-09-19,2023-08-31,3.44,USD
LEN-B,Lennar Corp - Class B,2023-09-19,2023-08-31,3.36,USD
LENTY,LENTY,2023-07-28,2023-06-30,,USD
LEO,BNY Mellon Strategic Municipals Inc,2023-07-13,2023-06-30,,USD
LESL,Leslies Inc,2023-08-03,2023-06-30,0.69,USD
LEU,Centrus Energy Corp - Class A,2023-08-02,2023-06-30,0.27,USD
LEV,Lion Electric Co (The),2023-08-03,2023-06-30,-0.11,USD
LEVI,Levi Strauss & Co. Cls A,2023-07-05,2023-05-31,0.03,USD
LEXX,Lexaria Bioscience Corp,2023-07-12,2023-05-31,-0.28,USD
LFLY,Leafly Holdings Inc,2023-08-09,2023-06-30,-0.09,USD
LFMD,LifeMD Inc,2023-08-09,2023-06-30,-0.1,USD
LFST,LifeStance Health Group Inc,2023-08-09,2023-06-30,-0.0759,USD
LFSWF,LFSWF,2023-07-26,2023-05-31,,CAD
LFT,Lument Finance Trust Inc,2023-08-07,2023-06-30,0.07,USD
LFUS,Littelfuse Inc,2023-07-31,2023-06-30,3.34,USD
LFVN,Lifevantage Corporation,2023-08-21,2023-06-30,0.2,USD
LGDTF,LGDTF,2023-08-10,2023-06-30,,USD
LGF-A,Lions Gate Entertainment Corp - Class A,2023-08-02,2023-06-30,,USD
LGF-B,Lions Gate Entertainment Corp - Class B,2023-08-03,2023-06-30,-0.1985,USD
LGFA,LGFA,2023-08-03,2023-06-30,-0.1985,USD
LGGNY,LGGNY,2023-08-15,2023-06-30,0,GBP
LGIH,LGI Homes Inc,2023-07-31,2023-06-30,1.73,USD
LGIQ,LGIQ,2023-08-09,2023-06-30,,USD
LGL,LGL Group Inc,2023-08-07,2023-06-30,0.06,USD
LGMK,LogicMark Inc,2023-08-09,2023-06-30,,USD
LGND,Ligand Pharmaceuticals Inc - Class B,2023-08-07,2023-06-30,0.55,USD
LGO,Largo Inc,2023-08-08,2023-06-30,-0.1,USD
LGRDY,LGRDY,2023-07-31,2023-06-30,0.2497,EUR
LGVN,Longeveron Inc - Class A,2023-08-11,2023-06-30,-0.2467,USD
LH,Laboratory Corp Of America Holdings,2023-07-26,2023-06-30,4.22,USD
LHC,Leo Holdings Corp II - Class A,2023-08-09,2023-06-30,,USD
LHCG,LHCG,2023-08-01,2023-06-30,,USD
LHDX,LHDX,2023-08-14,2023-06-30,-0.87,USD
LHDXQ,LHDXQ,2023-08-14,2023-06-30,-0.87,USD
LHX,L3Harris Technologies Inc,2023-07-26,2023-06-30,2.93,USD
LI,Li Auto Inc,2023-08-14,2023-06-30,0.11,CNY
LIAN,LianBio,2023-08-10,2023-06-30,-0.315,USD
LICT,LICT,2023-06-23,2023-03-31,,USD
LICT,LICT,2023-08-14,2023-06-30,,USD
LICY,Li-Cycle Holdings Corp - Class A,2023-09-11,2023-07-31,-0.17,USD
LIDR,AEye Inc - Class A,2023-08-14,2023-06-30,-0.09,USD
LIFE,Atyr Pharma Inc,2023-08-14,2023-06-30,-0.26,USD
LIFW,MSP Recovery Inc - Class A,2023-08-10,2023-06-30,1.84,USD
LIFZF,LIFZF,2023-08-02,2023-06-30,,CAD
LII,Lennox International Inc,2023-07-26,2023-06-30,5.17,USD
LILA,Liberty Latin America Ltd - Class A,2023-08-01,2023-06-30,0.02,USD
LILAK,Liberty Latin America Ltd - Class C,2023-08-02,2023-06-30,0.1033,USD
LIMAF,LIMAF,2023-08-08,2023-06-30,1.75,CAD
LIN,Linde Plc.,2023-07-28,2023-06-30,3.48,USD
LINC,Lincoln Educational Services Corp,2023-08-07,2023-06-30,-0.01,USD
LIND,Lindblad Expeditions Holdings Inc,2023-07-31,2023-06-30,-0.32,USD
LINK,Interlink Electronics,2023-08-09,2023-06-30,-0.04,USD
LIQDQ,LIQDQ,2023-08-03,2023-06-30,0,USD
LIQT,LiqTech International Inc,2023-08-09,2023-06-30,-0.24,USD
LITB,LightInTheBox Holding Co Ltd,2023-09-04,2023-06-30,,USD
LITE,Lumentum Holdings Inc,2023-08-14,2023-06-30,0.56,USD
LIVC,LIVC,2023-08-14,2023-06-30,,USD
LIVE,Live Ventures Inc,2023-08-09,2023-06-30,1.15,USD
LIVN,LivaNova PLC,2023-07-26,2023-06-30,0.54,USD
LIXT,Lixte Biotechnology Holdings Inc,2023-08-08,2023-06-30,,USD
LIZI,Lizhi Inc,2023-08-08,2023-06-30,,CNY
LKFN,Lakeland Financial Corp,2023-07-24,2023-06-30,0.93,USD
LKNCY,LKNCY,2023-08-07,2023-06-30,,CNY
LKQ,LKQ Corp,2023-07-27,2023-06-30,1.07,USD
LL,LL Flooring Holdings Inc,2023-08-01,2023-06-30,-0.41,USD
LLAP,Terran Orbital Corp - Class A,2023-08-08,2023-06-30,-0.2025,USD
LLESY,LLESY,2023-08-14,2023-06-30,0.2329,AUD
LLY,Lilly(Eli) & Company,2023-08-08,2023-06-30,2,USD
LMAT,Lemaitre Vascular Inc,2023-07-26,2023-06-30,0.32,USD
LMB,Limbach Holdings Inc,2023-08-07,2023-06-30,0.15,USD
LMDX,LumiraDx Ltd,2023-08-17,2023-06-30,-0.135,USD
LMFA,LM Funding America Inc,2023-08-15,2023-06-30,-0.43,USD
LMND,Lemonade Inc,2023-08-07,2023-06-30,-0.99,USD
LMNL,Liminal Biosciences Inc,2023-08-07,2023-06-30,,CAD
LMNR,Limoneira Company,2023-08-23,2023-07-31,0.24,USD
LMPX,LMPX,2023-08-07,2023-06-30,,USD
LMRXF,LMRXF,2023-08-14,2023-06-30,,USD
LMSBF,LMSBF,2023-08-28,2023-06-30,,USD
LMST,LMST,2023-07-18,2023-06-30,0.59,USD
LMT,Lockheed Martin Corp,2023-07-17,2023-06-30,6.42,USD
LNC,Lincoln National Corp,2023-08-01,2023-06-30,1.8,USD
LNDC,LNDC,2023-08-08,2023-05-31,,USD
LNDNF,LNDNF,2023-08-09,2023-06-30,-0.0108,USD
LNDZF,LNDZF,2023-07-12,2023-05-31,,USD
LNG,Cheniere Energy Inc,2023-08-02,2023-06-30,2.88,USD
LNKB,Linkbancorp Inc,2023-07-31,2023-06-30,0.0933,USD
LNN,Lindsay Corporation,2023-06-29,2023-05-31,2.15,USD
LNSR,LENSAR Inc,2023-08-07,2023-06-30,-0.36,USD
LNSTY,LNSTY,2023-08-03,2023-06-30,0.5137,GBP
LNT,Alliant Energy Corp,2023-08-02,2023-06-30,0.55,USD
LNTH,Lantheus Holdings Inc,2023-08-02,2023-06-30,1.31,USD
LNTQF,LNTQF,2023-07-20,2023-06-30,,CHF
LNVGF,LNVGF,2023-08-17,2023-06-30,0.0248,USD
LNVGY,LNVGY,2023-08-17,2023-06-30,0.4958,USD
LNW,Light & Wonder Inc,2023-08-07,2023-06-30,0.3,USD
LOAN,Manhattan Bridge Capital Inc,2023-07-20,2023-06-30,0.11,USD
LOB,Live Oak Bancshares Inc,2023-07-25,2023-06-30,0.32,USD
LOBEF,LOBEF,2023-07-18,2023-05-31,,CAD
LOCL,Local Bounti Corp - Class A,2023-08-07,2023-06-30,-2.71,USD
LOCMQ,LOCMQ,2023-08-16,2023-06-30,0,USD
LOCO,El Pollo Loco Holdings Inc,2023-08-02,2023-06-30,0.21,USD
LODE,Comstock Inc,2023-08-07,2023-06-30,-0.02,USD
LOGI,Logitech International S.A.,2023-07-24,2023-06-30,0.4425,USD
LOGN,LOGN,2023-07-11,2023-06-30,,USD
LOMA,Loma Negra Compania Industrial Argentina Sociedad Anonima,2023-08-10,2023-06-30,0.0043,ARS
LOOP,Loop Industries Inc,2023-07-11,2023-05-31,-0.11,USD
LOPE,Grand Canyon Education Inc,2023-08-02,2023-06-30,0.89,USD
LOTZ,LOTZ,2023-08-07,2023-06-30,,USD
LOV,Spark Networks SE,2023-08-07,2023-06-30,,USD
LOVE,Lovesac Company,2023-09-06,2023-07-31,-0.14,USD
LOVFD,LOVFD,2023-07-25,2023-05-31,,CAD
LOVFF,LOVFF,2023-07-25,2023-05-31,,USD
LOW,Lowe`s Cos. Inc,2023-08-22,2023-07-31,4.49,USD
LOWLF,LOWLF,2023-08-07,2023-06-30,,USD
LPCN,Lipocine Inc,2023-08-07,2023-06-30,-0.64,USD
LPG,Dorian LPG Ltd,2023-08-01,2023-06-30,1.65,USD
LPI,LPI,2023-08-01,2023-06-30,5.41,USD
LPKGF,LPKGF,2023-08-08,2023-06-30,,CAD
LPL,LG Display Co Ltd,2023-07-26,2023-06-30,-0.6765,KRW
LPLA,LPL Financial Holdings Inc,2023-07-31,2023-06-30,4.03,USD
LPRO,Open Lending Corp,2023-08-02,2023-06-30,0.09,USD
LPSIF,LPSIF,2023-08-23,2023-06-30,,CAD
LPSN,Liveperson Inc,2023-08-07,2023-06-30,-0.38,USD
LPTH,Lightpath Technologies Inc - Class A,2023-09-12,2023-06-30,-0.01,USD
LPTV,Loop Media Inc,2023-08-30,2023-06-30,-0.14,USD
LPTX,Leap Therapeutics Inc,2023-08-10,2023-06-30,-0.09,USD
LPX,Louisiana-Pacific Corp,2023-08-07,2023-06-30,0.63,USD
LQDA,Liquidia Corp,2023-08-09,2023-06-30,-0.1614,USD
LQDT,Liquidity Services Inc,2023-08-02,2023-06-30,0.25,USD
LQMT,LQMT,2023-08-09,2023-06-30,,USD
LRCDF,LRCDF,2023-08-29,2023-07-31,,USD
LRCX,Lam Research Corp,2023-07-25,2023-06-30,5.07,USD
LRFC,Logan Ridge Finance Corporation,2023-08-07,2023-06-30,0.23,USD
LRLCY,LRLCY,2023-07-27,2023-06-30,0,EUR
LRMR,Larimar Therapeutics Inc,2023-08-09,2023-06-30,-0.19,USD
LRN,Stride Inc,2023-08-07,2023-06-30,0.87,USD
LRTNF,LRTNF,2023-08-14,2023-06-30,,USD
LSAK,Lesaka Technologies Inc,2023-09-13,2023-06-30,-0.07,USD
LSBK,Lake Shore Bancorp,2023-07-18,2023-06-30,,USD
LSCC,Lattice Semiconductor Corp,2023-07-31,2023-06-30,0.51,USD
LSDAF,LSDAF,2023-08-10,2023-06-30,,CAD
LSDI,Lucy Scientific Discovery Inc,2023-08-30,2023-06-30,-0.19,USD
LSEA,Landsea Homes Corporation - Class A,2023-08-02,2023-06-30,0.13,USD
LSF,Laird Superfood Inc,2023-08-08,2023-06-30,-0.43,USD
LSI,Life Storage Inc,2023-08-01,2023-06-30,1.14,USD
LSPD,Lightspeed Commerce Inc (Sub Voting),2023-08-02,2023-06-30,-0.03,USD
LSTA,Lisata Therapeutics Inc,2023-08-02,2023-06-30,-0.7,USD
LSTR,Landstar System Inc,2023-07-26,2023-06-30,1.89,USD
LSXMA,Liberty Media Corp (Tracking Stock - SiriusXM) Series A,2023-08-04,2023-06-30,0.8652,USD
LSXMK,Liberty Media Corp (Tracking Stock - SiriusXM) Series C,2023-08-04,2023-06-30,0.9175,USD
LTBR,Lightbridge Corp,2023-07-25,2023-06-30,,USD
LTC,LTC Properties Inc,2023-07-26,2023-06-30,0.42,USD
LTCCF,LTCCF,2023-08-28,2023-06-30,,CAD
LTCH,Latch Inc,2023-08-11,2023-06-30,-0.35,USD
LTH,Life Time Group Holdings Inc,2023-08-15,2023-06-30,0.1,USD
LTHM,Livent Corp,2023-07-31,2023-06-30,0.47,USD
LTKBF,LTKBF,2023-08-02,2023-06-30,,CAD
LTRE,LTRE,2023-08-09,2023-06-30,0,USD
LTRN,Lantern Pharma Inc,2023-08-07,2023-06-30,-0.43,USD
LTRPA,Liberty TripAdvisor Holdings Inc - Series A,2023-08-02,2023-06-30,,USD
LTRX,Lantronix Inc,2023-08-23,2023-06-30,0.06,USD
LTRY,Lottery.com Inc,2023-08-30,2023-06-30,0,USD
LTTC,LTTC,2023-08-21,2023-06-30,0,USD
LU,Lufax Holding Ltd,2023-08-02,2023-06-30,0.05,USD
LUCD,Lucid Diagnostics Inc,2023-08-14,2023-06-30,-0.28,USD
LUCMF,LUCMF,2023-08-28,2023-06-30,,CAD
LUCRF,LUCRF,2023-08-08,2023-06-30,,USD
LUGDF,LUGDF,2023-08-07,2023-06-30,0.215,USD
LULU,Lululemon Athletica Inc,2023-08-30,2023-07-31,2.53,USD
LUMN,Lumen Technologies Inc,2023-08-01,2023-06-30,-0.43,USD
LUMO,Lumos Pharma Inc,2023-08-07,2023-06-30,-1.09,USD
LUNA,Luna Innovations Inc,2023-08-09,2023-06-30,0.05,USD
LUNG,Pulmonx Corp,2023-07-31,2023-06-30,-0.44,USD
LUNMF,LUNMF,2023-07-25,2023-06-30,0.12,USD
LUV,Southwest Airlines Company,2023-07-27,2023-06-30,1.05,USD
LVLU,Lulus Fashion Lounge Holdings Inc,2023-08-15,2023-07-31,0.0663,USD
LVMUY,LVMUY,2023-07-26,2023-06-30,3.32,EUR
LVO,LiveOne Inc,2023-06-27,2023-03-31,-0.03,USD
LVO,LiveOne Inc,2023-08-09,2023-06-30,-0.04,USD
LVOX,LiveVox Holdings Inc - Class A,2023-08-07,2023-06-30,-0.02,USD
LVS,Las Vegas Sands Corp,2023-07-18,2023-06-30,0.44,USD
LVTX,LAVA Therapeutics NV,2023-09-11,2023-06-30,-0.47,USD
LVVV,LVVV,2023-08-14,2023-06-30,,USD
LVWD,LVWD,2023-08-16,2023-06-30,0,USD
LW,Lamb Weston Holdings Inc,2023-07-25,2023-05-31,1.05,USD
LWLG,Lightwave Logic Inc,2023-08-08,2023-06-30,,USD
LWLW,LWLW,2023-08-14,2023-06-30,0,USD
LWSCF,LWSCF,2023-08-09,2023-06-30,,CAD
LX,LexinFintech Holdings Ltd,2023-08-14,2023-06-30,,CNY
LXFR,Luxfer Holdings PLC,2023-07-24,2023-06-30,0.27,USD
LXP,LXP Industrial Trust,2023-08-02,2023-06-30,-0.01,USD
LXRX,Lexicon Pharmaceuticals Inc,2023-07-31,2023-06-30,-0.18,USD
LXU,LSB Industries Inc,2023-07-25,2023-06-30,0.27,USD
LXXGF,LXXGF,2023-08-02,2023-05-31,0,USD
LXXGQ,LXXGQ,2023-08-02,2023-05-31,0,USD
LYB,LyondellBasell Industries NV - Class A,2023-07-27,2023-06-30,2.53,USD
LYEL,Lyell Immunopharma Inc,2023-08-10,2023-06-30,-0.2525,USD
LYFT,Lyft Inc Cls A,2023-08-02,2023-06-30,-0.01,USD
LYG,Lloyds Banking Group plc,2023-07-26,2023-06-30,0.0897,GBP
LYLT,LYLT,2023-08-11,2023-06-30,0.12,USD
LYLTQ,LYLTQ,2023-08-11,2023-06-30,0.12,USD
LYRA,Lyra Therapeutics Inc,2023-08-07,2023-06-30,-0.42,USD
LYTS,LSI Industries Inc,2023-08-16,2023-06-30,0.18,USD
LYV,Live Nation Entertainment Inc,2023-08-02,2023-06-30,0.64,USD
LZ,LegalZoom.com Inc,2023-08-09,2023-06-30,0.1,USD
LZAGY,LZAGY,2023-07-26,2023-06-30,0.904,CHF
LZB,La-Z-Boy Inc,2023-08-21,2023-07-31,0.57,USD
M,Macy`s Inc,2023-08-21,2023-05-31,,USD
M,Macy`s Inc,2023-08-21,2023-07-31,0.13,USD
MA,Mastercard Incorporated - Class A,2023-07-26,2023-06-30,2.99,USD
MAA,Mid-America Apartment Communities Inc,2023-07-25,2023-06-30,1.1,USD
MAC,Macerich Company,2023-07-26,2023-06-30,-0.09,USD
MACE,MACE,2023-07-31,2023-06-30,,USD
MACK,Merrimack Pharmaceuticals Inc,2023-08-02,2023-06-30,,USD
MAG,MAG Silver Corp,2023-08-14,2023-06-30,0.21,USD
MAIA,MAIA Biotechnology Inc,2023-08-21,2023-06-30,-0.385,USD
MAIN,Main Street Capital Corporation,2023-08-02,2023-06-30,1.03,USD
MAKOD,MAKOD,2023-08-14,2023-06-30,,USD
MAKOF,MAKOF,2023-08-14,2023-06-30,,USD
MAKSY,MAKSY,2023-08-30,2023-06-30,0,GBP
MALJF,MALJF,2023-08-07,2023-06-30,,CAD
MAMTF,MAMTF,2023-08-07,2023-06-30,,CAD
MAN,ManpowerGroup,2023-07-17,2023-06-30,1.62,USD
MANH,Manhattan Associates Inc,2023-07-24,2023-06-30,0.72,USD
MANU,Manchester United Plc. - Class A,2023-06-26,2023-03-31,-0.05,GBP
MANU,Manchester United Plc. - Class A,2023-09-20,2023-06-30,-0.11,GBP
MAPS,WM Technology Inc - Class A,2023-08-09,2023-06-30,-0.034,USD
MAR,Marriott International Inc - Class A,2023-07-31,2023-06-30,2.16,USD
MARA,Marathon Digital Holdings Inc,2023-08-07,2023-06-30,0.01,USD
MARK,Remark Holdings Inc,2023-08-14,2023-06-30,,USD
MARUY,MARUY,2023-08-04,2023-06-30,4.45,JPY
MAS,Masco Corp,2023-07-26,2023-06-30,0.95,USD
MASI,Masimo Corp,2023-08-07,2023-06-30,0.95,USD
MASS,908 Devices Inc,2023-08-07,2023-06-30,-0.35,USD
MAT,Mattel Inc,2023-07-19,2023-06-30,-0.02,USD
MATV,Mativ Holdings Inc,2023-08-07,2023-06-30,0.51,USD
MATW,Matthews International Corp - Class A,2023-07-26,2023-06-30,0.63,USD
MATX,Matson Inc,2023-07-31,2023-06-30,1.22,USD
MAURY,MAURY,2023-08-04,2023-06-30,0,JPY
MAUSY,MAUSY,2023-07-27,2023-06-30,0,USD
MAVBF,MAVBF,2023-08-09,2023-06-30,,USD
MAX,MediaAlpha Inc - Class A,2023-08-02,2023-06-30,-0.26,USD
MAXD,MAXD,2023-08-29,2023-06-30,,USD
MAXN,Maxeon Solar Technologies Ltd,2023-08-08,2023-06-30,-0.15,USD
MAXR,Maxar Technologies Inc,2023-08-07,2023-06-30,0.2,USD
MAYS,J.W. Mays Inc,2023-06-28,2023-04-30,0,USD
MBAIF,MBAIF,2023-07-12,2023-05-31,,CAD
MBC,MasterBrand Inc,2023-08-30,2023-06-30,0.31,USD
MBCN,Middlefield Banc Corp,2023-07-17,2023-06-30,0.57,USD
MBGAF,MBGAF,2023-07-27,2023-06-30,3.17,EUR
MBI,MBIA Inc,2023-08-02,2023-06-30,-0.16,USD
MBIN,Merchants Bancorp,2023-07-26,2023-06-30,1.23,USD
MBIO,Mustang Bio Inc,2023-08-09,2023-06-30,-1.81,USD
MBLU,MBLU,2023-07-27,2023-06-30,,USD
MBLY,Mobileye Global Inc - Class A,2023-08-30,2023-06-30,0.13,USD
MBOT,Microbot Medical Inc,2023-08-14,2023-06-30,-0.31,USD
MBRX,Moleculin Biotech Inc,2023-08-10,2023-06-30,-0.27,USD
MBUU,Malibu Boats Inc - Class A,2023-08-23,2023-06-30,2.3,USD
MBVA,MBVA,2023-08-23,2023-06-30,0,USD
MBWM,Mercantile Bank Corp,2023-07-17,2023-06-30,1.12,USD
MBXBF,MBXBF,2023-08-09,2023-06-30,,CAD
MC,Moelis & Co - Class A,2023-07-25,2023-06-30,0.04,USD
MCB,Metropolitan Bank Holding Corp,2023-07-19,2023-06-30,1.72,USD
MCBC,Macatawa Bank Corp,2023-07-26,2023-06-30,0.33,USD
MCBI,MCBI,2023-07-24,2023-06-30,0.27,USD
MCBK,MCBK,2023-07-23,2023-06-30,,USD
MCBS,MetroCity Bankshares Inc,2023-07-20,2023-06-30,0.5,USD
MCCRF,MCCRF,2023-08-03,2023-06-30,,CAD
MCD,McDonald`s Corp,2023-07-24,2023-06-30,2.76,USD
MCEM,MCEM,2023-08-09,2023-06-30,,USD
MCET,MCET,2023-07-14,2023-05-31,0,USD
MCFT,MasterCraft Boat Holdings Inc,2023-09-06,2023-06-30,1.07,USD
MCG,MCG,2023-08-24,2023-06-30,-0.1067,USD
MCHP,Microchip Technology Inc,2023-07-31,2023-06-30,1.64,USD
MCHX,Marchex Inc - Class B,2023-08-07,2023-06-30,-0.06,USD
MCIOF,MCIOF,2023-08-14,2023-06-30,,CAD
MCK,Mckesson Corporation,2023-08-01,2023-06-30,5.89,USD
MCLD,mCloud Technologies Corp,2023-08-14,2023-06-30,-0.5235,CAD
MCO,Moody`s Corp,2023-07-24,2023-06-30,2.17,USD
MCOM,Micromobility.com Inc - Class A,2023-08-14,2023-06-30,,USD
MCRB,Seres Therapeutics Inc,2023-08-01,2023-06-30,0.52,USD
MCREF,MCREF,2023-07-31,2023-06-30,,CAD
MCRI,Monarch Casino & Resort Inc,2023-07-18,2023-06-30,1.17,USD
MCS,Marcus Corp,2023-08-01,2023-06-30,0.28,USD
MCUJF,MCUJF,2023-08-22,2023-06-30,,CAD
MCURF,MCURF,2023-09-11,2023-08-31,,USD
MCW,Mister Car Wash Inc,2023-08-07,2023-06-30,0.09,USD
MCY,Mercury General Corp,2023-07-31,2023-06-30,-0.41,USD
MD,Pediatrix Medical Group Inc,2023-08-02,2023-06-30,0.4,USD
MDALF,MDALF,2023-08-10,2023-06-30,,CAD
MDB,MongoDB Inc - Class A,2023-08-29,2023-07-31,0.46,USD
MDC,M.D.C. Holdings Inc,2023-07-26,2023-06-30,0.74,USD
MDGL,Madrigal Pharmaceuticals Inc,2023-08-02,2023-06-30,-4.58,USD
MDIT,MDIT,2023-08-15,2023-06-30,0,USD
MDLM,MDLM,2023-08-14,2023-06-30,0,USD
MDLZ,Mondelez International Inc - Class A,2023-07-24,2023-06-30,0.69,USD
MDNA,Medicenna Therapeutics Corp,2023-08-14,2023-06-30,-0.0571,CAD
MDPCF,MDPCF,2023-07-13,2023-05-31,,CAD
MDRR,Medalist Diversified REIT Inc,2023-08-07,2023-06-30,,USD
MDRX,Veradigm Inc,2023-08-02,2023-06-30,0.2042,USD
MDSQF,MDSQF,2023-08-28,2023-06-30,,CAD
MDT,Medtronic Plc,2023-08-21,2023-07-31,1.11,USD
MDU,MDU Resources Group Inc,2023-08-02,2023-06-30,0.46,USD
MDV,Modiv Inc - Class C,2023-08-10,2023-06-30,-0.02,USD
MDVL,MedAvail Holdings Inc,2023-08-10,2023-06-30,-0.04,USD
MDWD,MediWound Ltd,2023-08-07,2023-06-30,-0.4,USD
MDWT,Midwest Hldg Inc,2023-08-10,2023-06-30,0.33,USD
MDXG,Mimedx Group Inc,2023-07-31,2023-06-30,-0.02,USD
MDXH,MDxHealth SA,2023-08-23,2023-06-30,-0.3388,USD
MDXHF,MDXHF,2023-08-28,2023-06-30,,CAD
ME,23andMe Holding Co - Class A,2023-08-08,2023-06-30,-0.1264,USD
MEC,Mayville Engineering Company Inc,2023-07-31,2023-06-30,0.16,USD
MECVF,MECVF,2023-06-27,2023-03-31,,USD
MECVF,MECVF,2023-08-09,2023-06-30,,USD
MED,Medifast Inc,2023-08-01,2023-06-30,1.44,USD
MEDP,Medpace Holdings Inc,2023-07-24,2023-06-30,1.9,USD
MEDS,Trxade Health Inc,2023-07-24,2023-06-30,-0.05,USD
MEDVD,MEDVD,2023-08-14,2023-06-30,,USD
MEDVF,MEDVF,2023-08-14,2023-06-30,,CAD
MEEC,MEEC,2023-08-15,2023-06-30,0.01,USD
MEG,Montrose Environmental Group Inc,2023-08-07,2023-06-30,-0.29,USD
MEGEF,MEGEF,2023-07-27,2023-06-30,,CAD
MEIP,MEI Pharma Inc,2023-09-06,2023-06-30,-2.41,USD
MELI,MercadoLibre Inc,2023-08-01,2023-06-30,4.52,USD
MENEF,MENEF,2023-08-24,2023-06-30,,CAD
MENXF,MENXF,2023-08-22,2023-06-30,,CAD
MEOBF,MEOBF,2023-08-29,2023-06-30,-0.0369,USD
MEOH,Methanex Corp,2023-07-25,2023-06-30,0.69,USD
MEQYF,MEQYF,2023-07-24,2023-06-30,,USD
MERC,Mercer International Inc,2023-08-03,2023-06-30,0.2288,USD
MERR,MERR,2023-08-11,2023-06-30,0,USD
MESA,Mesa Air Group Inc,2023-08-07,2023-06-30,-0.32,USD
MESO,Mesoblast Ltd,2023-08-29,2023-06-30,-0.1844,USD
MET,Metlife Inc,2023-08-01,2023-06-30,2.04,USD
META,Meta Platforms Inc - Class A,2023-07-25,2023-06-30,2.89,USD
METC,Ramaco Resources Inc - Class A,2023-08-07,2023-06-30,0.57,USD
METX,Meten Holding Group Ltd,2023-08-16,2023-06-30,0,CNY
MFA,MFA Financial Inc,2023-08-02,2023-06-30,0.44,USD
MFC,Manulife Financial Corp,2023-08-09,2023-06-30,0.61,USD
MFCO,MFCO,2023-08-10,2023-06-30,0,USD
MFCSF,MFCSF,2023-08-09,2023-06-30,0.18,USD
MFG,Mizuho Financial Group Inc,2023-08-03,2023-06-30,0.0983,JPY
MFIC,MidCap Financial Investment Corporation,2023-07-31,2023-06-30,0.43,USD
MFIN,Medallion Financial Corp,2023-07-25,2023-06-30,0.36,USD
MFON,MFON,2023-08-14,2023-06-30,,USD
MG,Mistras Group Inc,2023-08-01,2023-06-30,0.2,USD
MGA,Magna International Inc,2023-07-27,2023-06-30,1.19,USD
MGAM,Mobile Global Esports Inc,2023-08-30,2023-06-30,-0.08,USD
MGDDY,MGDDY,2023-07-26,2023-06-30,0,EUR
MGDPF,MGDPF,2023-08-10,2023-06-30,,CAD
MGEE,MGE Energy Inc,2023-08-02,2023-07-31,0.67,USD
MGI,Moneygram International Inc,2023-08-03,2023-06-30,0.13,USD
MGIC,Magic Software Enterprises Ltd,2023-08-09,2023-06-30,0.28,USD
MGM,MGM Resorts International,2023-08-01,2023-06-30,0.53,USD
MGMLF,MGMLF,2023-08-08,2023-06-30,,CAD
MGNI,Magnite Inc,2023-08-07,2023-06-30,0.03,USD
MGNX,Macrogenics Inc,2023-08-07,2023-06-30,-0.55,USD
MGPI,MGP Ingredients Inc,2023-08-02,2023-06-30,1.25,USD
MGRC,McGrath Rentcorp,2023-07-26,2023-06-30,1.06,USD
MGRUF,MGRUF,2023-07-25,2023-06-30,,CAD
MGTA,Magenta Therapeutics Inc,2023-08-02,2023-06-30,-0.19,USD
MGTI,MGTI,2023-08-14,2023-06-30,0,USD
MGTX,MeiraGTx Holdings plc,2023-08-09,2023-06-30,-0.59,USD
MGWFF,MGWFF,2023-08-26,2023-06-30,,CAD
MGY,Magnolia Oil & Gas Corp - Class A,2023-07-31,2023-06-30,0.54,USD
MGYOY,MGYOY,2023-08-04,2023-06-30,0.0957,HUF
MGYR,Magyar Bancorp Inc,2023-07-24,2023-06-30,,USD
MHCUF,MHCUF,2023-08-08,2023-06-30,,USD
MHGU,MHGU,2023-07-13,2023-06-30,,USD
MHGVY,MHGVY,2023-08-23,2023-06-30,0.3937,EUR
MHH,Mastech Digital Inc,2023-08-01,2023-06-30,0.15,USD
MHIVF,MHIVF,2023-08-07,2023-06-30,,USD
MHK,Mohawk Industries Inc,2023-07-26,2023-06-30,2.64,USD
MHLD,Maiden Holdings Ltd,2023-08-07,2023-06-30,,USD
MHO,MI Homes Inc,2023-07-25,2023-06-30,2.45,USD
MHPC,MHPC,2023-08-16,2023-06-30,,USD
MHPSY,MHPSY,2023-09-01,2023-06-30,,USD
MHTX,MHTX,2023-08-30,2023-06-30,0,USD
MICCF,MICCF,2023-07-27,2023-06-30,0.3216,USD
MICR,MICR,2023-08-07,2023-06-30,,USD
MICS,Singing Machine Co. Inc,2023-06-29,2023-03-31,0,USD
MICS,Singing Machine Co. Inc,2023-07-12,2023-06-30,,USD
MICT,MICT,2023-07-20,2023-06-30,0.34,USD
MIDD,Middleby Corp,2023-08-02,2023-06-30,2.35,USD
MIELY,MIELY,2023-08-02,2023-06-30,0.3912,JPY
MIGI,Mawson Infrastructure Group Inc,2023-08-21,2023-06-30,,USD
MIMNF,MIMNF,2023-06-26,2023-03-31,,USD
MIMNF,MIMNF,2023-08-09,2023-06-30,,USD
MIMO,Airspan Networks Holdings Inc,2023-08-07,2023-06-30,-0.3,USD
MIND,MIND Technology Inc,2023-09-11,2023-07-31,-0.14,USD
MINM,Minim Inc,2023-08-16,2023-06-30,-0.04,USD
MIR,Mirion Technologies Inc - Class A,2023-07-27,2023-06-30,0.06,USD
MIRM,Mirum Pharmaceuticals Inc,2023-08-02,2023-06-30,-0.78,USD
MIRO,Miromatrix Medical Inc,2023-08-14,2023-06-30,-0.29,USD
MIST,Milestone Pharmaceuticals Inc,2023-08-08,2023-06-30,-0.39,USD
MISVF,MISVF,2023-08-16,2023-06-30,0,CAD
MITEY,MITEY,2023-08-04,2023-06-30,0.2146,JPY
MITI,MITI,2023-08-30,2023-06-30,0,USD
MITK,Mitek Systems Inc,2023-07-26,2023-06-30,0.28,USD
MITSY,MITSY,2023-08-03,2023-06-30,17.68,JPY
MITT,AG Mortgage Investment Trust Inc,2023-08-01,2023-06-30,0.11,USD
MIXT,MiX Telematics Ltd,2023-08-03,2023-06-30,0.14,USD
MJDLF,MJDLF,2023-09-04,2023-07-31,,CAD
MJGCF,MJGCF,2023-08-28,2023-06-30,,USD
MJNA,MJNA,2023-06-28,2023-03-31,,USD
MJNA,MJNA,2023-08-16,2023-06-30,,USD
MKC,McCormick & Co. Inc (Non Voting),2023-06-29,2023-05-31,0.56,USD
MKDTY,MKDTY,2023-08-30,2023-06-30,0,USD
MKFG,Markforged Holding Corporation,2023-08-07,2023-06-30,-0.07,USD
MKKGY,MKKGY,2023-08-03,2023-06-30,0.5345,EUR
MKL,Markel Group Inc,2023-07-31,2023-06-30,18.29,USD
MKNGF,MKNGF,2023-08-28,2023-06-30,,USD
MKSEF,MKSEF,2023-08-28,2023-06-30,,CAD
MKSI,MKS Instruments Inc,2023-07-25,2023-06-30,1.18,USD
MKTAY,MKTAY,2023-08-02,2023-06-30,0.0935,JPY
MKTW,Marketwise Inc - Class A,2023-08-09,2023-06-30,0.0295,USD
MKTX,MarketAxess Holdings Inc,2023-07-18,2023-06-30,1.75,USD
MKUL,Molekule Group Inc,2023-08-15,2023-06-30,-0.24,USD
ML,MoneyLion Inc - Class A,2023-08-09,2023-06-30,-1.42,USD
MLAB,Mesa Laboratories Inc,2023-08-02,2023-06-30,-0.02,USD
MLCO,Melco Resorts & Entertainment Ltd,2023-08-16,2023-06-30,-0.05,USD
MLFNF,MLFNF,2023-08-02,2023-06-30,,CAD
MLI,Mueller Industries Inc,2023-07-17,2023-06-30,1.8,USD
MLKN,MillerKnoll Inc,2023-07-12,2023-05-31,0.39,USD
MLLGF,MLLGF,2023-07-19,2023-06-30,,CAD
MLM,Martin Marietta Materials Inc,2023-07-26,2023-06-30,4.79,USD
MLNK,MeridianLink Inc,2023-08-07,2023-06-30,0.05,USD
MLP,Maui Land & Pineapple Co. Inc,2023-08-09,2023-06-30,,USD
MLR,Miller Industries Inc,2023-08-01,2023-06-30,,USD
MLRT,MLRT,2023-08-22,2023-06-30,0,USD
MLSS,Milestone Scientific Inc,2023-08-14,2023-06-30,-0.02,USD
MLTX,MoonLake Immunotherapeutics - Class A,2023-08-30,2023-06-30,-0.2356,USD
MLVF,Malvern Bancorp Inc,2023-08-07,2023-06-30,0.24,USD
MLYS,Mineralys Therapeutics Inc,2023-08-30,2023-06-30,-0.72,USD
MMAT,Meta Materials Inc,2023-08-07,2023-06-30,-0.03,USD
MMC,Marsh & McLennan Cos. Inc,2023-07-19,2023-06-30,2.11,USD
MMI,Marcus & Millichap Inc,2023-08-03,2023-06-30,-0.01,USD
MMIRF,MMIRF,2023-06-27,2023-04-30,,USD
MMLP,Martin Midstream Partners LP,2023-07-18,2023-06-30,,USD
MMM,3M Company,2023-07-24,2023-06-30,1.71,USD
MMMB,MamaMancini`s Holdings Inc,2023-09-12,2023-07-31,0.02,USD
MMND,MMND,2023-08-21,2023-06-30,,USD
MMNFF,MMNFF,2023-09-07,2023-06-30,,USD
MMP,Magellan Midstream Partners L.P.,2023-07-26,2023-06-30,1.12,USD
MMS,Maximus Inc,2023-08-01,2023-06-30,0.73,USD
MMSI,Merit Medical Systems Inc,2023-07-25,2023-06-30,0.75,USD
MMTMF,MMTMF,2023-09-21,2023-06-30,,USD
MMX,MMX,2023-08-10,2023-06-30,,USD
MMYT,MakeMyTrip Ltd,2023-07-25,2023-06-30,0.11,USD
MNARF,MNARF,2023-07-24,2023-06-30,,CAD
MNBEY,MNBEY,2023-08-04,2023-06-30,0.4266,JPY
MNDJF,MNDJF,2023-08-07,2023-06-30,0.07,USD
MNDO,Mind C.T.I Ltd,2023-08-08,2023-06-30,,USD
MNDY,Monday.Com Ltd,2023-08-15,2023-06-30,0.1669,USD
MNKA,MNKA,2023-08-21,2023-06-30,,USD
MNKD,Mannkind Corp,2023-08-07,2023-06-30,-0.04,USD
MNMB,MNMB,2023-07-31,2023-06-30,,USD
MNMD,Mind Medicine Inc,2023-08-09,2023-06-30,-0.54,USD
MNOV,Medicinova Inc,2023-08-09,2023-06-30,-0.07,USD
MNPR,Monopar Therapeutics Inc,2023-08-09,2023-06-30,-0.18,USD
MNRO,Monro Inc,2023-07-25,2023-06-30,0.38,USD
MNSB,MainStreet Bancshares Inc,2023-07-24,2023-06-30,0.86,USD
MNSO,MINISO Group Holding Ltd,2023-08-23,2023-06-30,0.18,CNY
MNST,Monster Beverage Corp,2023-08-02,2023-06-30,0.39,USD
MNTK,Montauk Renewables Inc,2023-08-07,2023-06-30,0.03,USD
MNTS,Momentus Inc - Class A,2023-08-09,2023-06-30,-0.17,USD
MNTUF,MNTUF,2023-08-23,2023-06-30,,CAD
MNTV,Momentive Global Inc,2023-08-02,2023-06-30,0.06,USD
MNTX,Manitex International Inc,2023-08-07,2023-06-30,0.06,USD
MO,Altria Group Inc,2023-08-01,2023-06-30,1.3,USD
MOBIF,MOBIF,2023-08-28,2023-06-30,,CAD
MOBQ,Mobiquity Technologies Inc,2023-08-30,2023-06-30,0,USD
MOD,Modine Manufacturing Company,2023-08-01,2023-06-30,0.43,USD
MODD,Modular Medical Inc,2023-08-30,2023-06-30,-0.41,USD
MODG,Topgolf Callaway Brands Corp,2023-08-02,2023-06-30,0.34,USD
MODN,Model N Inc,2023-08-07,2023-06-30,0.24,USD
MODV,ModivCare Inc,2023-08-02,2023-06-30,1.62,USD
MODVF,MODVF,2023-08-09,2023-06-30,,CAD
MOFG,MidWestOne Financial Group Inc,2023-07-26,2023-06-30,0.7,USD
MOG-A,Moog Inc - Class A,2023-07-27,2023-06-30,1.47,USD
MOG-B,Moog Inc - Class B,2023-07-28,2023-06-30,1.46,USD
MOGO,Mogo Inc (Sub Voting),2023-08-09,2023-06-30,-0.06,CAD
MOGU,MOGU Inc,2023-08-25,2023-06-30,0,CNY
MOH,Molina Healthcare Inc,2023-07-26,2023-06-30,5.05,USD
MOLN,Molecular Partners AG,2023-08-24,2023-06-30,-0.84,CHF
MOMO,Hello Group Inc,2023-08-30,2023-06-30,0.36,CNY
MOMT,MOMT,2023-08-16,2023-06-30,0,USD
MOND,Mondee Holdings Inc - Class A,2023-08-14,2023-06-30,-0.0775,USD
MONTF,MONTF,2023-08-22,2023-06-30,,CAD
MOR,Morphosys AG,2023-08-09,2023-06-30,-2.27,EUR
MORF,Morphic Holding Inc,2023-08-01,2023-06-30,-0.87,USD
MORN,Morningstar Inc,2023-07-25,2023-06-30,,USD
MOS,Mosaic Company,2023-07-31,2023-06-30,1.29,USD
MOSTQ,MOSTQ,2023-08-10,2023-06-30,0,USD
MOTS,Motus GI Holdings Inc,2023-08-09,2023-06-30,-0.61,USD
MOV,Movado Group Inc,2023-08-23,2023-07-31,0.34,USD
MP,MP Materials Corporation,2023-08-02,2023-06-30,0.07,USD
MPAA,Motorcar Parts of America Inc,2023-08-07,2023-06-30,0.13,USD
MPB,Mid Penn Bancorp Inc,2023-07-25,2023-06-30,0.14,USD
MPC,Marathon Petroleum Corp,2023-08-01,2023-06-30,4.69,USD
MPLN,MultiPlan Corp - Class A,2023-08-02,2023-06-30,-0.05,USD
MPLX,MPLX LP,2023-08-01,2023-06-30,0.88,USD
MPNGF,MPNGF,2023-08-25,2023-06-30,0.0868,CNY
MPTI,M-tron Industries Inc,2023-08-30,2023-06-30,0.21,USD
MPU,Mega Matrix Corp,2023-08-21,2023-06-30,,USD
MPVDF,MPVDF,2023-08-07,2023-06-30,0.0779,CAD
MPW,Medical Properties Trust Inc,2023-08-01,2023-06-30,0.26,USD
MPWR,Monolithic Power System Inc,2023-07-31,2023-06-30,2.8,USD
MPX,Marine Products Corp,2023-07-25,2023-06-30,,USD
MQ,Marqeta Inc - Class A,2023-08-10,2023-06-30,-0.1,USD
MRAI,Marpai Inc Class A,2023-08-09,2023-06-30,-0.36,USD
MRAM,Everspin Technologies Inc,2023-08-09,2023-06-30,0.06,USD
MRBK,Meridian Corp,2023-07-31,2023-06-30,0.39,USD
MRC,MRC Global Inc,2023-08-07,2023-06-30,0.39,USD
MRCBF,MRCBF,2023-08-01,2023-06-30,,CAD
MRCC,Monroe Capital Corp,2023-07-31,2023-06-30,0.28,USD
MRCR,MRCR,2023-08-14,2023-06-30,0,USD
MRCY,Mercury Systems Inc,2023-07-31,2023-06-30,0.59,USD
MREO,Mereo Biopharma Group Plc,2023-08-09,2023-06-30,-0.02,GBP
MRETF,MRETF,2023-08-07,2023-06-30,,CAD
MRIN,Marin Software Inc,2023-08-02,2023-06-30,,USD
MRK,Merck & Co Inc,2023-08-01,2023-06-30,1.85,USD
MRKR,Marker Therapeutics Inc,2023-08-09,2023-06-30,,USD
MRMD,MRMD,2023-08-07,2023-06-30,0.02,USD
MRNA,Moderna Inc,2023-08-01,2023-06-30,-4.1,USD
MRNS,Marinus Pharmaceuticals Inc,2023-08-09,2023-06-30,-0.73,USD
MRO,Marathon Oil Corporation,2023-08-01,2023-06-30,0.58,USD
MRSN,Mersana Therapeutics Inc,2023-08-07,2023-06-30,-0.5,USD
MRTN,Marten Transport Ltd,2023-07-17,2023-06-30,0.3,USD
MRTX,Mirati Therapeutics Inc,2023-08-01,2023-06-30,-3.17,USD
MRUS,Merus N.V,2023-08-07,2023-06-30,-0.88,USD
MRVFF,MRVFF,2023-08-14,2023-06-30,,USD
MRVI,Maravai LifeSciences Holdings Inc - Class A,2023-08-02,2023-06-30,0.01,USD
MRVL,Marvell Technology Inc,2023-08-23,2023-07-31,0.32,USD
MRZM,MRZM,2023-08-30,2023-06-30,0,USD
MS,Morgan Stanley,2023-07-18,2023-06-30,1.58,USD
MSA,MSA Safety Inc,2023-07-25,2023-06-30,1.46,USD
MSADY,MSADY,2023-08-09,2023-06-30,0,JPY
MSB,Mesabi Trust,2023-09-11,2023-07-31,,USD
MSBI,Midland States Bancorp Inc,2023-07-26,2023-06-30,0.82,USD
MSC,Studio City International Holdings Ltd,2023-08-16,2023-06-30,,USD
MSCI,MSCI Inc,2023-07-24,2023-06-30,3.1,USD
MSEX,Middlesex Water Company,2023-07-27,2023-06-30,0.6,USD
MSFT,Microsoft Corporation,2023-07-24,2023-06-30,2.56,USD
MSGE,Madison Square Garden Entertainment Corp - Class A,2023-08-17,2023-06-30,-1.64,USD
MSGM,Motorsport Games Inc - Class A,2023-08-08,2023-06-30,-1.91,USD
MSGS,Madison Square Garden Sports Corp - Class A,2023-08-16,2023-06-30,-0.31,USD
MSI,Motorola Solutions Inc,2023-08-02,2023-06-30,2.51,USD
MSM,MSC Industrial Direct Co. Inc - Class A,2023-06-29,2023-05-31,1.75,USD
MSN,Emerson Radio Corp,2023-08-14,2023-06-30,,USD
MSNVF,MSNVF,2023-08-25,2023-06-30,,USD
MSTR,Microstrategy Inc - Class A,2023-07-31,2023-06-30,-0.52,USD
MSVB,Mid-Southern Bancorp Inc,2023-07-24,2023-06-30,,USD
MSWV,MSWV,2023-08-02,2023-06-30,,USD
MT,ArcelorMittal,2023-07-27,2023-06-30,1.64,USD
MTA,Metalla Royalty and Streaming Ltd,2023-08-10,2023-05-31,-0.01,USD
MTAL,Metals Acquisition Ltd,2023-08-21,2023-06-30,,USD
MTB,M & T Bank Corp,2023-07-19,2023-06-30,4.39,USD
MTBC,MTBC,2023-08-02,2023-06-30,-0.1943,USD
MTC,Mmtec Inc,2023-09-10,2023-06-30,,USD
MTCH,Match Group Inc - New,2023-07-31,2023-06-30,0.44,USD
MTCR,Metacrine Inc,2023-06-23,2023-03-31,-0.14,USD
MTCR,Metacrine Inc,2023-08-08,2023-06-30,,USD
MTD,Mettler-Toledo International Inc,2023-07-27,2023-06-30,9.97,USD
MTDR,Matador Resources Company,2023-07-24,2023-06-30,1.55,USD
MTEM,Molecular Templates Inc,2023-08-09,2023-06-30,-0.34,USD
MTEX,Mannatech Inc,2023-08-10,2023-06-30,,USD
MTG,MGIC Investment Corp,2023-08-01,2023-06-30,0.53,USD
MTH,Meritage Homes Corp,2023-07-27,2023-06-30,3.43,USD
MTLS,Materialise Nv,2023-07-26,2023-06-30,0.05,EUR
MTMT,MTMT,2023-08-21,2023-06-30,,USD
MTNB,Matinas Biopharma Holdings Inc,2023-08-09,2023-06-30,-0.03,USD
MTNOY,MTNOY,2023-08-10,2023-06-30,0,ZAR
MTR,Mesa Royalty Trust,2023-08-07,2023-06-30,,USD
MTRAF,MTRAF,2023-08-08,2023-06-30,,USD
MTRN,Materion Corp,2023-08-01,2023-06-30,1.33,USD
MTRX,Matrix Service Company,2023-09-11,2023-06-30,-0.21,USD
MTSI,MACOM Technology Solutions Holdings Inc,2023-07-26,2023-06-30,0.54,USD
MTST,MTST,2023-08-02,2023-05-31,0,USD
MTTCF,MTTCF,2023-08-14,2023-06-30,-0.0135,USD
MTTR,Matterport Inc - Class A,2023-08-08,2023-06-30,-0.08,USD
MTW,Manitowoc Co. Inc,2023-08-02,2023-06-30,0.32,USD
MTX,Minerals Technologies Inc,2023-07-26,2023-06-30,1.27,USD
MTYFF,MTYFF,2023-07-06,2023-05-31,,CAD
MTZ,Mastec Inc,2023-08-02,2023-06-30,0.86,USD
MU,Micron Technology Inc,2023-06-28,2023-05-31,-1.56,USD
MUEL,MUEL,2023-07-27,2023-06-30,,USD
MUFG,Mitsubishi UFJ Financial Group Inc,2023-08-02,2023-06-30,0.1615,JPY
MULG,MULG,2023-08-15,2023-06-30,,USD
MULN,Mullen Automotive Inc,2023-08-10,2023-06-30,,USD
MUR,Murphy Oil Corp,2023-08-02,2023-06-30,1.02,USD
MURGY,MURGY,2023-08-10,2023-06-30,0.8351,EUR
MUSA,Murphy USA Inc,2023-07-25,2023-06-30,5.48,USD
MUX,McEwen Mining Inc,2023-08-09,2023-06-30,-0.72,USD
MVBF,MVB Financial Corp,2023-07-31,2023-06-30,0.58,USD
MVIS,Microvision Inc,2023-07-26,2023-06-30,-0.1,USD
MVLY,MVLY,2023-07-27,2023-06-30,,USD
MVO,MV Oil Trust,2023-08-07,2023-06-30,0,USD
MVST,Microvast Holdings Inc,2023-08-09,2023-06-30,-0.09,USD
MWA,Mueller Water Products Inc - Series A,2023-08-02,2023-06-30,0.2,USD
MX,MagnaChip Semiconductor Corp,2023-08-07,2023-06-30,-0.2,USD
MXC,Mexco Energy Corp,2023-06-26,2023-03-31,,USD
MXC,Mexco Energy Corp,2023-08-14,2023-06-30,,USD
MXCT,MaxCyte Inc,2023-08-11,2023-06-30,-0.1,USD
MXGFF,MXGFF,2023-08-09,2023-06-30,,CAD
MXL,MaxLinear Inc,2023-07-25,2023-06-30,0.33,USD
MYCOF,MYCOF,2023-08-14,2023-06-30,,CAD
MYE,Myers Industries Inc,2023-07-31,2023-06-30,0.36,USD
MYFW,First Western Financial Inc,2023-07-26,2023-06-30,0.43,USD
MYGN,Myriad Genetics Inc,2023-08-02,2023-06-30,-0.08,USD
MYIDF,MYIDF,2023-08-23,2023-06-30,,CAD
MYMD,MyMD Pharmaceuticals Inc,2023-08-14,2023-06-30,,USD
MYNZ,Mainz Biomed N.V.,2023-09-06,2023-06-30,-0.4467,USD
MYO,Myomo Inc,2023-08-01,2023-06-30,-0.04,USD
MYOV,MYOV,2023-07-25,2023-06-30,,USD
MYPS,PLAYSTUDIOS Inc - Class A,2023-08-09,2023-06-30,-0.0371,USD
MYRG,MYR Group Inc,2023-07-25,2023-06-30,1.28,USD
MYRX,MYRX,2023-09-08,2023-06-30,0,USD
MYTAY,MYTAY,2023-08-09,2023-06-30,0,HUF
MYTE,MYT Netherlands Parent BV,2023-09-13,2023-06-30,0.03,EUR
NAAS,Naas Technology Inc,2023-08-20,2023-06-30,0,CNY
NABL,N-able Inc,2023-08-07,2023-06-30,0.07,USD
NABZY,NABZY,2023-08-15,2023-06-30,0,AUD
NACB,NACB,2023-07-27,2023-06-30,0,USD
NAII,Natural Alternatives International Inc,2023-09-19,2023-06-30,,USD
NAK,Northern Dynasty Minerals Ltd,2023-08-14,2023-06-30,-0.01,USD
NAMS,NewAmsterdam Pharma Company NV,2023-08-30,2023-06-30,-0.4482,EUR
NANX,NANX,2023-08-15,2023-06-30,,USD
NAOV,NanoVibronix Inc,2023-08-14,2023-06-30,,USD
NARI,Inari Medical Inc,2023-08-01,2023-06-30,-0.12,USD
NASB,NASB,2023-08-08,2023-06-30,,USD
NAT,Nordic American Tankers Ltd,2023-08-28,2023-06-30,0.14,USD
NATH,Nathan`s Famous Inc,2023-08-03,2023-06-30,,USD
NATI,National Instruments Corp,2023-07-26,2023-06-30,0.58,USD
NATR,Nature`s Sunshine Products Inc,2023-08-07,2023-06-30,0.03,USD
NAUH,NAUH,2023-08-17,2023-05-31,0,USD
NAUT,Nautilus Biotechnology Inc,2023-08-08,2023-06-30,-0.16,USD
NAVB,Navidea Biopharmaceuticals Inc,2023-08-14,2023-06-30,,USD
NAVI,Navient Corp,2023-07-24,2023-06-30,0.77,USD
NB,NioCorp Developments Ltd,2023-09-05,2023-06-30,,USD
NBHC,National Bank Holdings Corp - Class A,2023-07-17,2023-06-30,0.94,USD
NBIX,Neurocrine Biosciences Inc,2023-08-02,2023-06-30,0.76,USD
NBN,Northeast Bank,2023-07-24,2023-06-30,1.69,USD
NBR,Nabors Industries Ltd,2023-08-01,2023-06-30,2.31,USD
NBRI,NBRI,2023-08-07,2023-06-30,,USD
NBRV,Nabriva Therapeutics Plc,2023-08-10,2023-06-30,-2.3,USD
NBSE,NeuBase Therapeutics Inc,2023-08-09,2023-06-30,-2,USD
NBTB,NBT Bancorp. Inc,2023-07-24,2023-06-30,0.77,USD
NBY,Novabay Pharmaceuticals Inc,2023-08-09,2023-06-30,-0.55,USD
NC,Nacco Industries Inc - Class A,2023-08-02,2023-06-30,,USD
NCLH,Norwegian Cruise Line Holdings Ltd,2023-08-07,2023-06-30,0.26,USD
NCMGF,NCMGF,2023-08-17,2023-06-30,0.4277,USD
NCMGY,NCMGY,2023-08-17,2023-06-30,0.4277,USD
NCMI,National Cinemedia Inc,2023-08-07,2023-06-30,-0.19,USD
NCNA,NuCana plc,2023-08-15,2023-06-30,-0.16,GBP
NCNO,Ncino Inc,2023-09-01,2023-07-31,0.0686,USD
NCPL,Netcapital Inc,2023-06-28,2023-04-30,0,USD
NCPL,Netcapital Inc,2023-08-07,2023-07-31,,USD
NCR,NCR Corp,2023-07-25,2023-06-30,0.68,USD
NCRA,Nocera Inc,2023-08-14,2023-06-30,,USD
NCSM,NCS Multistage Holdings Inc,2023-07-31,2023-06-30,,USD
NCTY,The9 Ltd,2023-08-30,2023-06-30,0,CNY
NDAQ,Nasdaq Inc - 144A,2023-07-18,2023-06-30,0.66,USD
NDBKY,NDBKY,2023-08-08,2023-06-30,0,ZAR
NDCVF,NDCVF,2023-07-11,2023-06-30,0.0192,USD
NDEKY,NDEKY,2023-07-26,2023-06-30,0.4205,JPY
NDLS,Noodles & Company - Class A,2023-07-25,2023-06-30,0.06,USD
NDRA,ENDRA Life Sciences Inc,2023-08-14,2023-06-30,-0.55,USD
NDSN,Nordson Corp,2023-08-21,2023-07-31,2.32,USD
NDVAF,NDVAF,2023-08-14,2023-06-30,-0.01,CAD
NE,Noble Corp Plc - Class A,2023-08-02,2023-06-30,0.48,USD
NECB,NorthEast Community Bancorp Inc,2023-07-20,2023-06-30,0.66,USD
NEE,NextEra Energy Inc,2023-07-20,2023-06-30,0.81,USD
NEGG,Newegg Commerce Inc,2023-08-29,2023-06-30,-0.03,USD
NEM,Newmont Corp,2023-07-24,2023-06-30,0.56,USD
NEN,New England Realty Associates LP,2023-08-10,2023-06-30,0,USD
NEO,Neogenomics Inc,2023-08-07,2023-06-30,-0.12,USD
NEOG,Neogen Corp,2023-07-24,2023-05-31,-0.03,USD
NEOM,NEOM,2023-08-14,2023-06-30,0,USD
NEON,Neonode Inc,2023-08-09,2023-06-30,,USD
NEOV,NeoVolta Inc,2023-08-30,2023-06-30,-0.02,USD
NEP,NextEra Energy Partners LP,2023-07-20,2023-06-30,0.68,USD
NEPH,Nephros Inc,2023-08-08,2023-06-30,-0.05,USD
NEPT,Neptune Wellness Solutions Inc,2023-07-06,2023-06-30,-0.6245,CAD
NERV,Minerva Neurosciences Inc,2023-08-07,2023-06-30,-0.44,USD
NESR,NESR,2023-08-02,2023-06-30,0.19,USD
NET,Cloudflare Inc - Class A,2023-08-02,2023-06-30,0.07,USD
NETI,Eneti Inc,2023-08-01,2023-06-30,0.04,USD
NETWF,NETWF,2023-07-26,2023-05-31,,CAD
NEU,NewMarket Corp,2023-07-31,2023-06-30,,USD
NEVDF,NEVDF,2023-08-10,2023-06-30,,USD
NEWP,New Pacific Metals Corp - New,2023-08-23,2023-06-30,-0.01,USD
NEWR,New Relic Inc,2023-08-02,2023-06-30,0.31,USD
NEWT,NewtekOne Inc,2023-08-01,2023-06-30,0.29,USD
NEWUF,NEWUF,2023-08-08,2023-06-30,,CAD
NEX,NexTier Oilfield Solutions Inc,2023-07-24,2023-06-30,0.65,USD
NEXA,Nexa Resources S.A.,2023-07-26,2023-06-30,0.04,USD
NEXCF,NEXCF,2023-08-16,2023-06-30,-0.04,CAD
NEXI,Neximmune Inc,2023-08-14,2023-06-30,-0.29,USD
NEXOY,NEXOY,2023-08-10,2023-06-30,0.1701,JPY
NEXT,NextDecade Corporation,2023-08-09,2023-06-30,-0.09,USD
NFBK,Northfield Bancorp Inc,2023-07-25,2023-06-30,0.23,USD
NFE,New Fortress Energy Inc - Class A,2023-08-01,2023-06-30,0.88,USD
NFG,National Fuel Gas Company,2023-08-02,2023-06-30,0.93,USD
NFGC,New Found Gold Corp,2023-08-07,2023-06-30,,CAD
NFLX,Netflix Inc,2023-07-19,2023-06-30,2.83,USD
NFYEF,NFYEF,2023-07-31,2023-06-30,-0.53,USD
NG,Novagold Resources Inc,2023-06-27,2023-05-31,-0.02,USD
NGD,New Gold Inc,2023-08-02,2023-06-30,0.01,USD
NGENF,NGENF,2023-08-08,2023-06-30,,CAD
NGG,National Grid Plc,2023-08-30,2023-06-30,0,GBP
NGL,NGL Energy Partners LP,2023-08-07,2023-06-30,0.16,USD
NGLOY,NGLOY,2023-07-27,2023-06-30,1.06,USD
NGM,Ngm Biopharmaceuticals Inc,2023-08-02,2023-06-30,-0.5,USD
NGMS,NeoGames SA,2023-08-08,2023-06-30,-0.02,USD
NGPHF,NGPHF,2023-08-28,2023-06-30,,USD
NGS,Natural Gas Services Group Inc,2023-08-14,2023-06-30,-0.02,USD
NGVC,Natural Grocers by Vitamin Cottage Inc,2023-08-02,2023-06-30,0.15,USD
NGVT,Ingevity Corp,2023-07-31,2023-06-30,1.4,USD
NGXXF,NGXXF,2023-08-23,2023-06-30,,CAD
NH,NH,2023-08-02,2023-06-30,,USD
NHAWF,NHAWF,2023-08-07,2023-07-31,,USD
NHC,National Healthcare Corp,2023-08-03,2023-06-30,,USD
NHI,National Health Investors Inc,2023-08-07,2023-06-30,0.69,USD
NHIQ,NHIQ,2023-08-02,2023-06-30,,USD
NHTC,Natural Health Trends Corp,2023-08-01,2023-06-30,,USD
NHWK,NightHawk Biosciences Inc,2023-08-08,2023-06-30,-0.19,USD
NHYDY,NHYDY,2023-07-21,2023-06-30,0.1592,NOK
NI,NiSource Inc,2023-08-01,2023-06-30,0.15,USD
NIC,Nicolet Bankshares Inc,2023-07-17,2023-06-30,1.48,USD
NICE,NICE Ltd,2023-08-10,2023-06-30,2.07,USD
NICH,NICH,2023-07-20,2023-05-31,0,USD
NICK,Nicholas Financial Inc,2023-07-27,2023-06-30,,USD
NIDB,NIDB,2023-07-17,2023-06-30,,USD
NIFCF,NIFCF,2023-07-27,2023-06-30,,JPY
NILSY,NILSY,2023-08-15,2023-06-30,0,USD
NINE,Nine Energy Service Inc,2023-08-01,2023-06-30,-0.01,USD
NINOF,NINOF,2023-08-08,2023-06-30,,USD
NINOY,NINOY,2023-08-03,2023-06-30,0.2002,JPY
NIO,NIO Inc,2023-09-05,2023-06-30,-0.42,CNY
NIOBF,NIOBF,2023-09-05,2023-06-30,,USD
NIOVF,NIOVF,2023-08-16,2023-06-30,,CAD
NIR,Near Intelligence Inc,2023-08-14,2023-06-30,-0.34,USD
NISUY,NISUY,2023-08-04,2023-06-30,0,USD
NIU,Niu Technologies,2023-08-14,2023-06-30,,CNY
NJDCY,NJDCY,2023-07-26,2023-06-30,0.0998,JPY
NJR,New Jersey Resources Corporation,2023-08-02,2023-06-30,-0.04,USD
NKE,Nike Inc - Class B,2023-06-29,2023-05-31,0.67,USD
NKLA,Nikola Corp,2023-08-02,2023-06-30,-0.22,USD
NKSH,National Bankshares Inc,2023-07-17,2023-06-30,0.75,USD
NKTR,Nektar Therapeutics,2023-08-02,2023-06-30,-0.28,USD
NKTX,Nkarta Inc,2023-08-09,2023-06-30,-0.68,USD
NL,NL Industries Inc,2023-08-01,2023-06-30,0.04,USD
NLCP,NLCP,2023-09-08,2023-06-30,0.26,USD
NLS,Nautilus Inc,2023-08-07,2023-06-30,-0.43,USD
NLST,NLST,2023-07-31,2023-06-30,-0.05,USD
NLTX,Neoleukin Therapeutics Inc,2023-08-07,2023-06-30,-0.04,USD
NLY,Annaly Capital Management Inc,2023-07-25,2023-06-30,0.74,USD
NM,Navios Maritime Holdings Inc,2023-09-06,2023-06-30,4.52,USD
NMFC,New Mountain Finance Corp,2023-08-07,2023-06-30,0.38,USD
NMG,Nouveau Monde Graphite Inc,2023-08-08,2023-06-30,-0.0522,CAD
NMGX,NMGX,2023-08-22,2023-06-30,0,USD
NMIH,NMI Holdings Inc - Class A,2023-07-31,2023-06-30,0.86,USD
NMM,Navios Maritime Partners L.P.,2023-07-20,2023-06-30,3.02,USD
NMR,Nomura Holdings Inc,2023-07-28,2023-06-30,0.1114,USD
NMRD,Nemaura Medical Inc,2023-06-27,2023-03-31,-0.16,USD
NMRD,Nemaura Medical Inc,2023-08-14,2023-06-30,-0.145,USD
NMRK,Newmark Group Inc - Class A,2023-07-27,2023-06-30,0.22,USD
NMTC,NeuroOne Medical Technologies Corp,2023-08-09,2023-06-30,-0.2,USD
NMTR,9 Meters Biopharma Inc,2023-08-14,2023-06-30,-0.57,USD
NN,NextNav Inc,2023-08-09,2023-06-30,-0.165,USD
NNAX,NNAX,2023-08-15,2023-06-30,,USD
NNBR,NN Inc,2023-08-02,2023-06-30,-0.06,USD
NNDM,Nano Dimension Ltd,2023-06-29,2023-03-31,,USD
NNDM,Nano Dimension Ltd,2023-08-30,2023-06-30,,USD
NNGRY,NNGRY,2023-08-29,2023-06-30,0.756,EUR
NNI,Nelnet Inc - Class A,2023-08-07,2023-06-30,1.08,USD
NNMX,NNMX,2023-08-14,2023-06-30,,USD
NNN,NNN REIT Inc,2023-08-01,2023-06-30,0.48,USD
NNOX,Nano X Imaging Ltd,2023-08-14,2023-06-30,-0.26,USD
NNUP,NNUP,2023-08-10,2023-06-30,,USD
NNVC,NanoViricides Inc,2023-08-30,2023-06-30,-0.17,USD
NNWWF,NNWWF,2023-09-05,2023-07-31,,CAD
NNXPF,NNXPF,2023-09-12,2023-06-30,,USD
NOA,North American Construction Group Ltd,2023-07-25,2023-06-30,0.32,CAD
NOAH,Noah Holdings Ltd,2023-08-20,2023-06-30,,CNY
NOBH,NOBH,2023-09-14,2023-07-31,,USD
NOC,Northrop Grumman Corp,2023-07-26,2023-06-30,5.32,USD
NODK,NI Holdings Inc,2023-08-02,2023-06-30,,USD
NOG,Northern Oil and Gas Inc,2023-08-01,2023-06-30,1.64,USD
NOK,Nokia Corp,2023-07-20,2023-06-30,0.0815,EUR
NOMD,Nomad Foods Ltd,2023-08-10,2023-06-30,0.4,EUR
NOPMF,NOPMF,2023-08-10,2023-06-30,,USD
NORNQ,NORNQ,2023-07-19,2023-06-30,0,USD
NOTE,FiscalNote Holdings Inc - Class A,2023-08-14,2023-06-30,-0.0767,USD
NOTV,Inotiv Inc,2023-08-08,2023-06-30,-0.1,USD
NOV,NOV Inc,2023-07-26,2023-06-30,0.3,USD
NOVA,Sunnova Energy International Inc,2023-07-25,2023-06-30,-0.47,USD
NOVC,NOVC,2023-08-09,2023-06-30,0,USD
NOVN,Novan Inc,2023-08-09,2023-06-30,-0.2,USD
NOVT,Novanta Inc,2023-08-07,2023-06-30,0.73,USD
NOW,ServiceNow Inc,2023-07-25,2023-06-30,2.04,USD
NPCE,NeuroPace Inc,2023-08-09,2023-06-30,-0.46,USD
NPHC,NPHC,2023-08-30,2023-06-30,0,USD
NPIFF,NPIFF,2023-08-09,2023-06-30,,CAD
NPK,National Presto Industries Inc,2023-07-27,2023-06-30,,USD
NPO,EnPro Industries Inc,2023-07-31,2023-06-30,1.74,USD
NPSCY,NPSCY,2023-08-03,2023-06-30,0.8093,USD
NPSKY,NPSKY,2023-08-01,2023-06-30,0,JPY
NPSNY,NPSNY,2023-06-27,2023-03-31,0,USD
NPSNY,NPSNY,2023-08-30,2023-06-30,0,USD
NR,Newpark Resources Inc,2023-07-31,2023-06-30,0.0653,USD
NRBO,NeuroBo Pharmaceuticals Inc,2023-08-10,2023-06-30,-0.13,USD
NRC,National Research Corp,2023-08-01,2023-06-30,,USD
NRDS,Nerdwallet Inc - Class A,2023-08-02,2023-06-30,-0.03,USD
NRDY,Nerdy Inc - Class A,2023-08-07,2023-06-30,-0.02,USD
NREF,NexPoint Real Estate Finance Inc,2023-07-26,2023-06-30,0.46,USD
NRG,NRG Energy Inc,2023-08-02,2023-06-30,2.98,USD
NRGOF,NRGOF,2023-08-28,2023-07-31,,USD
NRGV,Energy Vault Holdings Inc,2023-08-07,2023-06-30,-0.2,USD
NRIM,Northrim Bancorp Inc,2023-07-26,2023-06-30,1.4,USD
NRIX,Nurix Therapeutics Inc,2023-07-05,2023-05-31,-0.56,USD
NROM,NROM,2023-08-09,2023-06-30,0,USD
NRP,Natural Resource Partners LP,2023-08-02,2023-06-30,,USD
NRSN,NeuroSense Therapeutics Ltd,2023-08-30,2023-06-30,-0.29,USD
NRT,North European Oil Royalty Trust,2023-08-17,2023-07-31,,USD
NRXP,NRX Pharmaceuticals Inc,2023-08-14,2023-06-30,-0.14,USD
NS,Nustar Energy L P,2023-08-02,2023-06-30,0.2,USD
NSA,National Storage Affiliates Trust,2023-08-01,2023-06-30,0.27,USD
NSANY,NSANY,2023-07-27,2023-06-30,0.2452,JPY
NSC,Norfolk Southern Corp,2023-07-25,2023-06-30,3.2,USD
NSCIF,NSCIF,2023-08-23,2023-06-30,,CAD
NSFDF,NSFDF,2023-08-09,2023-06-30,,CAD
NSIT,Insight Enterprises Inc,2023-08-02,2023-06-30,2.65,USD
NSLPQ,NSLPQ,2023-08-07,2023-06-30,0,USD
NSP,Insperity Inc,2023-07-31,2023-06-30,1.25,USD
NSPR,InspireMD Inc,2023-08-07,2023-06-30,-0.3,USD
NSRGY,NSRGY,2023-07-27,2023-06-30,0,CHF
NSRPF,NSRPF,2023-08-14,2023-07-31,,CAD
NSSC,NAPCO Security Technologies Inc,2023-08-28,2023-06-30,0.27,USD
NSTG,Nanostring Technologies Inc,2023-08-02,2023-06-30,-0.67,USD
NSTM,NSTM,2023-08-16,2023-06-30,0,USD
NSUPF,NSUPF,2023-08-05,2023-06-30,,CAD
NSYS,Nortech Systems Inc,2023-08-08,2023-06-30,,USD
NTAP,Netapp Inc,2023-08-23,2023-07-31,1.07,USD
NTB,Bank of N T Butterfield & Son Ltd,2023-07-24,2023-06-30,1.17,USD
NTCO,Natura &Co Holding S.A.,2023-08-14,2023-06-30,-0.1078,BRL
NTCT,Netscout Systems Inc,2023-08-02,2023-06-30,0.3,USD
NTDOY,NTDOY,2023-08-03,2023-06-30,0.6922,JPY
NTES,NetEase Inc,2023-08-16,2023-06-30,1.24,CNY
NTGR,Netgear Inc,2023-07-25,2023-06-30,-0.34,USD
NTIC,Northern Technologies International Corp,2023-07-05,2023-05-31,0.19,USD
NTIOF,NTIOF,2023-08-30,2023-07-31,1.82,CAD
NTIP,Network-1 Technologies Inc,2023-08-14,2023-06-30,0,USD
NTLA,Intellia Therapeutics Inc,2023-08-02,2023-06-30,-1.32,USD
NTNX,Nutanix Inc - Class A,2023-08-29,2023-07-31,0.16,USD
NTOIY,NTOIY,2023-07-27,2023-06-30,0.3914,EUR
NTR,Nutrien Ltd,2023-08-02,2023-06-30,2.98,USD
NTRA,Natera Inc,2023-08-02,2023-06-30,-1.09,USD
NTRB,Nutriband Inc,2023-09-05,2023-07-31,,USD
NTRS,Northern Trust Corp,2023-07-18,2023-06-30,1.65,USD
NTST,Netstreit Corp,2023-07-26,2023-06-30,0.03,USD
NTTYY,NTTYY,2023-08-08,2023-06-30,0.6353,JPY
NU,Nu Holdings Ltd Class A,2023-08-15,2023-06-30,0.04,USD
NUE,Nucor Corp,2023-07-25,2023-06-30,5.47,USD
NULGF,NULGF,2023-07-26,2023-06-30,,USD
NUMIF,NUMIF,2023-07-12,2023-05-31,-0.015,CAD
NURO,Neurometrix Inc,2023-07-19,2023-06-30,,USD
NUS,Nu Skin Enterprises Inc - Class A,2023-08-02,2023-06-30,0.53,USD
NUTX,Nutex Health Inc,2023-08-21,2023-06-30,-0.01,USD
NUVA,Nuvasive Inc,2023-08-01,2023-06-30,0.55,USD
NUVB,Nuvation Bio Inc - Class A,2023-08-02,2023-06-30,-0.11,USD
NUVL,Nuvalent Inc - Class A,2023-09-06,2023-06-30,-0.5411,USD
NUVM,NUVM,2023-08-22,2023-06-30,0,USD
NUVR,NUVR,2023-08-07,2023-06-30,,USD
NUVSF,NUVSF,2023-08-01,2023-06-30,,CAD
NUWE,Nuwellis Inc,2023-08-07,2023-06-30,-4.27,USD
NVACF,NVACF,2023-08-09,2023-06-30,,CAD
NVAX,Novavax Inc,2023-08-07,2023-06-30,-1.32,USD
NVCN,NVCN,2023-08-09,2023-06-30,,USD
NVCR,NovoCure Ltd,2023-07-26,2023-06-30,-0.49,USD
NVCT,Nuvectis Pharma Inc,2023-08-04,2023-06-30,-0.2985,USD
NVDA,NVIDIA Corp,2023-08-23,2023-07-31,2.05,USD
NVEC,NVE Corp,2023-07-18,2023-06-30,,USD
NVEE,NV5 Global Inc,2023-08-02,2023-06-30,1.2,USD
NVEI,Nuvei Corporation (Sub Voting),2023-08-07,2023-06-30,0.45,USD
NVFY,Nova Lifestyle Inc,2023-08-10,2023-06-30,,USD
NVGS,Navigator Holdings Ltd,2023-08-14,2023-06-30,0.21,USD
NVIV,InVivo Therapeutics Holdings Corp,2023-08-09,2023-06-30,0,USD
NVLPF,NVLPF,2023-08-10,2023-06-30,,USD
NVMI,Nova Ltd,2023-08-02,2023-06-30,1,USD
NVNO,enVVeno Medical Corporation,2023-08-02,2023-06-30,-0.49,USD
NVNT,NVNT,2023-08-07,2023-06-30,,USD
NVO,Novo Nordisk,2023-08-10,2023-06-30,1.26,DKK
NVOS,Novo Integrated Sciences Inc,2023-07-12,2023-05-31,,USD
NVR,NVR Inc,2023-07-24,2023-06-30,100.33,USD
NVRI,Enviri Corp Com,2023-07-31,2023-06-30,-0.05,USD
NVRO,Nevro Corp,2023-08-01,2023-06-30,-0.69,USD
NVRVF,NVRVF,2023-08-28,2023-06-30,,CAD
NVS,Novartis AG,2023-07-18,2023-06-30,1.69,USD
NVSEF,NVSEF,2023-07-18,2023-06-30,1.69,USD
NVST,Envista Holdings Corp,2023-08-01,2023-06-30,0.43,USD
NVT,nVent Electric plc,2023-07-27,2023-06-30,0.665,USD
NVTA,Invitae Corp,2023-08-07,2023-06-30,-0.37,USD
NVTS,Navitas Semiconductor Corp,2023-08-14,2023-06-30,-0.07,USD
NVVE,Nuvve Holding Corp,2023-08-09,2023-06-30,-0.38,USD
NVZMY,NVZMY,2023-08-09,2023-06-30,0.4259,DKK
NWBI,Northwest Bancshares Inc,2023-07-24,2023-06-30,0.27,USD
NWBO,NWBO,2023-08-07,2023-06-30,,USD
NWCN,NWCN,2023-08-16,2023-06-30,,USD
NWE,Northwestern Corp,2023-07-25,2023-06-30,0.56,USD
NWFL,Norwood Financial Corp,2023-07-20,2023-06-30,,USD
NWG,NatWest Group Plc,2023-07-28,2023-06-30,0.2696,GBP
NWHUF,NWHUF,2023-08-09,2023-06-30,,CAD
NWL,Newell Brands Inc,2023-07-27,2023-06-30,0.14,USD
NWLI,National Western Life Group Inc - Class A,2023-08-07,2023-06-30,,USD
NWMH,NWMH,2023-08-11,2023-06-30,0,USD
NWN,Northwest Natural Holding Company,2023-08-02,2023-06-30,0.09,USD
NWPIF,NWPIF,2023-07-26,2023-06-30,,CAD
NWPX,Northwest Pipe Company,2023-08-07,2023-06-30,0.8,USD
NWS,News Corp - Class B,2023-08-03,2023-06-30,0.0915,USD
NWSA,News Corp - Class A,2023-08-07,2023-06-30,0.09,USD
NWVCF,NWVCF,2023-08-22,2023-06-30,,CAD
NWYF,NWYF,2023-07-27,2023-06-30,,USD
NX,Quanex Building Products Corp,2023-08-30,2023-07-31,0.65,USD
NXE,NexGen Energy Ltd,2023-08-03,2023-06-30,-0.01,CAD
NXGL,Nexgel Inc,2023-08-09,2023-06-30,-0.14,USD
NXGN,NextGen Healthcare Inc,2023-07-24,2023-06-30,0.22,USD
NXNN,NXNN,2023-08-14,2023-06-30,0,USD
NXPI,NXP Semiconductors NV,2023-07-24,2023-06-30,3.29,USD
NXPL,NextPlat Corp,2023-08-15,2023-06-30,0,USD
NXRT,NexPoint Residential Trust Inc,2023-07-24,2023-06-30,0.56,USD
NXST,Nexstar Media Group Inc,2023-08-02,2023-06-30,2.38,USD
NXT,Nextracker Inc - Class A,2023-08-30,2023-06-30,0,USD
NXTC,Nextcure Inc,2023-08-02,2023-06-30,-0.59,USD
NXTTF,NXTTF,2023-07-26,2023-05-31,,CAD
NYAX,Nayax Ltd,2023-08-21,2023-06-30,-0.1233,USD
NYC,American Strategic Investment Co - Class A,2023-08-10,2023-06-30,,USD
NYCB,New York Community Bancorp Inc,2023-07-25,2023-06-30,0.31,USD
NYMT,New York Mortgage Trust Inc,2023-07-31,2023-06-30,0.1,USD
NYMX,Nymox Pharmaceutical Corp,2023-08-15,2023-06-30,0,USD
NYT,New York Times Co. - Class A,2023-08-01,2023-06-30,0.21,USD
NYXH,Nyxoah SA,2023-08-09,2023-06-30,-0.4431,EUR
NZERF,NZERF,2023-08-20,2023-06-30,,CAD
O,Realty Income Corp,2023-08-01,2023-06-30,0.34,USD
OAK-PA,OAK-PA,2023-08-11,2023-06-30,,USD
OAMCF,OAMCF,2023-08-08,2023-06-30,,CAD
OAOFY,OAOFY,2023-08-29,2023-06-30,0,RUB
OASMY,OASMY,2023-08-24,2023-07-31,0,SEK
OB,Outbrain Inc,2023-08-15,2023-06-30,-0.1175,USD
OBE,Obsidian Energy Ltd,2023-07-26,2023-06-30,0.23,CAD
OBGRF,OBGRF,2023-09-18,2023-06-30,,USD
OBK,Origin Bancorp Inc,2023-07-25,2023-06-30,0.69,USD
OBLG,Oblong Inc,2023-08-07,2023-06-30,,USD
OBNK,OBNK,2023-07-25,2023-06-30,0.69,USD
OBNNF,OBNNF,2023-08-08,2023-06-30,,CAD
OBSV,OBSV,2023-08-15,2023-06-30,-0.06,USD
OBSVF,OBSVF,2023-08-15,2023-06-30,-0.06,USD
OBT,Orange County Bancorp Inc,2023-07-31,2023-06-30,1.15,USD
OC,Owens Corning,2023-07-25,2023-06-30,3.1,USD
OCANF,OCANF,2023-07-27,2023-06-30,0.0656,USD
OCC,Optical Cable Corp,2023-09-11,2023-07-31,,USD
OCCI,OFS Credit Company Inc,2023-09-07,2023-07-31,0.56,USD
OCEL,OCEL,2023-06-28,2023-03-31,0,USD
OCFC,OceanFirst Financial Corp,2023-07-20,2023-06-30,0.52,USD
OCFT,Oneconnect Financial Technology Co Ltd,2023-08-15,2023-06-30,-0.3,CNY
OCGN,Ocugen Inc,2023-08-03,2023-06-30,-0.07,USD
OCLN,OCLN,2023-08-14,2023-06-30,,USD
OCN,Ocwen Financial Corp,2023-08-02,2023-06-30,0.44,USD
OCSL,Oaktree Specialty Lending Corp,2023-08-02,2023-06-30,0.64,USD
OCUL,Ocular Therapeutix Inc,2023-08-07,2023-06-30,-0.28,USD
OCUP,Ocuphire Pharma Inc,2023-08-10,2023-06-30,-0.23,USD
OCX,Oncocyte Corporation,2023-08-08,2023-06-30,-0.04,USD
ODDAF,ODDAF,2023-08-28,2023-06-30,,CAD
ODFL,Old Dominion Freight Line Inc,2023-07-25,2023-06-30,2.68,USD
ODII,ODII,2023-08-07,2023-06-30,,USD
ODP,ODP Corporation (The),2023-08-01,2023-06-30,0.8,USD
ODTC,ODTC,2023-07-25,2023-06-30,0,USD
ODV,Osisko Development Corp,2023-08-07,2023-06-30,,CAD
OEC,Orion S.A,2023-08-02,2023-06-30,0.54,USD
OEDVQ,OEDVQ,2023-08-18,2023-06-30,0,USD
OERLY,OERLY,2023-08-03,2023-06-30,0,CHF
OESX,Orion Energy Systems Inc,2023-08-01,2023-06-30,-0.1,USD
OEZVY,OEZVY,2023-07-27,2023-06-30,0,EUR
OFC,Corporate Office Properties Trust,2023-07-26,2023-06-30,0.29,USD
OFG,OFG Bancorp,2023-07-19,2023-06-30,0.88,USD
OFIX,Orthofix Medical Inc,2023-08-03,2023-06-30,-0.62,USD
OFLX,Omega Flex Inc,2023-07-19,2023-06-30,,USD
OFS,OFS Capital Corp,2023-08-03,2023-06-30,0.36,USD
OGE,Oge Energy Corp,2023-08-02,2023-06-30,0.44,USD
OGEN,Oragenics Inc,2023-07-27,2023-06-30,-3,USD
OGGFF,OGGFF,2023-06-23,2023-04-30,,USD
OGI,OrganiGram Holdings Inc,2023-07-12,2023-05-31,-0.01,CAD
OGN,Organon & Company,2023-08-02,2023-06-30,1.02,USD
OGNRF,OGNRF,2023-08-21,2023-06-30,,CAD
OGS,ONE Gas Inc,2023-07-31,2023-06-30,0.58,USD
OHI,Omega Healthcare Investors Inc,2023-07-31,2023-06-30,0.31,USD
OI,O-I Glass Inc,2023-07-31,2023-06-30,0.83,USD
OIBRQ,OIBRQ,2023-08-10,2023-06-30,-0.0757,BRL
OIBZQ,OIBZQ,2023-08-10,2023-06-30,-0.0138,BRL
OIG,Orbital Infrastructure Group Inc,2023-08-10,2023-06-30,-0.8,USD
OII,Oceaneering International Inc,2023-07-25,2023-06-30,0.3,USD
OIIIF,OIIIF,2023-08-08,2023-06-30,,CAD
OIIM,OIIM,2023-07-27,2023-06-30,,USD
OILFF,OILFF,2023-08-28,2023-06-30,,CAD
OILSF,OILSF,2023-08-16,2023-06-30,,CAD
OIS,Oil States International Inc,2023-07-25,2023-06-30,0.07,USD
OJIPY,OJIPY,2023-08-01,2023-06-30,0,JPY
OKE,Oneok Inc,2023-08-07,2023-06-30,1,USD
OKTA,Okta Inc - Class A,2023-08-29,2023-07-31,0.22,USD
OKYO,OKYO Pharma Ltd - New,2023-08-14,2023-06-30,,USD
OLB,OLB Group Inc,2023-08-14,2023-06-30,-0.09,USD
OLED,Universal Display Corp,2023-08-02,2023-06-30,0.75,USD
OLK,Olink Holding AB (publ),2023-08-09,2023-06-30,-0.1,USD
OLLI,Ollies Bargain Outlet Holdings Inc,2023-08-30,2023-07-31,0.61,USD
OLMA,Olema Pharmaceuticals Inc,2023-08-07,2023-06-30,-0.73,USD
OLN,Olin Corp,2023-07-26,2023-06-30,1.3,USD
OLNCF,OLNCF,2023-08-15,2023-06-30,,USD
OLO,Olo Inc - Class A,2023-08-09,2023-06-30,0.02,USD
OLP,One Liberty Properties Inc,2023-08-01,2023-06-30,0.34,USD
OLPX,Olaplex Holdings Inc,2023-08-08,2023-06-30,0.0508,USD
OM,Outset Medical Inc,2023-07-31,2023-06-30,-0.78,USD
OMAB,Grupo Aeroportuario del Centro Norte S.A.B de C.V.,2023-07-26,2023-06-30,24.05,MXN
OMC,Omnicom Group Inc,2023-07-17,2023-06-30,1.8,USD
OMCL,Omnicell Inc,2023-08-02,2023-06-30,0.29,USD
OMER,Omeros Corporation,2023-08-07,2023-06-30,-0.57,USD
OMEX,Odyssey Marine Exploration Inc,2023-08-14,2023-06-30,,USD
OMF,OneMain Holdings Inc,2023-07-25,2023-06-30,1.31,USD
OMGA,Omega Therapeutics Inc,2023-09-08,2023-06-30,-0.5429,USD
OMHI,OMHI,2023-06-23,2023-05-31,,USD
OMI,Owens & Minor Inc,2023-08-01,2023-06-30,0.17,USD
OMIC,Singular Genomics Systems Inc,2023-08-01,2023-06-30,-0.3866,USD
OMID,OMID,2023-08-30,2023-06-30,0,USD
OMMSF,OMMSF,2023-08-24,2023-06-30,,CAD
OMQS,OMNIQ Corp,2023-08-14,2023-06-30,-0.35,USD
OMRNY,OMRNY,2023-07-27,2023-06-30,0.5412,JPY
OMTK,OMTK,2023-08-09,2023-06-30,0,USD
OMVKY,OMVKY,2023-07-28,2023-06-30,2.22,EUR
ON,ON Semiconductor Corp,2023-07-31,2023-06-30,1.21,USD
ONB,Old National Bancorp,2023-07-24,2023-06-30,0.51,USD
ONCR,Oncorus Inc,2023-08-02,2023-06-30,-0.5,USD
ONCT,Oncternal Therapeutics Inc,2023-08-07,2023-06-30,-0.16,USD
ONCY,Oncolytics Biotech Inc,2023-08-09,2023-06-30,-0.09,CAD
ONDS,Ondas Holdings Inc,2023-08-07,2023-06-30,-0.17,USD
ONEM,ONEM,2023-08-01,2023-06-30,,USD
ONEW,Onewater Marine Inc - Class A,2023-08-02,2023-06-30,3.27,USD
ONEXF,ONEXF,2023-08-10,2023-06-30,,USD
ONFO,Onfolio Holdings Inc,2023-08-30,2023-06-30,0,USD
ONL,Orion Office REIT Inc,2023-08-03,2023-06-30,0,USD
ONON,On Holding AG Class A,2023-08-14,2023-06-30,,CHF
ONTF,ON24 Inc,2023-08-07,2023-06-30,-0.0014,USD
ONTO,Onto Innovation Inc,2023-08-07,2023-06-30,0.84,USD
ONTX,Onconova Therapeutics Inc,2023-08-09,2023-06-30,-0.31,USD
ONVC,ONVC,2023-08-08,2023-06-30,0,USD
ONVO,Organovo Holdings Inc,2023-06-23,2023-03-31,0,USD
ONVO,Organovo Holdings Inc,2023-08-08,2023-06-30,0,USD
OOGI,OOGI,2023-08-14,2023-06-30,,USD
OOMA,Ooma Inc,2023-08-30,2023-07-31,0.14,USD
OONEF,OONEF,2023-09-13,2023-07-31,,CAD
OPAD,Offerpad Solutions Inc - Class A,2023-08-01,2023-06-30,-1.49,USD
OPAL,OPAL Fuels Inc - Class A,2023-08-09,2023-06-30,-0.0797,USD
OPBK,OP Bancorp,2023-07-26,2023-06-30,0.38,USD
OPCH,Option Care Health Inc,2023-07-25,2023-06-30,0.22,USD
OPEN,Opendoor Technologies Inc,2023-08-02,2023-06-30,-0.39,USD
OPFI,OppFi Inc - Class A,2023-08-07,2023-06-30,0.04,USD
OPGN,Opgen Inc,2023-08-09,2023-06-30,,USD
OPHC,Optimumbank Holdings Inc,2023-07-31,2023-06-30,,USD
OPHLY,OPHLY,2023-08-03,2023-06-30,0.1669,USD
OPI,Office Properties Income Trust,2023-07-26,2023-06-30,-0.03,USD
OPK,Opko Health Inc,2023-08-02,2023-06-30,-0.11,USD
OPMZ,OPMZ,2023-07-18,2023-05-31,0,USD
OPOF,Old Point Financial Corp,2023-07-24,2023-06-30,,USD
OPRA,Opera Ltd,2023-08-28,2023-06-30,0.16,USD
OPRT,Oportun Financial Corp,2023-08-07,2023-06-30,-0.08,USD
OPRX,OptimizeRx Corp,2023-08-07,2023-06-30,-0.02,USD
OPSSF,OPSSF,2023-07-12,2023-05-31,,USD
OPT,Opthea Ltd,2023-08-30,2023-06-30,-0.7957,AUD
OPTN,OptiNose Inc,2023-08-09,2023-06-30,-0.11,USD
OPTT,Ocean Power Technologies - Reg S,2023-07-12,2023-04-30,,USD
OPTT,Ocean Power Technologies - Reg S,2023-09-11,2023-07-31,,USD
OPY,Oppenheimer Holdings Inc - Class A,2023-07-27,2023-06-30,,USD
OPYGY,OPYGY,2023-08-04,2023-06-30,1.79,USD
OR,Osisko Gold Royalties Ltd,2023-08-07,2023-06-30,0.0923,CAD
ORA,Ormat Technologies Inc,2023-08-01,2023-06-30,0.36,USD
ORAN,Orange.,2023-07-26,2023-06-30,0.2745,EUR
ORBT,ORBT,2023-08-09,2023-06-30,,USD
ORC,Orchid Island Capital Inc,2023-08-02,2023-06-30,-0.01,USD
ORCC,Owl Rock Capital Corp,2023-08-01,2023-06-30,0.46,USD
ORCL,Oracle Corp,2023-09-11,2023-08-31,1.14,USD
ORGN,Origin Materials Inc,2023-08-10,2023-06-30,-0.1403,USD
ORGO,Organogenesis Holdings Inc - Class A,2023-08-07,2023-06-30,0.02,USD
ORGS,Orgenesis Inc,2023-08-14,2023-05-31,0.06,USD
ORI,Old Republic International Corp,2023-07-26,2023-06-30,0.56,USD
ORIC,ORIC Pharmaceuticals Inc,2023-08-09,2023-06-30,-0.57,USD
ORKLY,ORKLY,2023-07-14,2023-06-30,0.1158,NOK
ORLA,Orla Mining Ltd,2023-08-07,2023-06-30,0.0282,USD
ORLY,O`Reilly Automotive Inc,2023-07-25,2023-06-30,10,USD
ORMP,Oramed Pharmaceuticals Inc,2023-08-09,2023-05-31,-0.1,USD
ORN,Orion Group Holdings Inc,2023-07-17,2023-06-30,-0.13,USD
OROCF,OROCF,2023-08-25,2023-06-30,0.5826,USD
ORRF,Orrstown Financial Services Inc,2023-07-17,2023-06-30,0.77,USD
ORSUF,ORSUF,2023-08-22,2023-06-30,,USD
ORVMF,ORVMF,2023-08-08,2023-06-30,,USD
ORXPF,ORXPF,2023-07-26,2023-06-30,,USD
ORZCF,ORZCF,2023-08-25,2023-06-30,0.05,USD
OSBC,Old Second Bancorporation Inc,2023-07-25,2023-06-30,0.54,USD
OSCR,Oscar Health Inc - Class A,2023-08-09,2023-06-30,-0.26,USD
OSG,Overseas Shipholding Group Inc - Class A,2023-08-07,2023-06-30,,USD
OSH,OSH,2023-07-31,2023-06-30,-0.3273,USD
OSIS,OSI Systems Inc,2023-08-16,2023-06-30,2.53,USD
OSK,Oshkosh Corp,2023-07-26,2023-06-30,1.62,USD
OSPN,OneSpan Inc,2023-07-31,2023-06-30,-0.05,USD
OSS,One Stop Systems Inc,2023-08-09,2023-06-30,0.02,USD
OSTK,Overstock.com Inc,2023-07-26,2023-06-30,-0.09,USD
OSUR,Orasure Technologies Inc,2023-08-07,2023-06-30,-0.07,USD
OSW,OneSpaWorld Holdings Ltd,2023-08-01,2023-06-30,0.13,USD
OTCM,OTCM,2023-08-08,2023-06-30,0.63,USD
OTEX,Open Text Corp,2023-08-02,2023-06-30,1.16,USD
OTIC,OTIC,2023-07-24,2023-06-30,-0.03,USD
OTIS,Otis Worldwide Corp,2023-07-25,2023-06-30,0.86,USD
OTLC,OTLC,2023-08-21,2023-06-30,,USD
OTLK,Outlook Therapeutics Inc,2023-08-08,2023-06-30,-0.05,USD
OTLY,Oatly Group AB,2023-08-14,2023-06-30,-0.121,USD
OTMO,Otonomo Technologies Ltd,2023-08-16,2023-06-30,0,USD
OTRK,Ontrak Inc,2023-08-07,2023-06-30,-0.37,USD
OTSKY,OTSKY,2023-08-10,2023-06-30,0.2472,JPY
OTTR,Otter Tail Corporation,2023-07-31,2023-06-30,1.5,USD
OUST,Ouster Inc - Class A,2023-08-02,2023-06-30,-1.45,USD
OUT,Outfront Media Inc,2023-08-01,2023-06-30,0.24,USD
OVBC,Ohio Valley Banc Corp,2023-07-25,2023-06-30,,USD
OVID,Ovid Therapeutics Inc,2023-08-07,2023-06-30,-0.2,USD
OVLY,Oak Valley Bancorp,2023-07-19,2023-06-30,,USD
OVV,Ovintiv Inc,2023-08-01,2023-06-30,1.3,USD
OWL,Blue Owl Capital Inc - Class A,2023-08-04,2023-06-30,0.16,USD
OWLT,Owlet Inc - Class A,2023-08-09,2023-06-30,-0.03,USD
OWPC,OWPC,2023-08-22,2023-06-30,,USD
OXBR,Oxbridge Re Holdings Ltd,2023-08-14,2023-06-30,,USD
OXLC,Oxford Lane Capital Corp,2023-07-31,2023-06-30,0.27,USD
OXM,Oxford Industries Inc,2023-09-13,2023-08-31,3.78,USD
OXSQ,Oxford Square Capital Corp,2023-07-24,2023-06-30,0.12,USD
OXY,Occidental Petroleum Corp,2023-07-31,2023-06-30,1.01,USD
OYST,OYST,2023-08-09,2023-06-30,,USD
OZK,Bank OZK,2023-07-19,2023-06-30,1.45,USD
OZON,Ozon Holdings PLC,2023-08-15,2023-05-31,0,RUB
PAA,Plains All American Pipeline LP,2023-08-01,2023-06-30,0.23,USD
PAAS,Pan American Silver Corp,2023-08-09,2023-06-30,0.12,USD
PAC,Grupo Aeroportuario Del Pacifico SAB de CV,2023-07-27,2023-06-30,2.73,MXN
PACB,Pacific Biosciences of California Inc,2023-08-01,2023-06-30,-0.32,USD
PACK,Ranpak Holdings Corp - Class A,2023-07-26,2023-06-30,-0.1,USD
PACV,PACV,2023-08-21,2023-06-30,,USD
PACW,Pacwest Bancorp,2023-07-18,2023-06-30,0.25,USD
PACXF,PACXF,2023-07-24,2023-05-31,,CAD
PAG,Penske Automotive Group Inc,2023-07-25,2023-06-30,4.1,USD
PAGP,Plains GP Holdings LP - Class A,2023-08-02,2023-06-30,0.36,USD
PAGS,PagSeguro Digital Ltd - Class A,2023-08-23,2023-06-30,0.27,BRL
PAHC,Phibro Animal Health Corp - Class A,2023-08-22,2023-06-30,0.4,USD
PALAF,PALAF,2023-08-24,2023-06-30,-0.0044,USD
PALI,Palisade Bio Inc,2023-08-14,2023-06-30,-0.45,USD
PALS,PALS,2023-09-12,2023-06-30,0,USD
PALT,Paltalk Inc,2023-08-07,2023-06-30,-0.04,USD
PAM,Pampa Energia SA,2023-08-09,2023-06-30,1.18,USD
PANDY,PANDY,2023-08-15,2023-06-30,0.3917,DKK
PANL,Pangaea Logistics Solutions Ltd,2023-08-07,2023-06-30,0.17,USD
PANW,Palo Alto Networks Inc,2023-08-21,2023-07-31,1.28,USD
PAR,Par Technology Corp,2023-08-07,2023-06-30,-0.35,USD
PARA,Paramount Global - Class B,2023-08-02,2023-06-30,0.02,USD
PARAA,Paramount Global - Class A,2023-08-03,2023-06-30,0.0422,USD
PARD,PARD,2023-08-14,2023-06-30,0,USD
PARNF,PARNF,2023-08-30,2023-06-30,0,AUD
PARR,Par Pacific Holdings Inc,2023-08-07,2023-06-30,1.15,USD
PARXF,PARXF,2023-08-01,2023-06-30,,USD
PASG,Passage Bio Inc,2023-08-02,2023-06-30,-0.52,USD
PATH,UiPath Inc - Class A,2023-09-04,2023-07-31,0.03,USD
PATI,Patriot Transportation Holding Inc,2023-08-01,2023-06-30,,USD
PATK,Patrick Industries Inc,2023-07-26,2023-06-30,1.85,USD
PAVM,PAVmed Inc,2023-08-14,2023-06-30,-0.19,USD
PAX,Patria Investments Ltd - Class A,2023-08-07,2023-06-30,0.27,USD
PAY,Paymentus Holdings Inc - Class A,2023-08-03,2023-06-30,0.01,USD
PAYA,PAYA,2023-08-03,2023-06-30,,USD
PAYC,Paycom Software Inc,2023-07-31,2023-06-30,1.59,USD
PAYO,Payoneer Global Inc,2023-08-10,2023-06-30,0.0336,USD
PAYS,PaySign Inc,2023-08-07,2023-06-30,0.01,USD
PAYX,Paychex Inc,2023-06-29,2023-05-31,0.97,USD
PAZRF,PAZRF,2023-08-01,2023-06-30,,CAD
PB,Prosperity Bancshares Inc,2023-07-25,2023-06-30,1.27,USD
PBA,Pembina Pipeline Corporation,2023-08-02,2023-06-30,0.45,CAD
PBAM,PBAM,2023-07-19,2023-06-30,1.04,USD
PBCO,PBCO,2023-07-12,2023-06-30,,USD
PBEGF,PBEGF,2023-08-09,2023-06-30,,USD
PBF,PBF Energy Inc - Class A,2023-07-26,2023-06-30,2.38,USD
PBH,Prestige Consumer Healthcare Inc,2023-08-02,2023-06-30,1.01,USD
PBHC,Pathfinder Bancorp Inc,2023-07-31,2023-06-30,,USD
PBI,Pitney Bowes Inc,2023-07-26,2023-06-30,-0.01,USD
PBIO,PBIO,2023-08-16,2023-06-30,,USD
PBKOF,PBKOF,2023-08-08,2023-06-30,,CAD
PBLA,Panbela Therapeutics Inc,2023-08-14,2023-06-30,-1.73,USD
PBMLF,PBMLF,2023-09-12,2023-07-31,,CAD
PBMRY,PBMRY,2023-08-02,2023-06-30,0,USD
PBNC,PBNC,2023-07-10,2023-06-30,,USD
PBPB,Potbelly Corp,2023-08-02,2023-06-30,0.08,USD
PBR,Petroleo Brasileiro S.A. Petrobras,2023-08-03,2023-06-30,0.7296,USD
PBR-A,Petroleo Brasileiro S.A. Petrobras,2023-08-03,2023-06-30,0.7296,USD
PBRA,PBRA,2023-08-03,2023-06-30,0.7296,USD
PBSFY,PBSFY,2023-08-03,2023-06-30,0.0213,EUR
PBSV,PBSV,2023-09-14,2023-07-31,0.02,USD
PBT,Permian Basin Royalty Trust,2023-08-14,2023-06-30,0,USD
PBYI,Puma Biotechnology Inc,2023-08-02,2023-06-30,0.01,USD
PCAR,Paccar Inc,2023-07-24,2023-06-30,2.17,USD
PCB,PCB Bancorp.,2023-07-26,2023-06-30,0.52,USD
PCG,PG&E Corp,2023-07-26,2023-06-30,0.3,USD
PCGR,PCGR,2023-08-08,2023-06-30,0,USD
PCH,PotlatchDeltic Corp,2023-07-24,2023-06-30,0.08,USD
PCLB,PCLB,2023-07-24,2023-06-30,,USD
PCLI,PCLI,2023-08-30,2023-06-30,0,USD
PCLOF,PCLOF,2023-08-28,2023-06-30,,CAD
PCOA,PCOA,2023-08-07,2023-06-30,0,USD
PCOR,Procore Technologies Inc,2023-07-31,2023-06-30,-0.1,USD
PCRFY,PCRFY,2023-08-02,2023-06-30,0.2016,JPY
PCRX,Pacira BioSciences Inc,2023-08-01,2023-06-30,0.81,USD
PCSA,Processa Pharmaceuticals Inc,2023-08-09,2023-06-30,-0.23,USD
PCSV,PCSV,2023-07-06,2023-06-30,,USD
PCT,PureCycle Technologies Inc,2023-08-09,2023-06-30,-0.14,USD
PCTI,PCTEL Inc,2023-08-07,2023-06-30,0.03,USD
PCTY,Paylocity Holding Corp,2023-08-02,2023-06-30,1.14,USD
PCVX,Vaxcyte Inc,2023-08-07,2023-06-30,-0.74,USD
PCYO,Pure Cycle Corp,2023-07-10,2023-05-31,,USD
PD,Pagerduty Inc,2023-08-30,2023-07-31,0.1,USD
PDCE,PDC Energy Inc,2023-08-01,2023-06-30,3.06,USD
PDCO,Patterson Companies Inc,2023-08-30,2023-07-31,0.42,USD
PDD,PDD Holdings Inc,2023-08-28,2023-06-30,1.03,CNY
PDEX,Pro-Dex Inc (co),2023-08-23,2023-06-30,0.33,USD
PDFS,PDF Solutions Inc,2023-08-09,2023-06-30,0.15,USD
PDLB,Ponce Financial Group Inc,2023-07-27,2023-06-30,-0.1,USD
PDM,Piedmont Office Realty Trust Inc - Class A,2023-07-25,2023-06-30,-0.01,USD
PDMI,PDMI,2023-08-10,2023-06-30,0,USD
PDNLB,PDNLB,2023-08-14,2023-06-30,,USD
PDS,Precision Drilling Corp,2023-07-25,2023-06-30,0.96,USD
PDSB,PDS Biotechnology Corporation,2023-08-07,2023-06-30,-0.35,USD
PDYPY,PDYPY,2023-08-09,2023-06-30,0.9643,GBP
PEAK,Healthpeak OP LLC,2023-07-31,2023-06-30,0.1032,USD
PEAR,PEAR,2023-08-09,2023-06-30,-0.16,USD
PEARQ,PEARQ,2023-08-09,2023-06-30,-0.1374,USD
PEB,Pebblebrook Hotel Trust,2023-07-27,2023-06-30,0.16,USD
PEBK,Peoples Bancorp Of North Carolina Inc,2023-07-24,2023-06-30,,USD
PEBO,Peoples Bancorp Inc (Marietta OH),2023-07-24,2023-06-30,0.76,USD
PECO,Phillips Edison & Company Inc - New,2023-08-01,2023-06-30,0.1,USD
PED,PEDEVCO Corp,2023-08-14,2023-06-30,0.04,USD
PEDH,PEDH,2023-08-03,2023-05-31,0,USD
PEG,Public Service Enterprise Group Inc,2023-07-31,2023-06-30,0.64,USD
PEGA,Pegasystems Inc,2023-07-25,2023-06-30,0.04,USD
PEGY,Pineapple Energy Inc,2023-08-09,2023-06-30,-0.16,USD
PEI,PEI,2023-08-07,2023-06-30,,USD
PEN,Penumbra Inc,2023-08-02,2023-06-30,0.28,USD
PENN,PENN Entertainment Inc,2023-08-02,2023-06-30,0.42,USD
PEP,PepsiCo Inc,2023-07-13,2023-06-30,1.95,USD
PEPG,PepGen Inc,2023-08-11,2023-06-30,-0.81,USD
PERI,Perion Network Ltd,2023-08-01,2023-06-30,0.51,USD
PESI,Perma-Fix Environmental Services Inc,2023-08-03,2023-06-30,0.06,USD
PET,Wag Group Company,2023-08-15,2023-06-30,-0.092,USD
PETQ,PetIQ Inc - Class A,2023-08-07,2023-06-30,0.26,USD
PETS,Petmed Express Inc,2023-07-24,2023-06-30,0.09,USD
PETV,PetVivo Holdings Inc,2023-06-27,2023-03-31,-0.21,USD
PETV,PetVivo Holdings Inc,2023-08-09,2023-06-30,,USD
PEXNY,PEXNY,2023-07-27,2023-06-30,0.3134,THB
PEYUF,PEYUF,2023-08-09,2023-06-30,,CAD
PFBC,Preferred Bank,2023-07-18,2023-06-30,2.48,USD
PFBX,PFBX,2023-07-25,2023-06-30,,USD
PFC,Premier Financial Corp,2023-07-24,2023-06-30,0.59,USD
PFDR,PFDR,2023-06-28,2023-03-31,0.01,USD
PFE,Pfizer Inc,2023-08-01,2023-06-30,0.62,USD
PFG,Principal Financial Group Inc,2023-07-27,2023-06-30,1.67,USD
PFGC,Performance Food Group Company,2023-08-15,2023-06-30,1.15,USD
PFHO,PFHO,2023-08-21,2023-06-30,,USD
PFIE,Profire Energy Inc,2023-08-02,2023-06-30,0.03,USD
PFIN,P & F Industries Inc - Class A,2023-08-09,2023-06-30,,USD
PFIS,Peoples Financial Services Corp,2023-07-19,2023-06-30,1.16,USD
PFLC,PFLC,2023-07-26,2023-06-30,,USD
PFLT,PennantPark Floating Rate Capital Ltd,2023-08-01,2023-06-30,0.36,USD
PFMT,Performant Financial Corp,2023-08-07,2023-06-30,-0.04,USD
PFS,Provident Financial Services Inc,2023-07-27,2023-06-30,0.49,USD
PFSI,PennyMac Financial Services Inc,2023-07-31,2023-06-30,1.29,USD
PFSW,PFSWEB Inc,2023-08-07,2023-06-30,,USD
PFX,PhenixFIN Corp,2023-08-07,2023-06-30,0.78,USD
PG,Procter & Gamble Company,2023-07-28,2023-06-30,1.32,USD
PGC,Peapack-Gladstone Financial Corp,2023-07-27,2023-06-30,0.92,USD
PGEN,Precigen Inc,2023-08-07,2023-06-30,-0.1,USD
PGNT,PGNT,2023-08-14,2023-06-30,,USD
PGNY,Progyny Inc,2023-08-02,2023-06-30,0.1,USD
PGR,Progressive Corp,2023-07-31,2023-06-30,1.03,USD
PGRE,Paramount Group Inc,2023-07-24,2023-06-30,-0.01,USD
PGTI,PGT Innovations Inc,2023-07-24,2023-06-30,0.58,USD
PGY,Pagaya Technologies Ltd - Class A,2023-08-15,2023-06-30,-0.0321,USD
PH,Parker-Hannifin Corp,2023-08-03,2023-06-30,5.44,USD
PHAR,Pharming Group N.V.,2023-08-03,2023-06-30,-0.12,USD
PHASQ,PHASQ,2023-06-23,2023-03-31,-0.35,USD
PHASQ,PHASQ,2023-08-10,2023-06-30,,USD
PHAT,Phathom Pharmaceuticals Inc,2023-07-31,2023-06-30,-1,USD
PHG,Koninklijke Philips N.V.,2023-07-24,2023-06-30,0.2639,EUR
PHGE,BiomX Inc,2023-07-06,2023-06-30,-0.1,USD
PHI,PLDT Inc,2023-08-10,2023-06-30,0.5871,USD
PHIO,Phio Pharmaceuticals Corp,2023-08-09,2023-06-30,,USD
PHLI,PHLI,2023-08-02,2023-06-30,0,USD
PHM,PulteGroup Inc,2023-07-25,2023-06-30,2.49,USD
PHR,Phreesia Inc,2023-09-05,2023-07-31,-0.42,USD
PHRX,PHRX,2023-08-30,2023-06-30,0,USD
PHUN,Phunware Inc,2023-08-09,2023-06-30,-0.06,USD
PHVS,Pharvaris NV,2023-09-11,2023-06-30,-0.6059,EUR
PHX,PHX Minerals Inc - Class A,2023-08-07,2023-06-30,0.05,USD
PHXHF,PHXHF,2023-08-07,2023-06-30,,CAD
PI,Impinj Inc,2023-07-25,2023-06-30,0.3,USD
PIAC,PIAC,2023-08-09,2023-06-30,,USD
PIAI,Prime Impact Acquisition I - Class A,2023-08-07,2023-06-30,,USD
PIFYF,PIFYF,2023-08-01,2023-06-30,,CAD
PII,Polaris Inc,2023-07-24,2023-06-30,2.2,USD
PIK,Kidpik Corp,2023-08-15,2023-07-31,-0.21,USD
PINC,Premier Inc - Class A,2023-08-14,2023-06-30,0.65,USD
PINE,Alpine Income Property Trust Inc,2023-07-19,2023-06-30,-0.05,USD
PINS,Pinterest Inc - Class A,2023-07-31,2023-06-30,0.11,USD
PIPR,Piper Sandler Co`s,2023-07-27,2023-06-30,1.62,USD
PIRS,Pieris Pharmaceuticals Inc,2023-08-02,2023-06-30,-0.16,USD
PIXY,ShiftPixy Inc,2023-07-14,2023-05-31,-0.71,USD
PJT,PJT Partners Inc - Class A,2023-07-24,2023-06-30,0.63,USD
PJXRF,PJXRF,2023-08-21,2023-06-30,,CAD
PK,Park Hotels & Resorts Inc,2023-08-02,2023-06-30,0.31,USD
PKANF,PKANF,2023-08-28,2023-06-30,,USD
PKBK,Parke Bancorp Inc,2023-07-18,2023-06-30,,USD
PKDC,PKDC,2023-07-26,2023-06-30,,USD
PKE,Park Aerospace Corp,2023-07-05,2023-06-30,,USD
PKG,Packaging Corp Of America,2023-07-24,2023-06-30,1.98,USD
PKI,PKI,2023-07-31,2023-06-30,1.23,USD
PKKFF,PKKFF,2023-08-23,2023-06-30,,CAD
PKKW,PKKW,2023-08-07,2023-06-30,,USD
PKLBF,PKLBF,2023-07-28,2023-05-31,,CAD
PKOH,Park-Ohio Holdings Corp,2023-07-31,2023-06-30,0.8,USD
PKTEF,PKTEF,2023-08-07,2023-07-31,,CAD
PKX,POSCO Holdings Inc,2023-07-24,2023-06-30,1.38,KRW
PL,Planet Labs PBC - Class A,2023-09-11,2023-07-31,-0.08,USD
PLAB,Photronics Inc,2023-08-28,2023-07-31,0.52,USD
PLAG,Planet Green Holdings Corp,2023-08-10,2023-06-30,,USD
PLAY,Dave & Buster`s Entertainment Inc,2023-09-05,2023-07-31,0.92,USD
PLBC,Plumas Bancorp.,2023-07-18,2023-06-30,,USD
PLBY,PLBY Group Inc,2023-08-07,2023-06-30,-0.16,USD
PLCE,Childrens Place Inc,2023-08-15,2023-07-31,-2.02,USD
PLCKF,PLCKF,2023-08-24,2023-06-30,,CAD
PLD,Prologis Inc,2023-07-18,2023-06-30,1.01,USD
PLFLD,PLFLD,2023-08-16,2023-06-30,,CAD
PLG,Platinum Group Metals Ltd,2023-07-11,2023-05-31,-0.01,USD
PLGNF,PLGNF,2023-08-28,2023-06-30,,CAD
PLL,Piedmont Lithium Inc,2023-08-03,2023-06-30,-0.4381,USD
PLM,Polymet Mining Corp,2023-06-23,2023-03-31,,USD
PLM,Polymet Mining Corp,2023-08-09,2023-06-30,,USD
PLMR,Palomar Holdings Inc,2023-08-01,2023-06-30,0.84,USD
PLNHF,PLNHF,2023-08-14,2023-06-30,-0.01,USD
PLNT,Planet Fitness Inc - Class A,2023-08-07,2023-06-30,0.55,USD
PLOW,Douglas Dynamics Inc,2023-07-31,2023-06-30,0.89,USD
PLPC,Preformed Line Products Company,2023-08-02,2023-06-30,,USD
PLRX,Pliant Therapeutics Inc,2023-08-07,2023-06-30,-0.71,USD
PLSDF,PLSDF,2023-07-18,2023-06-30,,CAD
PLSE,Pulse Biosciences Inc,2023-08-08,2023-06-30,-0.22,USD
PLTK,Playtika Holding Corp,2023-08-02,2023-06-30,0.21,USD
PLTR,Palantir Technologies Inc - Class A,2023-08-07,2023-06-30,0.05,USD
PLTYF,PLTYF,2023-08-07,2023-06-30,,HKD
PLUG,Plug Power Inc,2023-08-07,2023-06-30,-0.25,USD
PLUR,Pluri Inc,2023-09-20,2023-06-30,-0.31,USD
PLUS,ePlus Inc,2023-08-01,2023-06-30,0.98,USD
PLX,Protalix BioTherapeutics Inc,2023-08-14,2023-06-30,,USD
PLXP,PLXP,2023-08-10,2023-06-30,-0.36,USD
PLXPQ,PLXPQ,2023-08-10,2023-06-30,-0.36,USD
PLXS,Plexus Corp,2023-07-25,2023-06-30,1.16,USD
PLYA,Playa Hotels & Resorts N.V.,2023-08-02,2023-06-30,0.15,USD
PLYM,Plymouth Industrial Reit Inc,2023-08-01,2023-06-30,-0.11,USD
PM,Philip Morris International Inc,2023-07-20,2023-06-30,1.46,USD
PMCB,PharmaCyte Biotech Inc,2023-06-28,2023-04-30,-0.09,USD
PMCB,PharmaCyte Biotech Inc,2023-08-21,2023-07-31,-0.07,USD
PMD,Psychemedics Corp,2023-08-07,2023-06-30,,USD
PMGYF,PMGYF,2023-08-01,2023-06-30,,CAD
PMHG,PMHG,2023-07-26,2023-06-30,,USD
PMN,ProMIS Neurosciences Inc,2023-08-14,2023-06-30,,USD
PMT,Pennymac Mortgage Investment Trust,2023-07-31,2023-06-30,0.35,USD
PMTS,CPI Card Group Inc,2023-08-07,2023-06-30,0.49,USD
PMVP,PMV Pharmaceuticals Inc,2023-08-07,2023-06-30,-0.47,USD
PNBC,PNBC,2023-07-28,2023-06-30,0,USD
PNBI,PNBI,2023-07-31,2023-06-30,,USD
PNBK,Patriot National Bancorp Inc,2023-08-25,2023-06-30,,USD
PNC,PNC Financial Services Group Inc,2023-07-18,2023-06-30,3.3,USD
PNDHF,PNDHF,2023-08-16,2023-06-30,,CAD
PNFP,Pinnacle Financial Partners Inc,2023-07-17,2023-06-30,1.66,USD
PNGAY,PNGAY,2023-08-23,2023-06-30,0.8221,CNY
PNM,PNM Resources Inc,2023-08-02,2023-06-30,0.57,USD
PNNT,PennantPark Investment Corporation,2023-08-01,2023-06-30,0.29,USD
PNPFF,PNPFF,2023-08-09,2023-06-30,,CAD
PNR,Pentair plc,2023-07-24,2023-06-30,0.95,USD
PNRG,PrimeEnergy Resources Corp,2023-08-16,2023-06-30,,USD
PNT,POINT Biopharma Global Inc,2023-08-10,2023-06-30,-0.3,USD
PNTG,Pennant Group Inc,2023-08-07,2023-06-30,0.16,USD
PNW,Pinnacle West Capital Corp,2023-08-01,2023-06-30,1.33,USD
PNWRF,PNWRF,2023-08-03,2023-06-30,0.29,USD
POAI,Predictive Oncology Inc,2023-08-09,2023-06-30,,USD
PODD,Insulet Corporation,2023-08-02,2023-06-30,0.26,USD
POET,POET Technologies Inc,2023-08-07,2023-06-30,-0.13,USD
POFCF,POFCF,2023-08-30,2023-06-30,0,USD
POL,Polished.com Inc,2023-08-24,2023-06-30,0.04,USD
POLA,Polar Power Inc,2023-08-14,2023-06-30,,USD
POLXF,POLXF,2023-09-14,2023-07-31,0,USD
POOL,Pool Corporation,2023-07-19,2023-06-30,6.31,USD
POPRF,POPRF,2023-08-28,2023-06-30,,USD
POR,Portland General Electric Company,2023-07-26,2023-06-30,0.54,USD
POSAF,POSAF,2023-08-23,2023-06-30,,USD
POSH,POSH,2023-08-09,2023-06-30,,USD
POST,Post Holdings Inc,2023-08-02,2023-06-30,1,USD
POTN,POTN,2023-08-24,2023-06-30,0,USD
POTRF,POTRF,2023-08-24,2023-06-30,,CAD
POWI,Power Integrations Inc,2023-08-02,2023-06-30,0.34,USD
POWL,Powell Industries Inc,2023-07-31,2023-06-30,0.65,USD
POWW,AMMO Inc,2023-08-15,2023-06-30,0.005,USD
POYYF,POYYF,2023-08-23,2023-06-30,0,USD
PPBI,Pacific Premier Bancorp Inc,2023-07-19,2023-06-30,0.59,USD
PPBN,PPBN,2023-07-24,2023-06-30,,USD
PPBT,Purple Biotech Ltd,2023-08-03,2023-06-30,-0.37,USD
PPC,Pilgrim`s Pride Corp,2023-07-25,2023-06-30,0.36,USD
PPERY,PPERY,2023-07-20,2023-06-30,0.1722,IDR
PPG,PPG Industries Inc,2023-07-19,2023-06-30,2.12,USD
PPIH,Perma-Pipe International Holdings Inc,2023-09-05,2023-07-31,,USD
PPL,PPL Corp,2023-08-01,2023-06-30,0.34,USD
PPRQF,PPRQF,2023-07-20,2023-06-30,,CAD
PPRRF,PPRRF,2023-08-16,2023-06-30,,USD
PPSI,Pioneer Power Solutions Inc,2023-08-14,2023-06-30,-0.01,USD
PPTA,Perpetua Resources Corp Com,2023-08-14,2023-06-30,-0.09,USD
PR,Permian Resources Corp - Class A,2023-08-01,2023-06-30,0.4,USD
PRA,Proassurance Corporation,2023-08-07,2023-06-30,0.1,USD
PRAA,PRA Group Inc,2023-08-07,2023-06-30,-0.14,USD
PRAX,Praxis Precision Medicines Inc,2023-08-07,2023-06-30,-0.65,USD
PRBZF,PRBZF,2023-08-03,2023-06-30,,CAD
PRCH,Porch Group Inc - Class A,2023-08-07,2023-06-30,-0.39,USD
PRCT,Procept BioRobotics Corp,2023-08-02,2023-06-30,-0.57,USD
PRDO,Perdoceo Education Corporation,2023-08-07,2023-06-30,0.52,USD
PRDS,Pardes Biosciences Inc,2023-08-14,2023-06-30,-0.1,USD
PRE,Prenetics Global Ltd - Class A,2023-09-08,2023-06-30,-0.05,USD
PRED,PRED,2023-08-30,2023-06-30,0,USD
PREKF,PREKF,2023-07-17,2023-06-30,,CAD
PRET,PRET,2023-08-07,2023-06-30,,USD
PRFT,Perficient Inc,2023-08-02,2023-06-30,1.11,USD
PRFX,PainReform Ltd,2023-08-14,2023-06-30,-0.25,USD
PRG,PROG Holdings Inc,2023-07-25,2023-06-30,0.65,USD
PRGNF,PRGNF,2023-08-30,2023-06-30,0,USD
PRGO,Perrigo Company plc,2023-08-07,2023-06-30,0.51,USD
PRGS,Progress Software Corp,2023-06-29,2023-05-31,0.9,USD
PRI,Primerica Inc,2023-08-07,2023-06-30,3.81,USD
PRIM,Primoris Services Corp,2023-08-07,2023-06-30,0.53,USD
PRK,Park National Corp,2023-07-24,2023-06-30,1.99,USD
PRKA,PRKA,2023-08-14,2023-06-30,,USD
PRKR,PRKR,2023-08-17,2023-06-30,0,USD
PRLB,Proto Labs Inc,2023-08-03,2023-06-30,0.3,USD
PRLD,Prelude Therapeutics Inc,2023-08-07,2023-06-30,-0.63,USD
PRM,Perimeter Solutions SA,2023-08-04,2023-06-30,0.02,USD
PRME,Prime Medicine Inc,2023-08-30,2023-06-30,-0.41,USD
PRMNF,PRMNF,2023-08-10,2023-07-31,,CAD
PRMRF,PRMRF,2023-08-01,2023-06-30,1.01,CAD
PRMW,Primo Water Corporation,2023-08-10,2023-06-30,0.2043,USD
PRNDY,PRNDY,2023-08-31,2023-06-30,0,USD
PRO,Pros Holdings Inc,2023-07-26,2023-06-30,-0.06,USD
PROBF,PROBF,2023-08-16,2023-06-30,,CAD
PROC,Procaps Group S.A,2023-08-10,2023-06-30,0.06,USD
PROF,Profound Medical Corp,2023-08-02,2023-06-30,-0.34,USD
PROK,ProKidney Corp - Class A,2023-08-03,2023-06-30,-0.32,USD
PROV,Provident Financial Holdings Inc,2023-07-24,2023-06-30,0.32,USD
PRPH,ProPhase Labs Inc,2023-08-09,2023-06-30,-0.14,USD
PRPL,Purple Innovation Inc - Class A,2023-08-07,2023-06-30,-0.11,USD
PRPO,Precipio Inc,2023-08-07,2023-06-30,-0.1,USD
PRPRF,PRPRF,2023-08-07,2023-06-30,,CAD
PRQR,ProQR Therapeutics N.V,2023-08-02,2023-06-30,-0.12,EUR
PRRFY,PRRFY,2023-07-20,2023-06-30,0,GBP
PRRWF,PRRWF,2023-08-09,2023-06-30,,USD
PRRY,PRRY,2023-08-30,2023-06-30,0,USD
PRSEF,PRSEF,2023-08-17,2023-06-30,-2.39,USD
PRSNF,PRSNF,2023-07-31,2023-05-31,,CAD
PRSNF,PRSNF,2023-09-06,2023-08-31,,CAD
PRSO,Peraso Inc,2023-08-14,2023-06-30,-0.09,USD
PRT,PermRock Royalty Trust,2023-08-14,2023-06-30,0.252,USD
PRTA,Prothena Corporation plc,2023-08-08,2023-06-30,-0.9596,USD
PRTC,PureTech Health Plc,2023-08-30,2023-06-30,-4.09,USD
PRTG,Portage Biotech Inc,2023-07-31,2023-06-30,-0.265,USD
PRTH,Priority Technology Holdings Inc,2023-08-07,2023-06-30,-0.04,USD
PRTK,Paratek Pharmaceuticals Inc,2023-08-01,2023-06-30,-0.31,USD
PRTS,CarParts.com Inc,2023-07-31,2023-06-30,0.04,USD
PRTY,PRTY,2023-08-07,2023-06-30,0.0801,USD
PRTYQ,PRTYQ,2023-06-26,2023-03-31,0.15,USD
PRTYQ,PRTYQ,2023-08-07,2023-06-30,0.0801,USD
PRU,Prudential Financial Inc,2023-08-01,2023-06-30,3.13,USD
PRVA,Privia Health Group Inc,2023-08-09,2023-06-30,0.06,USD
PRVB,PRVB,2023-08-02,2023-06-30,-0.475,USD
PRVU,PRVU,2023-08-23,2023-07-31,0,USD
PRXIQ,PRXIQ,2023-07-06,2023-05-31,0,USD
PRZM,PRZM,2023-07-20,2023-06-30,0,USD
PSA,Public Storage,2023-08-02,2023-06-30,2.9,USD
PSBP,PSBP,2023-07-25,2023-06-30,,USD
PSBQ,PSBQ,2023-07-24,2023-06-30,,USD
PSEC,Prospect Capital Corp,2023-08-22,2023-06-30,0.21,USD
PSFE,Paysafe Ltd - Class A,2023-08-10,2023-06-30,0.17,USD
PSHG,Performance Shipping Inc,2023-08-02,2023-06-30,,USD
PSHIF,PSHIF,2023-08-03,2023-06-30,,CAD
PSIX,PSIX,2023-08-09,2023-06-30,0.14,USD
PSMT,Pricesmart Inc,2023-07-10,2023-05-31,0.85,USD
PSN,Parsons Corp,2023-08-01,2023-06-30,0.5,USD
PSNL,Personalis Inc,2023-08-01,2023-06-30,-0.53,USD
PSNY,Polestar Automotive Holding UK PLC,2023-08-30,2023-06-30,-0.1233,USD
PSTG,Pure Storage Inc - Class A,2023-08-29,2023-07-31,0.28,USD
PSTL,Postal Realty Trust Inc Cls A,2023-07-31,2023-06-30,0.02,USD
PSTRQ,PSTRQ,2023-08-03,2023-06-30,0,USD
PSTV,Plus Therapeutics Inc,2023-07-19,2023-06-30,-1.92,USD
PSTX,Poseida Therapeutics Inc,2023-08-09,2023-06-30,-0.53,USD
PSX,Phillips 66,2023-08-02,2023-06-30,3.55,USD
PSXRF,PSXRF,2023-08-28,2023-06-30,,CAD
PSYTF,PSYTF,2023-08-10,2023-06-30,,CAD
PTAIY,PTAIY,2023-07-27,2023-06-30,0.2771,IDR
PTALF,PTALF,2023-08-23,2023-06-30,,USD
PTAUY,PTAUY,2023-08-25,2023-06-30,0,USD
PTBS,PTBS,2023-07-31,2023-06-30,,USD
PTBTQ,PTBTQ,2023-08-11,2023-06-30,0,USD
PTC,PTC Inc,2023-07-25,2023-06-30,1,USD
PTCT,PTC Therapeutics Inc,2023-08-02,2023-06-30,-1.62,USD
PTE,PTE,2023-08-09,2023-06-30,-0.55,USD
PTEIQ,PTEIQ,2023-08-09,2023-06-30,-0.55,USD
PTEN,Patterson-UTI Energy Inc,2023-07-26,2023-06-30,0.44,USD
PTGX,Protagonist Therapeutics Inc,2023-08-02,2023-06-30,-0.65,USD
PTLO,Portillos Inc - Class A,2023-08-03,2023-06-30,0.1376,USD
PTMN,Portman Ridge Finance Corp,2023-08-07,2023-06-30,0.78,USD
PTN,Palatin Technologies Inc,2023-09-20,2023-06-30,-0.56,USD
PTNDF,PTNDF,2023-07-26,2023-06-30,0,USD
PTNR,PTNR,2023-08-16,2023-06-30,0,ILS
PTNRY,PTNRY,2023-08-16,2023-06-30,0,ILS
PTNYF,PTNYF,2023-08-28,2023-06-30,,CAD
PTOAF,PTOAF,2023-08-08,2023-06-30,,CAD
PTON,Peloton Interactive Inc - Class A,2023-08-23,2023-06-30,-0.4,USD
PTRA,Proterra Inc,2023-08-09,2023-06-30,-0.2525,USD
PTRC,PTRC,2023-06-28,2023-04-30,0,USD
PTRS,Partners Bancorp,2023-07-31,2023-06-30,,USD
PTRUF,PTRUF,2023-08-08,2023-06-30,,CAD
PTSI,P.A.M. Transportation Services Inc,2023-07-26,2023-06-30,0.65,USD
PTVE,Pactiv Evergreen Inc,2023-08-01,2023-06-30,0.23,USD
PUBGY,PUBGY,2023-07-20,2023-06-30,0,EUR
PUBM,PubMatic Inc - Class A,2023-08-07,2023-06-30,-0.06,USD
PUDA,PUDA,2023-08-14,2023-06-30,0,USD
PUK,Prudential plc,2023-08-30,2023-06-30,0,USD
PULM,Pulmatrix Inc,2023-08-07,2023-06-30,-1.23,USD
PUMP,ProPetro Holding Corp,2023-07-31,2023-06-30,0.45,USD
PUODY,PUODY,2023-07-27,2023-06-30,4.56,MXN
PVBC,Provident Bancorp Inc,2023-07-26,2023-06-30,0.15,USD
PVBK,PVBK,2023-07-26,2023-06-30,,USD
PVCT,PVCT,2023-08-09,2023-06-30,0,USD
PVL,Permianville Royalty Trust,2023-08-17,2023-06-30,,USD
PVMCF,PVMCF,2023-06-23,2023-03-31,0,USD
PVMCF,PVMCF,2023-08-14,2023-06-30,0,USD
PVSP,PVSP,2023-07-17,2023-05-31,,USD
PVVLF,PVVLF,2023-08-21,2023-06-30,,USD
PW,Power REIT,2023-08-10,2023-06-30,0.9,USD
PWCDF,PWCDF,2023-08-03,2023-06-30,,CAD
PWFL,PowerFleet Inc,2023-08-07,2023-06-30,-0.03,USD
PWOD,Penns Woods Bancorp Inc,2023-07-19,2023-06-30,,USD
PWP,Perella Weinberg Partners - Class A,2023-08-02,2023-06-30,0.11,USD
PWR,Quanta Services Inc,2023-08-02,2023-06-30,1.64,USD
PWSC,PowerSchool Holdings Inc Class A,2023-08-01,2023-06-30,0.22,USD
PX,P10 Inc - Class A,2023-08-10,2023-06-30,0.1899,USD
PXD,Pioneer Natural Resources Company,2023-07-31,2023-06-30,4.76,USD
PXHI,PXHI,2023-08-15,2023-06-30,0,USD
PXLW,Pixelworks Inc,2023-08-08,2023-06-30,-0.1,USD
PXS,Pyxis Tankers Inc,2023-08-07,2023-06-30,0.23,USD
PYCFF,PYCFF,2023-08-08,2023-06-30,,USD
PYCR,Paycor HCM Inc,2023-08-29,2023-06-30,0.0604,USD
PYFRF,PYFRF,2023-08-10,2023-06-30,,CAD
PYNKF,PYNKF,2023-08-22,2023-06-30,,USD
PYPD,Polypid Ltd,2023-08-08,2023-06-30,-0.29,USD
PYPL,PayPal Holdings Inc,2023-07-31,2023-06-30,1.16,USD
PYR,PyroGenesis Canada Inc,2023-08-14,2023-06-30,,CAD
PYXS,Pyxis Oncology Inc,2023-08-14,2023-06-30,-0.6776,USD
PZG,Paramount Gold Nevada Corp,2023-09-18,2023-06-30,-0.02,USD
PZRIF,PZRIF,2023-08-08,2023-06-30,,CAD
PZRXQ,PZRXQ,2023-08-07,2023-06-30,0,USD
PZZA,Papa John`s International Inc,2023-08-03,2023-06-30,0.6,USD
QABSY,QABSY,2023-08-24,2023-06-30,1.38,AUD
QBAK,QBAK,2023-08-12,2023-06-30,0,USD
QBCRF,QBCRF,2023-08-02,2023-06-30,,CAD
QBTS,D-Wave Quantum Inc,2023-08-15,2023-06-30,-0.1075,USD
QCAAF,QCAAF,2023-08-24,2023-06-30,,CAD
QCOM,Qualcomm Inc,2023-07-25,2023-06-30,1.81,USD
QCRH,QCR Holding Inc,2023-07-24,2023-06-30,1.38,USD
QD,Qudian Inc,2023-09-05,2023-06-30,,CNY
QDEL,QuidelOrtho Corporation,2023-08-03,2023-06-30,0.2792,USD
QFIN,360 DigiTech Inc,2023-08-16,2023-06-30,0.96,CNY
QFTA,Quantum Fintech Acquisition Corp,2023-08-08,2023-06-30,,USD
QGEN,Qiagen NV,2023-07-25,2023-06-30,0.5,USD
QIFTF,QIFTF,2023-08-22,2023-06-30,,CAD
QIPT,Quipt Home Medical Corp,2023-08-14,2023-06-30,0.0209,USD
QIWI,QIWI plc,2023-08-17,2023-06-30,0,RUB
QKLS,QKLS,2023-08-11,2023-07-31,0,USD
QLGN,Qualigen Therapeutics Inc,2023-08-14,2023-06-30,,USD
QLYS,Qualys Inc,2023-08-07,2023-06-30,1.01,USD
QMCI,QMCI,2023-08-21,2023-06-30,,USD
QMCO,Quantum Corp,2023-08-02,2023-06-30,-0.01,USD
QNBC,QNBC,2023-07-24,2023-06-30,,USD
QNCX,Quince Therapeutics Inc,2023-08-08,2023-06-30,0,USD
QNRX,Quoin Pharmaceuticals Ltd,2023-08-16,2023-06-30,-0.23,USD
QNST,QuinStreet Inc,2023-08-01,2023-06-30,-0.02,USD
QNTO,QNTO,2023-07-26,2023-06-30,,USD
QRHC,Quest Resource Holding Corp,2023-08-14,2023-06-30,-0.03,USD
QRTEA,Qurate Retail Inc - Series A,2023-08-03,2023-06-30,0.11,USD
QRTEB,Qurate Retail Inc - Series B,2023-08-09,2023-06-30,0.12,USD
QRVO,Qorvo Inc,2023-08-01,2023-06-30,0.15,USD
QS,QuantumScape Corp - Class A,2023-07-25,2023-06-30,-0.21,USD
QSEP,QSEP,2023-08-10,2023-06-30,,USD
QSI,Quantum-Si Incorporated - Class A,2023-08-07,2023-06-30,-0.2,USD
QSR,Restaurant Brands International Inc,2023-08-02,2023-06-30,0.75,USD
QTEK,QTEK,2023-08-08,2023-06-30,-0.36,USD
QTEKQ,QTEKQ,2023-08-08,2023-06-30,-0.36,USD
QTEYF,QTEYF,2023-08-08,2023-06-30,,CAD
QTNTF,QTNTF,2023-08-07,2023-06-30,-3.6,USD
QTNTQ,QTNTQ,2023-08-07,2023-06-30,-3.6,USD
QTRHF,QTRHF,2023-08-09,2023-06-30,-0.05,CAD
QTRX,Quanterix Corp,2023-08-07,2023-06-30,-0.38,USD
QTWO,Q2 Holdings Inc,2023-08-01,2023-06-30,0.13,USD
QUAD,Quad/Graphics Inc - Class A,2023-07-31,2023-06-30,,USD
QUBT,Quantum Computing Inc,2023-08-15,2023-06-30,-0.1,USD
QUIK,Quicklogic Corp,2023-08-14,2023-06-30,-0.02,USD
QUISF,QUISF,2023-08-16,2023-06-30,,USD
QUMU,QUMU,2023-08-08,2023-06-30,,USD
QUOT,Quotient Technology Inc,2023-08-07,2023-06-30,-0.07,USD
QURE,uniQure N.V.,2023-08-07,2023-06-30,1.38,USD
QUTIF,QUTIF,2023-08-28,2023-06-30,,CAD
QYOUF,QYOUF,2023-08-20,2023-06-30,,USD
R,Ryder System Inc,2023-07-26,2023-06-30,2.95,USD
RAAS,RAAS,2023-08-09,2023-06-30,,CNY
RACE,Ferrari N.V.,2023-08-02,2023-06-30,1.87,EUR
RAD,Rite Aid Corp,2023-06-29,2023-05-31,-1.46,USD
RADI,Radius Global Infrastructure Inc - Class A,2023-08-07,2023-06-30,-0.31,USD
RAFI,RAFI,2023-08-14,2023-06-30,,USD
RAIL,FreightCar America Inc,2023-08-07,2023-06-30,-0.14,USD
RAIN,Rain Oncology Inc,2023-08-02,2023-06-30,-0.51,USD
RAMP,LiveRamp Holdings Inc,2023-08-02,2023-06-30,0.19,USD
RAND,Rand Capital Corp,2023-08-07,2023-06-30,,USD
RANI,Rani Therapeutics Holdings Inc Class A,2023-09-11,2023-06-30,-0.4244,USD
RANJY,RANJY,2023-07-25,2023-06-30,0.5549,EUR
RAPT,RAPT Therapeutics Inc,2023-08-09,2023-06-30,-0.78,USD
RARE,Ultragenyx Pharmaceutical Inc,2023-07-26,2023-06-30,-2.04,USD
RAVE,Rave Restaurant Group Inc,2023-09-21,2023-06-30,,USD
RBA,RB Global Inc,2023-08-02,2023-06-30,0.75,USD
RBB,RBB Bancorp,2023-07-24,2023-06-30,0.57,USD
RBBN,Ribbon Communications Inc - New,2023-07-25,2023-06-30,0.04,USD
RBC,RBC Bearings Inc,2023-08-02,2023-06-30,1.95,USD
RBCAA,Republic Bancorp Inc (KY) - Class A,2023-07-20,2023-06-30,1.14,USD
RBCN,RBCN,2023-08-09,2023-06-30,-0.12,USD
RBGLY,RBGLY,2023-07-27,2023-06-30,0,GBP
RBKB,Rhinebeck Bancorp Inc,2023-07-26,2023-06-30,,USD
RBLX,Roblox Corporation - Class A,2023-08-07,2023-06-30,-0.45,USD
RBOT,Vicarious Surgical Inc - Class A,2023-08-07,2023-06-30,-0.14,USD
RBSH,RBSH,2023-08-14,2023-06-30,0,USD
RBT,Rubicon Technologies Inc - Class A,2023-08-30,2023-06-30,-0.2387,USD
RC,Ready Capital Corp,2023-08-02,2023-06-30,0.37,USD
RCAT,Red Cat Holdings Inc,2023-07-25,2023-04-30,-0.06,USD
RCAT,Red Cat Holdings Inc,2023-09-11,2023-07-31,,USD
RCEL,AVITA Medical Inc,2023-08-10,2023-06-30,-0.2938,USD
RCI,Rogers Communications Inc - Class B,2023-07-25,2023-06-30,0.8176,USD
RCII,RCII,2023-08-01,2023-06-30,0.715,USD
RCKT,Rocket Pharmaceuticals Inc,2023-08-07,2023-06-30,-0.79,USD
RCKTF,RCKTF,2023-08-24,2023-06-30,,CAD
RCKY,Rocky Brands Inc,2023-07-31,2023-06-30,-0.18,USD
RCL,Royal Caribbean Group,2023-07-26,2023-06-30,1.52,USD
RCM,R1 RCM Inc,2023-08-01,2023-06-30,0.0378,USD
RCMT,RCM Technologies Inc,2023-08-08,2023-06-30,0.45,USD
RCRT,Recruiter.com Group Inc,2023-08-14,2023-06-30,-0.12,USD
RCUS,Arcus Biosciences Inc,2023-08-01,2023-06-30,-1.1,USD
RDCM,Radcom,2023-08-09,2023-06-30,0.05,USD
RDCPD,RDCPD,2023-08-23,2023-06-30,,USD
RDCPF,RDCPF,2023-08-23,2023-06-30,,CAD
RDFN,Redfin Corp,2023-08-02,2023-06-30,-0.32,USD
RDI,Reading International Inc - Class A,2023-08-07,2023-06-30,-0.06,USD
RDIB,Reading International Inc - Class B,2023-08-09,2023-06-30,-0.0659,USD
RDN,Radian Group Inc,2023-07-31,2023-06-30,0.77,USD
RDNT,Radnet Inc,2023-08-07,2023-06-30,0.1,USD
RDVT,Red Violet Inc,2023-08-07,2023-06-30,,USD
RDW,Redwire Corporation,2023-08-01,2023-06-30,-0.16,USD
RDWR,Radware,2023-08-07,2023-06-30,0.13,USD
RDY,Dr. Reddy`s Laboratories Ltd,2023-07-27,2023-06-30,0.6783,INR
RE,Everest Re Group Ltd,2023-07-26,2023-06-30,11.42,USD
REAL,Therealreal Inc,2023-08-07,2023-06-30,-0.35,USD
REAX,The Real Brokerage Inc,2023-08-10,2023-06-30,-0.03,USD
REBN,Reborn Coffee Inc,2023-08-30,2023-06-30,0,USD
REDFY,REDFY,2023-07-28,2023-06-30,0,INR
REE,REE Automotive Ltd - Class A,2023-08-15,2023-06-30,-0.075,USD
REED,REED,2023-08-09,2023-06-30,-0.58,USD
REEMF,REEMF,2023-08-11,2023-06-30,0,USD
REFI,Chicago Atlantic Real Estate Finance Inc,2023-08-08,2023-06-30,0.578,USD
REFR,Research Frontiers Inc,2023-08-02,2023-06-30,,USD
REG,Regency Centers Corporation,2023-08-02,2023-06-30,0.5,USD
REGN,Regeneron Pharmaceuticals Inc,2023-08-01,2023-06-30,10.19,USD
REI,Ring Energy Inc,2023-08-02,2023-06-30,0.12,USD
REKR,Rekor Systems Inc,2023-08-11,2023-06-30,-0.16,USD
RELI,Reliance Global Group Inc,2023-08-14,2023-06-30,-0.7,USD
RELL,Richardson Electronics Ltd,2023-07-18,2023-05-31,0.19,USD
RELV,RELV,2023-08-11,2023-06-30,0,USD
RELX,RELX Plc,2023-07-27,2023-06-30,0,GBP
RELY,Remitly Global Inc,2023-08-02,2023-06-30,0.0175,USD
REMI,REMI,2023-08-14,2023-06-30,0,EUR
RENN,RENN,2023-08-07,2023-06-30,0,USD
RENO,RENO,2023-08-08,2023-06-30,-0.06,USD
RENT,Rent the Runway Inc - Class A,2023-09-11,2023-07-31,-0.4189,USD
REOS,REOS,2023-08-14,2023-06-30,0,USD
REPCF,REPCF,2023-08-29,2023-06-30,,CAD
REPL,Replimune Group Inc,2023-08-02,2023-06-30,-0.85,USD
REPX,Riley Exploration Permian Inc,2023-08-08,2023-06-30,2.12,USD
REPYY,REPYY,2023-07-27,2023-06-30,0.7789,EUR
RERE,ATRenew Inc,2023-08-21,2023-06-30,0.06,CNY
RES,RPC Inc,2023-07-25,2023-06-30,0.37,USD
RETA,Reata Pharmaceuticals Inc - Class A,2023-08-07,2023-06-30,-2.84,USD
REUN,Reunion Neuroscience Inc,2023-08-15,2023-06-30,-0.2882,CAD
REVB,Revelation Biosciences Inc,2023-08-14,2023-06-30,-0.4,USD
REVG,REV Group Inc,2023-09-05,2023-07-31,0.24,USD
REVRQ,REVRQ,2023-08-07,2023-06-30,-1.54,USD
REX,REX American Resources Corp,2023-08-28,2023-07-31,0.53,USD
REXR,Rexford Industrial Realty Inc,2023-07-18,2023-06-30,0.26,USD
REYN,Reynolds Consumer Products Inc,2023-08-07,2023-06-30,0.28,USD
REZI,Resideo Technologies Inc,2023-08-02,2023-06-30,0.46,USD
RF,Regions Financial Corp,2023-07-21,2023-06-30,0.61,USD
RFIL,RF Industries Ltd,2023-09-12,2023-07-31,0.08,USD
RFP,RFP,2023-08-02,2023-06-30,,USD
RGA,Reinsurance Group Of America Inc,2023-08-02,2023-06-30,4.2,USD
RGBOQ,RGBOQ,2023-08-09,2023-06-30,0,USD
RGCO,RGC Resources Inc,2023-08-09,2023-06-30,0.05,USD
RGDFF,RGDFF,2023-08-15,2023-06-30,,CAD
RGDXQ,RGDXQ,2023-08-17,2023-06-30,0,USD
RGEN,Repligen Corp,2023-07-31,2023-06-30,0.49,USD
RGF,Real Good Food Company Inc (The) - Class A,2023-08-11,2023-06-30,-0.2411,USD
RGLD,Royal Gold Inc,2023-08-04,2023-06-30,0.88,USD
RGLS,Regulus Therapeutics Inc,2023-08-09,2023-06-30,-0.41,USD
RGNX,Regenxbio Inc,2023-08-01,2023-06-30,-1.38,USD
RGP,Resources Connection Inc,2023-07-26,2023-06-30,0.35,USD
RGR,Sturm Ruger & Co. Inc,2023-08-01,2023-06-30,0.8,USD
RGRX,RGRX,2023-08-04,2023-06-30,0,USD
RGS,Regis Corp,2023-08-21,2023-06-30,-0.05,USD
RGTI,Rigetti Computing Inc,2023-08-10,2023-07-31,-0.1433,USD
RGUS,RGUS,2023-06-28,2023-04-30,0,USD
RH,RH - Class A,2023-09-06,2023-08-31,2.35,USD
RHDGF,RHDGF,2023-08-15,2023-06-30,0,USD
RHE,Regional Health Properties Inc,2023-08-15,2023-06-30,0,USD
RHHBY,RHHBY,2023-07-27,2023-06-30,1.43,USD
RHI,Robert Half International Inc,2023-07-19,2023-06-30,1.13,USD
RHP,Ryman Hospitality Properties Inc,2023-08-03,2023-06-30,1.23,USD
RHUHF,RHUHF,2023-07-06,2023-05-31,,CAD
RIBT,RiceBran Technologies,2023-08-09,2023-06-30,,USD
RICK,RCI Hospitality Holdings Inc,2023-08-07,2023-06-30,1.33,USD
RICOY,RICOY,2023-08-02,2023-06-30,0.1318,JPY
RIDE,Lordstown Motors Corp - Class A,2023-08-02,2023-06-30,-3.79,USD
RIG,Transocean Ltd,2023-07-31,2023-06-30,-0.14,USD
RIGL,Rigel Pharmaceuticals,2023-07-31,2023-06-30,-0.08,USD
RIHT,RIHT,2023-08-14,2023-06-30,0,USD
RILY,B. Riley Financial Inc,2023-07-26,2023-06-30,,USD
RIO,Rio Tinto plc,2023-07-26,2023-06-30,4.24,USD
RIOCF,RIOCF,2023-08-07,2023-06-30,,CAD
RIOT,Riot Platforms Inc,2023-08-07,2023-06-30,-0.23,USD
RITM,Rithm Capital Corporation,2023-07-31,2023-06-30,0.35,USD
RITT,RITT,2023-08-15,2023-06-30,0,USD
RIVN,Rivian Automotive Inc - Class A,2023-08-18,2023-06-30,-1.42,USD
RJF,Raymond James Financial Inc,2023-07-25,2023-06-30,2.16,USD
RKDA,Arcadia Biosciences Inc,2023-08-09,2023-06-30,-4.8,USD
RKHNF,RKHNF,2023-08-24,2023-06-30,,CAD
RKLB,Rocket Lab USA Inc,2023-09-06,2023-06-30,-0.0662,USD
RKNEF,RKNEF,2023-08-07,2023-06-30,,USD
RKT,Rocket Companies Inc Class A,2023-08-02,2023-06-30,-0.04,USD
RKUNY,RKUNY,2023-08-10,2023-06-30,-0.1697,JPY
RL,Ralph Lauren Corp - Class A,2023-08-07,2023-06-30,2.12,USD
RLAY,Relay Therapeutics Inc,2023-08-02,2023-06-30,-0.81,USD
RLGT,Radiant Logistics Inc,2023-09-13,2023-06-30,0.0728,USD
RLI,RLI Corp,2023-07-18,2023-06-30,1.2,USD
RLJ,RLJ Lodging Trust,2023-08-03,2023-06-30,0.23,USD
RLLMF,RLLMF,2023-07-26,2023-06-30,,USD
RLMD,Relmada Therapeutics Inc,2023-08-09,2023-06-30,-0.9,USD
RLX,RLX Technology Inc,2023-09-19,2023-06-30,,CNY
RLYB,Rallybio Corp,2023-09-07,2023-06-30,-0.4866,USD
RM,Regional Management Corp,2023-08-01,2023-06-30,0.6,USD
RMAX,RE/MAX Holdings Inc - Class A,2023-08-02,2023-06-30,0.4,USD
RMBI,Richmond Mutual Bancorporation Inc,2023-07-19,2023-06-30,,USD
RMBL,RumbleON Inc - Class B,2023-08-07,2023-06-30,0.11,USD
RMBS,Rambus Inc,2023-07-31,2023-06-30,0.39,USD
RMCF,Rocky Mountain Chocolate Factory Inc,2023-07-11,2023-05-31,0,USD
RMD,Resmed Inc,2023-08-09,2023-06-30,1.69,USD
RMED,Ra Medical Systems Inc,2023-08-14,2023-06-30,-0.3,USD
RMIAF,RMIAF,2023-08-24,2023-06-30,,CAD
RMNI,Rimini Street Inc,2023-08-01,2023-06-30,0.11,USD
RMR,RMR Group Inc (The) - Class A,2023-08-02,2023-06-30,0.47,USD
RMTD,RMTD,2023-08-11,2023-06-30,0,USD
RMTI,Rockwell Medical Inc,2023-08-14,2023-06-30,-0.12,USD
RNA,Avidity Biosciences Inc,2023-08-07,2023-06-30,-0.8,USD
RNECY,RNECY,2023-07-27,2023-06-30,0.1739,JPY
RNG,RingCentral Inc - Class A,2023-07-31,2023-06-30,0.75,USD
RNGR,Ranger Energy Services Inc - Class A,2023-07-31,2023-06-30,0.46,USD
RNR,RenaissanceRe Holdings Ltd,2023-07-24,2023-06-30,7.68,USD
RNST,Renasant Corp,2023-07-24,2023-06-30,0.78,USD
RNW,ReNew Energy Global plc - Class A,2023-08-16,2023-06-30,0.11,INR
RNWEY,RNWEY,2023-08-15,2023-06-30,-0.0425,USD
RNXT,RenovoRx Inc,2023-08-14,2023-06-30,-0.22,USD
ROAD,Construction Partners Inc - Class A,2023-08-03,2023-06-30,0.35,USD
ROCC,Ranger Oil Corp - Class A,2023-07-31,2023-06-30,1.9,USD
ROCG,ROCG,2023-08-30,2023-06-30,0.08,USD
ROCK,Gibraltar Industries Inc,2023-08-01,2023-06-30,0.92,USD
ROG,Rogers Corp,2023-08-01,2023-06-30,1.02,USD
ROIC,Retail Opportunity Investments Corp,2023-07-25,2023-06-30,0.07,USD
ROIUF,ROIUF,2023-08-22,2023-06-30,,CAD
ROIV,Roivant Sciences Ltd,2023-06-26,2023-03-31,-0.36,USD
ROIV,Roivant Sciences Ltd,2023-08-14,2023-06-30,-0.3464,USD
ROK,Rockwell Automation Inc,2023-07-25,2023-06-30,3.17,USD
ROKU,Roku Inc - Class A,2023-07-26,2023-06-30,-1.27,USD
ROL,Rollins Inc,2023-07-25,2023-06-30,0.24,USD
ROMJF,ROMJF,2023-08-14,2023-06-30,,CAD
ROOT,Root Inc - Class A,2023-08-07,2023-06-30,-3.07,USD
ROP,Roper Technologies Inc,2023-07-21,2023-06-30,3.99,USD
ROST,Ross Stores Inc,2023-08-16,2023-07-31,1.13,USD
ROVR,Rover Group Inc - Class A,2023-08-02,2023-06-30,-0.01,USD
ROWKF,ROWKF,2023-08-22,2023-06-30,,CAD
ROYL,ROYL,2023-08-03,2023-06-30,0,USD
ROYTL,ROYTL,2023-07-28,2023-06-30,0,USD
RPAY,Repay Holdings Corporation - Class A,2023-08-07,2023-06-30,0.2,USD
RPD,Rapid7 Inc,2023-08-01,2023-06-30,0.11,USD
RPHM,Reneo Pharmaceuticals Inc,2023-08-07,2023-06-30,-0.53,USD
RPID,Rapid Micro Biosystems Inc - Class A,2023-08-24,2023-07-31,-0.3397,USD
RPM,RPM International Inc,2023-07-24,2023-05-31,1.3,USD
RPMT,RPMT,2023-08-30,2023-06-30,0,USD
RPRX,Royalty Pharma plc - Class A,2023-08-02,2023-06-30,0.82,USD
RPT,RPT Realty,2023-08-02,2023-06-30,-0.02,USD
RPTX,Repare Therapeutics Inc,2023-08-02,2023-06-30,-0.78,USD
RRBI,Red River Bancshares Inc,2023-07-27,2023-06-30,1.21,USD
RRC,Range Resources Corp,2023-07-24,2023-06-30,0.38,USD
RRGB,Red Robin Gourmet Burgers Inc,2023-08-08,2023-06-30,-0.54,USD
RROTF,RROTF,2023-09-04,2023-07-31,,CAD
RROYF,RROYF,2023-08-26,2023-06-30,,USD
RRR,Red Rock Resorts Inc - Class A,2023-08-07,2023-06-30,0.61,USD
RRTS,RRTS,2023-08-09,2023-06-30,0,USD
RRX,Regal Rexnord Corp,2023-07-31,2023-06-30,2.46,USD
RS,Reliance Steel & Aluminum Company,2023-07-27,2023-06-30,6.62,USD
RSAU,RSAU,2023-08-30,2023-06-30,0,USD
RSCF,RSCF,2023-08-08,2023-06-30,,USD
RSG,Republic Services Inc,2023-08-02,2023-06-30,1.32,USD
RSGUF,RSGUF,2023-08-09,2023-06-30,,USD
RSI,Rush Street Interactive Inc - Class A,2023-08-02,2023-06-30,-0.1,USD
RSKD,Riskified Ltd - Class A,2023-08-08,2023-06-30,-0.03,USD
RSLS,ReShape Lifesciences Inc,2023-08-14,2023-06-30,-1.79,USD
RSMDF,RSMDF,2023-08-03,2023-06-30,0.1675,USD
RSPI,RSPI,2023-08-14,2023-06-30,0,USD
RSRBF,RSRBF,2023-08-28,2023-06-30,,CAD
RSSS,Research Solutions Inc,2023-09-20,2023-06-30,-0.01,USD
RSTN,RSTN,2023-07-17,2023-06-30,,USD
RSVR,Reservoir Media Inc,2023-08-03,2023-06-30,-0.02,USD
RTL,Necessity Retail REIT Inc (The) - Class A,2023-08-01,2023-06-30,,USD
RTMAF,RTMAF,2023-09-20,2023-07-31,,CAD
RTNB,RTNB,2023-08-17,2023-06-30,0,USD
RTO,Rentokil Initial,2023-07-27,2023-06-30,0.07,USD
RTX,Raytheon Technologies Corporation,2023-07-24,2023-06-30,1.18,USD
RUBY,RUBY,2023-08-07,2023-06-30,-0.25,USD
RUM,Rumble Inc - Class A,2023-08-30,2023-06-30,-0.035,USD
RUN,Sunrun Inc,2023-08-01,2023-06-30,-0.22,USD
RUPRF,RUPRF,2023-07-27,2023-05-31,,CAD
RUSHA,Rush Enterprises Inc - Class A,2023-07-24,2023-06-30,1.54,USD
RUSHB,Rush Enterprises Inc - Class B,2023-07-18,2023-06-30,1.52,USD
RUSMF,RUSMF,2023-08-10,2023-06-30,0.85,CAD
RUTH,Ruths Hospitality Group Inc,2023-08-03,2023-06-30,0.29,USD
RVIC,RVIC,2023-07-27,2023-06-30,,USD
RVIV,RVIV,2023-08-23,2023-05-31,,USD
RVLP,RVL Pharmaceuticals plc,2023-08-09,2023-06-30,-0.11,USD
RVLV,Revolve Group Inc - Class A,2023-08-01,2023-06-30,0.07,USD
RVMD,Revolution Medicines Inc,2023-08-07,2023-06-30,-0.81,USD
RVNC,Revance Therapeutics Inc,2023-08-07,2023-06-30,-0.77,USD
RVP,Retractable Technologies Inc,2023-08-14,2023-06-30,,USD
RVPH,Reviva Pharmaceuticals Holdings Inc,2023-08-14,2023-06-30,-0.25,USD
RVRF,RVRF,2023-07-31,2023-06-30,,USD
RVSB,Riverview Bancorp Inc,2023-07-26,2023-06-30,0.13,USD
RVSN,Rail Vision Ltd,2023-09-13,2023-06-30,0,USD
RVTY,Revvity Inc,2023-07-31,2023-06-30,1.19,USD
RVYL,Ryvyl Inc Com New,2023-08-14,2023-06-30,-0.07,USD
RWAY,Runway Growth Finance Corp,2023-08-03,2023-06-30,0.451,USD
RWBYF,RWBYF,2023-08-28,2023-06-30,-0.02,CAD
RWEOY,RWEOY,2023-08-10,2023-06-30,1.22,EUR
RWLK,Rewalk Robotics Ltd,2023-08-07,2023-06-30,-0.07,USD
RWT,Redwood Trust Inc,2023-07-26,2023-06-30,0.12,USD
RXDX,Prometheus Biosciences Inc,2023-08-10,2023-06-30,-0.9516,USD
RXMD,RXMD,2023-08-09,2023-06-30,,USD
RXMDD,RXMDD,2023-08-09,2023-06-30,,USD
RXO,RXO Inc,2023-08-30,2023-06-30,0.11,USD
RXRX,Recursion Pharmaceuticals Inc - Class A,2023-08-07,2023-06-30,-0.37,USD
RXST,RxSight Inc,2023-09-07,2023-06-30,-0.468,USD
RXT,Rackspace Technology Inc,2023-08-07,2023-06-30,-0.08,USD
RY,Royal Bank Of Canada,2023-08-24,2023-07-31,2.1,CAD
RYAAY,Ryanair Holdings Plc,2023-07-24,2023-06-30,1.87,EUR
RYAM,Rayonier Advanced Materials Inc,2023-08-01,2023-06-30,-0.1,USD
RYAN,Ryan Specialty Holdings Inc Class A,2023-08-09,2023-06-30,0.44,USD
RYCEY,RYCEY,2023-08-03,2023-06-30,0.0815,GBP
RYI,Ryerson Holding Corp,2023-08-01,2023-06-30,1.3,USD
RYKKY,RYKKY,2023-07-07,2023-05-31,0.176,JPY
RYN,Rayonier Inc,2023-08-01,2023-06-30,0.09,USD
RYSVF,RYSVF,2023-07-27,2023-06-30,,USD
RYTM,Rhythm Pharmaceuticals Inc,2023-07-31,2023-06-30,-0.81,USD
RZLT,Rezolute Inc,2023-09-13,2023-06-30,-0.35,USD
RZREF,RZREF,2023-08-23,2023-06-30,,CAD
S,SentinelOne Inc - Class A,2023-08-31,2023-07-31,-0.1433,USD
SA,Seabridge Gold Inc,2023-08-10,2023-06-30,-0.05,USD
SABK,SABK,2023-07-25,2023-06-30,0.335,USD
SABR,Sabre Corp,2023-07-31,2023-06-30,-0.23,USD
SABS,SAB Biotherapeutics Inc,2023-08-08,2023-06-30,-0.14,USD
SACH,Sachem Capital Corp,2023-08-02,2023-06-30,0.1,USD
SAFE,Safehold Inc,2023-08-02,2023-06-30,0.35,USD
SAFRY,SAFRY,2023-07-27,2023-06-30,0,EUR
SAFT,Safety Insurance Group Inc,2023-08-01,2023-06-30,1.2,USD
SAGE,Sage Therapeutics Inc,2023-07-31,2023-06-30,-2.57,USD
SAH,Sonic Automotive Inc - Class A,2023-07-26,2023-06-30,1.59,USD
SAIA,Saia Inc,2023-07-25,2023-06-30,3.25,USD
SAIC,Science Applications International Corp,2023-08-30,2023-07-31,1.62,USD
SAL,Salisbury Bancorp Inc,2023-07-18,2023-06-30,0.72,USD
SALM,Salem Media Group Inc - Class A,2023-08-02,2023-06-30,-0.15,USD
SAM,Boston Beer Co. Inc - Class A,2023-07-19,2023-06-30,3.44,USD
SAMG,Silvercrest Asset Management Group Inc - Class A,2023-07-26,2023-06-30,0.38,USD
SAN,Banco Santander S.A.,2023-07-26,2023-06-30,0.1651,EUR
SANA,Sana Biotechnology Inc,2023-08-02,2023-06-30,-0.43,USD
SAND,Sandstorm Gold Ltd,2023-08-09,2023-06-30,0.02,USD
SANM,Sanmina Corp,2023-07-31,2023-06-30,1.53,USD
SAP,Sap SE,2023-07-20,2023-06-30,1.27,EUR
SAPIF,SAPIF,2023-08-02,2023-06-30,0.28,CAD
SAPX,SAPX,2023-08-30,2023-06-30,0,USD
SAR,Saratoga Investment Corp,2023-07-04,2023-05-31,0.85,USD
SASI,Sigma Additive Solutions Inc,2023-08-03,2023-06-30,-0.09,USD
SASOF,SASOF,2023-08-21,2023-06-30,,USD
SASR,Sandy Spring Bancorp,2023-07-19,2023-06-30,0.68,USD
SATS,EchoStar Corp - Class A,2023-08-02,2023-06-30,0.2,USD
SAUHY,SAUHY,2023-08-15,2023-06-30,0,CHF
SAVA,Cassava Sciences Inc,2023-08-01,2023-06-30,-0.59,USD
SAVE,Spirit Airlines Inc,2023-08-07,2023-06-30,0.33,USD
SAWLF,SAWLF,2023-08-09,2023-06-30,,CAD
SAXPY,SAXPY,2023-08-09,2023-06-30,0.3452,EUR
SB,Safe Bulkers Inc,2023-07-25,2023-06-30,0.15,USD
SBAC,SBA Communications Corp - Class A,2023-07-31,2023-06-30,1.21,USD
SBCF,Seacoast Banking Corp Of Florida,2023-07-26,2023-06-30,0.52,USD
SBET,SharpLink Gaming Ltd,2023-08-30,2023-06-30,0,USD
SBEV,Splash Beverage Group Inc,2023-08-14,2023-06-30,-0.11,USD
SBFFF,SBFFF,2023-08-10,2023-06-30,0,USD
SBFFY,SBFFY,2023-08-10,2023-06-30,0,USD
SBFG,SB Financial Group Inc,2023-07-24,2023-06-30,0.38,USD
SBFM,Sunshine Biopharma Inc,2023-08-02,2023-06-30,,USD
SBGI,Sinclair Inc - Class A,2023-08-02,2023-06-30,-0.63,USD
SBGSY,SBGSY,2023-07-27,2023-06-30,0,EUR
SBH,Sally Beauty Holdings Inc,2023-08-02,2023-06-30,0.49,USD
SBIG,SpringBig Holdings Inc,2023-08-14,2023-06-30,-0.0433,USD
SBLK,Star Bulk Carriers Corp,2023-08-02,2023-06-30,0.5,USD
SBNY,SBNY,2023-07-17,2023-06-30,3.56,USD
SBOW,SilverBow Resources Inc,2023-08-01,2023-06-30,1.77,USD
SBR,Sabine Royalty Trust,2023-08-07,2023-06-30,0,USD
SBRA,Sabra Healthcare REIT Inc,2023-08-01,2023-06-30,0.1,USD
SBS,Companhia de Saneamento Basico do Estado de Sao Paulo.,2023-08-10,2023-06-30,0.2577,USD
SBSAA,SBSAA,2023-08-14,2023-06-30,,USD
SBSI,Southside Bancshares Inc,2023-07-24,2023-06-30,0.7,USD
SBSW,Sibanye Stillwater Ltd,2023-08-29,2023-06-30,0.35,ZAR
SBT,Sterling Bancorp Inc,2023-08-14,2023-06-30,0.03,USD
SBUX,Starbucks Corp,2023-08-01,2023-06-30,0.95,USD
SBWFF,SBWFF,2023-09-18,2023-07-31,,CAD
SCBFF,SCBFF,2023-07-28,2023-06-30,0.3321,USD
SCCAF,SCCAF,2023-07-26,2023-06-30,,CAD
SCCO,Southern Copper Corporation,2023-07-25,2023-06-30,0.89,USD
SCEYF,SCEYF,2023-07-25,2023-06-30,,CAD
SCGLY,SCGLY,2023-08-03,2023-06-30,0.2213,EUR
SCHL,Scholastic Corp,2023-07-19,2023-05-31,1.7,USD
SCHL,Scholastic Corp,2023-09-20,2023-08-31,,USD
SCHN,Schnitzer Steel Industries Inc - Class A,2023-06-27,2023-05-31,0.64,USD
SCHW,Charles Schwab Corp,2023-07-17,2023-06-30,0.75,USD
SCI,Service Corp International,2023-07-31,2023-06-30,0.82,USD
SCIA,SCIA,2023-07-27,2023-06-30,,USD
SCIE,SCIE,2023-08-30,2023-06-30,0,USD
SCKT,Socket Mobile Inc,2023-07-26,2023-06-30,-0.11,USD
SCL,Stepan Company,2023-07-25,2023-06-30,1.25,USD
SCM,Stellus Capital Investment Corp,2023-08-01,2023-06-30,0.47,USD
SCMWY,SCMWY,2023-08-03,2023-06-30,0.9021,CHF
SCOR,Comscore Inc,2023-08-07,2023-06-30,-0.08,USD
SCPH,scPharmaceuticals Inc,2023-08-07,2023-06-30,-0.35,USD
SCPL,Sciplay Corp - Class A,2023-08-07,2023-06-30,0.25,USD
SCPS,SCPS,2023-08-30,2023-06-30,0,USD
SCRCQ,SCRCQ,2023-08-30,2023-06-30,0,USD
SCRYY,SCRYY,2023-07-27,2023-06-30,0.1013,EUR
SCS,Steelcase Inc - Class A,2023-09-19,2023-08-31,0.2133,USD
SCSC,Scansource Inc,2023-08-21,2023-06-30,0.71,USD
SCTL,Societal CDMO Inc,2023-08-08,2023-06-30,-0.03,USD
SCTY,SCTY,2023-08-10,2023-06-30,0,USD
SCU,Sculptor Capital Management Inc - Class A,2023-08-01,2023-06-30,0.25,USD
SCUPF,SCUPF,2023-08-08,2023-06-30,,CAD
SCVL,Shoe Carnival Inc,2023-08-23,2023-05-31,,USD
SCVL,Shoe Carnival Inc,2023-08-23,2023-07-31,0.89,USD
SCWX,SecureWorks Corp - Class A,2023-08-30,2023-07-31,-0.15,USD
SCX,L.S. Starrett Co. - Class A,2023-08-23,2023-06-30,,USD
SCYX,Scynexis Inc,2023-08-14,2023-06-30,1.44,USD
SCZC,SCZC,2023-07-19,2023-06-30,,USD
SD,Sandridge Energy Inc New,2023-08-01,2023-06-30,,USD
SDC,Smiledirectclub Inc - Class A,2023-08-07,2023-06-30,-0.11,USD
SDGR,Schrodinger Inc,2023-08-02,2023-06-30,-0.51,USD
SDIG,Stronghold Digital Mining Inc - Class A,2023-08-14,2023-06-30,-2.21,USD
SDPI,Superior Drilling Products Inc,2023-08-10,2023-06-30,0.03,USD
SDRL,Seadrill Ltd,2023-08-15,2023-06-30,0.8111,USD
SDVKY,SDVKY,2023-07-19,2023-06-30,0.2969,SEK
SDXAY,SDXAY,2023-06-30,2023-05-31,0,EUR
SE,Sea Ltd,2023-08-14,2023-06-30,0.43,USD
SEAC,Seachange International Inc,2023-09-11,2023-07-31,-0.55,USD
SEAS,SeaWorld Entertainment Inc,2023-08-02,2023-06-30,1.8,USD
SEAT,Vivid Seats Inc - Class A,2023-08-08,2023-06-30,0.0661,USD
SEB,Seaboard Corp,2023-07-31,2023-06-30,,USD
SEBFF,SEBFF,2023-07-31,2023-05-31,,USD
SECO,Secoo Holding Ltd,2023-06-23,2023-03-31,,CNY
SECUF,SECUF,2023-08-14,2023-06-30,,CAD
SECYF,SECYF,2023-07-27,2023-06-30,,CAD
SEDG,Solaredge Technologies Inc,2023-07-31,2023-06-30,2.51,USD
SEE,Sealed Air Corp,2023-07-31,2023-06-30,0.72,USD
SEEL,Seelos Therapeutics Inc,2023-08-03,2023-06-30,-0.09,USD
SEER,Seer Inc - Class A,2023-08-07,2023-06-30,-0.39,USD
SEGI,SEGI,2023-08-08,2023-06-30,0,USD
SEIC,SEI Investments Company,2023-07-18,2023-06-30,0.84,USD
SEII,SEII,2023-08-18,2023-06-30,,USD
SEKEY,SEKEY,2023-07-28,2023-06-30,0.1542,JPY
SELB,Selecta Biosciences Inc,2023-08-02,2023-06-30,-0.08,USD
SELF,Global Self Storage Inc,2023-08-08,2023-06-30,0.05,USD
SEM,Select Medical Holdings Corporation,2023-08-02,2023-06-30,0.48,USD
SEMR,SEMrush Holdings Inc - Class A,2023-08-08,2023-06-30,-0.01,USD
SENEA,Seneca Foods Corp - Class A,2023-08-09,2023-06-30,,USD
SENEB,Seneca Foods Corp - Class B,2023-08-09,2023-06-30,0,USD
SENR,SENR,2023-08-15,2023-06-30,,USD
SENS,Senseonics Holdings Inc,2023-08-07,2023-06-30,-0.03,USD
SEOAY,SEOAY,2023-07-21,2023-06-30,0.1499,EUR
SEPOF,SEPOF,2023-08-23,2023-06-30,,CAD
SERA,Sera Prognostics Inc Class A,2023-08-28,2023-06-30,-0.3655,USD
SES,SES AI Corporation - Class A,2023-08-08,2023-06-30,-0.0851,USD
SESN,SESN,2023-08-07,2023-06-30,,USD
SEVN,Seven Hills Realty Trust .,2023-07-25,2023-06-30,0.34,USD
SEYE,SEYE,2023-09-14,2023-07-31,0,USD
SF,Stifel Financial Corp,2023-07-25,2023-06-30,1.48,USD
SFBC,Sound Financial Bancorp Inc,2023-07-24,2023-06-30,,USD
SFBS,ServisFirst Bancshares Inc,2023-07-17,2023-06-30,0.94,USD
SFDL,SFDL,2023-07-27,2023-06-30,,USD
SFE,Safeguard Scientifics Inc,2023-08-09,2023-06-30,,USD
SFIX,Stitch Fix Inc - Class A,2023-08-28,2023-07-31,-0.21,USD
SFL,SFL Corporation Ltd,2023-08-15,2023-06-30,0.12,USD
SFM,Sprouts Farmers Market Inc,2023-08-01,2023-06-30,0.63,USD
SFNC,Simmons First National Corp - Class A,2023-07-19,2023-06-30,0.42,USD
SFST,Southern First Bancshares Inc,2023-07-24,2023-06-30,0.37,USD
SFT,Shift Technologies Inc - Class A,2023-08-07,2023-06-30,-2.16,USD
SFTBF,SFTBF,2023-08-07,2023-06-30,0.71,JPY
SFTBY,SFTBY,2023-08-07,2023-06-30,0,JPY
SG,Sweetgreen Inc - Class A,2023-08-10,2023-06-30,-0.17,USD
SGA,Saga Communications Inc - Class A,2023-08-03,2023-06-30,0.48,USD
SGAMY,SGAMY,2023-08-03,2023-06-30,0,JPY
SGAPY,SGAPY,2023-08-09,2023-06-30,0.2955,SGD
SGBX,Safe & Green Holdings Corp,2023-08-14,2023-06-30,-0.23,USD
SGC,Superior Group of Companies Inc.,2023-08-07,2023-06-30,0.1,USD
SGCFF,SGCFF,2023-08-10,2023-06-30,,USD
SGEN,Seagen Inc,2023-07-26,2023-06-30,-0.8,USD
SGFY,SGFY,2023-08-01,2023-06-30,,USD
SGH,SMART Global Holdings Inc,2023-06-29,2023-05-31,0.4,USD
SGHC,Super Group (SGHC) Ltd,2023-08-10,2023-06-30,0.0205,EUR
SGHIY,SGHIY,2023-08-29,2023-06-30,0,HKD
SGHT,Sight Sciences Inc,2023-08-10,2023-06-30,-0.3445,USD
SGIOY,SGIOY,2023-07-31,2023-06-30,0.4359,USD
SGLY,Singularity Future Technology Ltd,2023-08-30,2023-06-30,0,USD
SGMA,Sigmatron International Inc,2023-09-11,2023-07-31,,USD
SGML,Sigma Lithium Corporation,2023-08-17,2023-06-30,0.83,CAD
SGMO,Sangamo Therapeutics Inc,2023-08-02,2023-06-30,-0.34,USD
SGNLF,SGNLF,2023-08-02,2023-06-30,,CAD
SGPYY,SGPYY,2023-07-27,2023-06-30,0,USD
SGQRF,SGQRF,2023-08-10,2023-06-30,,USD
SGRP,Spar Group Inc,2023-08-14,2023-06-30,0.04,USD
SGRY,Surgery Partners Inc,2023-07-31,2023-06-30,0.08,USD
SGSOY,SGSOY,2023-07-24,2023-06-30,0.4662,CHF
SGSVF,SGSVF,2023-08-14,2023-06-30,,CAD
SGTSY,SGTSY,2023-07-21,2023-06-30,0,EUR
SGTX,Sigilon Therapeutics Inc,2023-08-02,2023-06-30,-2.99,USD
SGU,Star Group L.P.,2023-08-01,2023-06-30,,USD
SHAK,Shake Shack Inc - Class A,2023-08-02,2023-06-30,0.1,USD
SHASF,SHASF,2023-08-07,2023-06-30,,USD
SHBI,Shore Bancshares Inc,2023-07-26,2023-06-30,0.38,USD
SHC,Sotera Health Company,2023-08-02,2023-06-30,0.17,USD
SHCAY,SHCAY,2023-08-03,2023-06-30,-0.0189,JPY
SHCO,Soho House & Co Inc Class A,2023-08-15,2023-06-30,-0.12,USD
SHCR,Sharecare Inc - Class A,2023-08-08,2023-06-30,-0.09,USD
SHEL,Shell Plc ADR (Representing - ),2023-07-27,2023-06-30,1.86,USD
SHEN,Shenandoah Telecommunications Company,2023-08-01,2023-06-30,-0.03,USD
SHERF,SHERF,2023-07-25,2023-06-30,,CAD
SHG,Shinhan Financial Group Co. Ltd,2023-07-27,2023-06-30,1.82,USD
SHGDF,SHGDF,2023-08-10,2023-06-30,,CAD
SHIP,Seanergy Maritime Holdings Corp,2023-08-02,2023-06-30,-0.0156,USD
SHLS,Shoals Technologies Group Inc - Class A,2023-08-14,2023-06-30,0.13,USD
SHMP,SHMP,2023-08-30,2023-06-30,0,USD
SHO,Sunstone Hotel Investors Inc,2023-08-01,2023-06-30,0.14,USD
SHOO,Steven Madden Ltd,2023-07-25,2023-06-30,0.46,USD
SHOP,Shopify Inc - Class A,2023-07-25,2023-06-30,0.06,USD
SHPW,Shapeways Holdings Inc,2023-08-07,2023-06-30,-0.14,USD
SHW,Sherwin-Williams Company,2023-07-25,2023-06-30,2.66,USD
SHWZ,SHWZ,2023-08-09,2023-06-30,-0.06,USD
SHYF,Shyft Group Inc (The),2023-07-26,2023-06-30,0.21,USD
SI,SI,2023-07-17,2023-06-30,0.15,USD
SIBN,SI-BONE Inc,2023-08-07,2023-06-30,-0.4,USD
SICP,SICP,2023-07-17,2023-06-30,0.1267,USD
SID,Companhia Siderurgica Nacional,2023-08-02,2023-06-30,0.1234,USD
SIDU,Sidus Space Inc - Class A,2023-08-11,2023-06-30,-0.08,USD
SIEB,Siebert Financial Corp,2023-08-14,2023-06-30,,USD
SIEGY,SIEGY,2023-08-10,2023-06-30,1.28,EUR
SIEN,Sientra Inc,2023-08-09,2023-06-30,-0.86,USD
SIF,SIFCO Industries Inc,2023-08-14,2023-06-30,,USD
SIFY,Sify Technologies Ltd,2023-07-20,2023-06-30,1.64,INR
SIGA,SIGA Technologies Inc,2023-08-02,2023-06-30,,USD
SIGI,Selective Insurance Group Inc,2023-08-01,2023-06-30,1.53,USD
SIGL,SIGL,2023-07-20,2023-06-30,,USD
SII,Sprott Inc,2023-07-31,2023-06-30,0.35,USD
SILC,Silicom Ltd,2023-07-26,2023-06-30,0.66,USD
SILK,Silk Road Medical Inc,2023-07-24,2023-06-30,-0.39,USD
SILV,SilverCrest Metals Inc,2023-08-09,2023-06-30,0.14,USD
SIM,Grupo Simec S.A.B. de C.V.,2023-08-01,2023-06-30,0.5279,MXN
SIMO,Silicon Motion Technology Corp,2023-07-05,2023-06-30,0.46,USD
SIMPQ,SIMPQ,2023-08-16,2023-07-31,0,USD
SING,SING,2023-08-14,2023-06-30,,USD
SINT,SINTX Technologies Inc,2023-08-10,2023-06-30,-0.79,USD
SIOX,Sio Gene Therapies Inc,2023-06-23,2023-03-31,-0.1428,USD
SIOX,Sio Gene Therapies Inc,2023-08-09,2023-06-30,-0.06,USD
SIRE,Sisecam Resources LP,2023-07-27,2023-06-30,,USD
SIRI,Sirius XM Holdings Inc,2023-07-26,2023-06-30,0.07,USD
SISXF,SISXF,2023-08-08,2023-06-30,,CAD
SITC,SITE Centers Corp,2023-07-26,2023-06-30,0.03,USD
SITE,SiteOne Landscape Supply Inc,2023-08-01,2023-06-30,2.63,USD
SITKF,SITKF,2023-08-21,2023-06-30,,CAD
SITM,SiTime Corp,2023-08-01,2023-06-30,-0.29,USD
SITOQ,SITOQ,2023-09-08,2023-06-30,0,USD
SIVB,SIVB,2023-07-20,2023-06-30,,USD
SIVBQ,SIVBQ,2023-07-20,2023-06-30,3.72,USD
SIX,Six Flags Entertainment Corp,2023-08-09,2023-06-30,0.86,USD
SJ,Scienjoy Holding Corporation - Class A,2023-09-13,2023-06-30,,CNY
SJI,SJI,2023-08-01,2023-06-30,,USD
SJM,J.M. Smucker Company,2023-08-29,2023-07-31,2.05,USD
SJR,SJR,2023-06-28,2023-05-31,0.384,CAD
SJT,San Juan Basin Royalty Trust,2023-08-14,2023-06-30,,USD
SJW,SJW Group,2023-07-25,2023-06-30,0.53,USD
SKFRY,SKFRY,2023-07-19,2023-06-30,0.4413,SEK
SKHHY,SKHHY,2023-08-17,2023-06-30,0.4805,USD
SKHSY,SKHSY,2023-09-07,2023-07-31,0.514,JPY
SKIL,Skillsoft Corp - Class A,2023-09-05,2023-06-30,-0.19,USD
SKIN,Beauty Health Company (The) - Class A,2023-08-07,2023-06-30,0.06,USD
SKKY,SKKY,2023-09-11,2023-07-31,,USD
SKLZ,Skillz Inc - Class A,2023-08-01,2023-06-30,-0.06,USD
SKM,SK Telecom Co Ltd,2023-08-10,2023-06-30,0.546,KRW
SKT,Tanger Factory Outlet Centers Inc,2023-08-03,2023-06-30,0.16,USD
SKWD,Skyward Specialty Insurance Group Inc,2023-08-30,2023-06-30,0.43,USD
SKX,Skechers U S A Inc - Class A,2023-07-24,2023-06-30,0.52,USD
SKY,Skyline Champion Corp,2023-07-31,2023-06-30,0.85,USD
SKYE,SKYE,2023-08-30,2023-06-30,0,USD
SKYH,Sky Harbour Group Corporation - Class A,2023-08-09,2023-05-31,,USD
SKYT,SkyWater Technology Inc,2023-08-14,2023-06-30,-0.11,USD
SKYW,Skywest Inc,2023-07-26,2023-06-30,-0.45,USD
SKYX,SKYX Platforms Corp,2023-08-11,2023-06-30,0,USD
SLAB,Silicon Laboratories Inc,2023-07-25,2023-06-30,1.03,USD
SLB,SLB,2023-07-20,2023-06-30,0.71,USD
SLBK,SLBK,2023-08-07,2023-06-30,,USD
SLCA,U.S. Silica Holdings Inc,2023-07-27,2023-06-30,0.63,USD
SLDB,Solid Biosciences Inc,2023-08-09,2023-06-30,-1.52,USD
SLDP,Solid Power Inc - Class A,2023-08-07,2023-06-30,-0.11,USD
SLF,Sun Life Financial Inc,2023-08-08,2023-06-30,1.18,USD
SLG,SL Green Realty Corp,2023-07-19,2023-06-30,-0.74,USD
SLGC,SomaLogic Inc - Class A,2023-08-14,2023-06-30,-0.16,USD
SLGD,SLGD,2023-08-10,2023-06-30,,USD
SLGG,Super League Gaming Inc,2023-08-09,2023-06-30,-0.17,USD
SLGL,Sol-Gel Technologies Ltd,2023-08-02,2023-06-30,-0.28,USD
SLGN,Silgan Holdings Inc,2023-07-25,2023-06-30,0.9,USD
SLGWF,SLGWF,2023-08-23,2023-06-30,,CAD
SLM,SLM Corp,2023-07-25,2023-06-30,1.13,USD
SLMFF,SLMFF,2023-08-28,2023-05-31,,USD
SLN,Silence Therapeutics Plc,2023-09-13,2023-06-30,-0.1397,GBP
SLNA,Selina Hospitality PLC.,2023-08-30,2023-06-30,-0.32,USD
SLNFF,SLNFF,2023-09-11,2023-07-31,,CAD
SLNG,Stabilis Solutions Inc,2023-08-08,2023-06-30,-0.01,USD
SLNH,Soluna Holdings Inc,2023-08-08,2023-06-30,0,USD
SLNO,Soleno Therapeutics Inc,2023-08-08,2023-06-30,-0.8,USD
SLP,Simulations Plus Inc,2023-07-04,2023-05-31,0.2,USD
SLQT,SelectQuote Inc,2023-08-28,2023-06-30,-0.29,USD
SLRC,SLR Investment Corp,2023-07-31,2023-06-30,0.41,USD
SLRN,Acelyrin Inc,2023-08-30,2023-06-30,-0.77,USD
SLRX,Salarius Pharmaceuticals Inc,2023-08-03,2023-06-30,-1.3,USD
SLS,SELLAS Life Sciences Group Inc,2023-08-09,2023-06-30,-0.35,USD
SLSDF,SLSDF,2023-08-22,2023-06-30,,USD
SLSSF,SLSSF,2023-08-08,2023-06-30,,USD
SLTTF,SLTTF,2023-08-01,2023-06-30,,CAD
SLVM,Sylvamo Corp,2023-08-11,2023-06-30,1.08,USD
SLVRF,SLVRF,2023-08-14,2023-06-30,,CAD
SM,SM Energy Company,2023-08-01,2023-06-30,1.16,USD
SMAGF,SMAGF,2023-09-05,2023-06-30,,USD
SMAR,Smartsheet Inc - Class A,2023-08-30,2023-07-31,0.07,USD
SMBC,Southern Missouri Bancorp Inc,2023-07-24,2023-06-30,1.1,USD
SMBK,SmartFinancial Inc,2023-07-24,2023-06-30,0.56,USD
SMCI,Super Micro Computer Inc,2023-08-07,2023-06-30,2.45,USD
SMFG,Sumitomo Mitsui Financial Group Inc,2023-07-31,2023-06-30,0.1927,JPY
SMFL,Smart for Life Inc,2023-08-14,2023-06-30,0.01,USD
SMFR,SMFR,2023-08-14,2023-06-30,,USD
SMG,Scotts Miracle-Gro Company - Class A,2023-08-02,2023-06-30,1.5,USD
SMGI,SMGI,2023-08-15,2023-06-30,,USD
SMHI,SEACOR Marine Holdings Inc,2023-08-01,2023-06-30,,USD
SMID,Smith-Midland Corp,2023-08-11,2023-06-30,,USD
SMIT,SMIT,2023-08-02,2023-05-31,0,USD
SMLP,Summit Midstream Partners LP,2023-08-02,2023-06-30,0.08,USD
SMLR,Semler Scientific Inc,2023-07-31,2023-06-30,0.56,USD
SMMCF,SMMCF,2023-08-07,2023-06-30,,CAD
SMMF,Summit Financial Group Inc,2023-07-26,2023-06-30,0.78,USD
SMMNY,SMMNY,2023-08-02,2023-06-30,0.2578,EUR
SMMT,Summit Therapeutics Inc,2023-08-09,2023-07-31,,USD
SMP,Standard Motor Products Inc,2023-08-01,2023-06-30,0.98,USD
SMPL,Simply Good Foods Company,2023-06-29,2023-05-31,0.41,USD
SMR,NuScale Power Corporation - Class A,2023-08-10,2023-06-30,-0.0836,USD
SMRT,SmartRent Inc - Class A,2023-08-11,2023-06-30,-0.05,USD
SMSI,Smith Micro Software Inc,2023-08-09,2023-06-30,-0.01,USD
SMSMY,SMSMY,2023-08-25,2023-06-30,0,AUD
SMTC,Semtech Corp,2023-08-29,2023-07-31,0.03,USD
SMTI,Sanara MedTech Inc,2023-08-14,2023-06-30,-0.13,USD
SMTOY,SMTOY,2023-08-01,2023-06-30,0.1898,USD
SMTS,SMTS,2023-08-09,2023-06-30,,USD
SMTSF,SMTSF,2023-08-09,2023-06-30,-0.02,USD
SMURF,SMURF,2023-08-14,2023-06-30,,USD
SMWB,Similarweb Ltd,2023-08-07,2023-06-30,-0.07,USD
SNA,Snap-on Inc,2023-07-19,2023-06-30,4.53,USD
SNAL,Snail Inc - Class A,2023-08-30,2023-06-30,0.07,USD
SNAP,Snap Inc - Class A,2023-07-19,2023-06-30,-0.04,USD
SNAX,Stryve Foods Inc - Class A,2023-08-14,2023-06-30,-0.12,USD
SNBR,Sleep Number Corp,2023-07-25,2023-06-30,-0.07,USD
SNCAF,SNCAF,2023-08-02,2023-06-30,0.23,CAD
SNCE,Science 37 Holdings Inc,2023-08-09,2023-06-30,-0.12,USD
SNCR,Synchronoss Technologies Inc,2023-08-07,2023-06-30,-0.03,USD
SNCY,Sun Country Airlines Holdings Inc,2023-08-07,2023-06-30,0.39,USD
SND,Smart Sand Inc,2023-08-07,2023-06-30,0.04,USD
SNDA,Sonida Senior Living Inc,2023-08-10,2023-06-30,-1.76,USD
SNDL,SNDL Inc,2023-08-10,2023-06-30,-0.005,CAD
SNDR,Schneider National Inc - Class B,2023-07-26,2023-06-30,0.46,USD
SNDX,Syndax Pharmaceuticals Inc,2023-08-07,2023-06-30,-0.73,USD
SNES,SenesTech Inc,2023-08-09,2023-06-30,-0.78,USD
SNEX,StoneX Group Inc,2023-08-01,2023-06-30,2.27,USD
SNFCA,Security National Financial Corp - Class A,2023-08-14,2023-06-30,,USD
SNGX,Soligenix Inc,2023-08-10,2023-06-30,-0.49,USD
SNMP,SNMP,2023-08-08,2023-06-30,,USD
SNMSF,SNMSF,2023-07-25,2023-06-30,0.4075,USD
SNN,Smith & Nephew plc,2023-08-03,2023-06-30,0.81,USD
SNNF,SNNF,2023-08-10,2023-06-30,,USD
SNOA,Sonoma Pharmaceuticals Inc,2023-08-09,2023-06-30,,USD
SNOW,Snowflake Inc - Class A,2023-08-22,2023-07-31,0.1,USD
SNPO,Snap One Holdings Corp,2023-08-09,2023-06-30,0.13,USD
SNPS,Synopsys Inc,2023-08-15,2023-07-31,2.74,USD
SNPW,SNPW,2023-08-14,2023-06-30,,USD
SNPX,Synaptogenix Inc,2023-08-04,2023-06-30,-0.34,USD
SNRG,SNRG,2023-08-22,2023-06-30,,USD
SNSE,Sensei Biotherapeutics Inc,2023-08-07,2023-06-30,-0.33,USD
SNSGF,SNSGF,2023-07-28,2023-05-31,0,USD
SNT,Senstar Technologies Ltd,2023-09-20,2023-06-30,,USD
SNTI,Senti Biosciences Inc,2023-08-04,2023-06-30,-0.48,USD
SNTW,SNTW,2023-08-14,2023-07-31,,USD
SNV,Synovus Financial Corp,2023-07-20,2023-06-30,1.17,USD
SNVVF,SNVVF,2023-08-08,2023-06-30,,CAD
SNWV,SNWV,2023-08-14,2023-06-30,,USD
SNX,TD Synnex Corp,2023-06-27,2023-05-31,2.55,USD
SNY,Sanofi,2023-07-28,2023-06-30,0.889,EUR
SO,Southern Company,2023-07-26,2023-06-30,0.81,USD
SOBR,Sobr Safe Inc,2023-08-30,2023-06-30,-0.17,USD
SODI,SODI,2023-07-12,2023-05-31,,USD
SOFI,SoFi Technologies Inc,2023-07-31,2023-06-30,-0.06,USD
SOFO,Sonic Foundry Inc,2023-08-09,2023-06-30,-0.34,USD
SOHO,Sotherly Hotels Inc,2023-08-09,2023-06-30,,USD
SOHU,Sohu.com Ltd,2023-08-07,2023-06-30,-0.58,USD
SOI,Solaris Oilfield Infrastructure Inc - Class A,2023-07-31,2023-06-30,0.24,USD
SOL,Emeren Group Ltd,2023-09-05,2023-06-30,0.105,USD
SOLCF,SOLCF,2023-07-27,2023-06-30,,CAD
SOLO,Electrameccanica Vehicles Corp,2023-08-09,2023-06-30,-0.13,USD
SOMC,SOMC,2023-07-25,2023-06-30,,USD
SOMLY,SOMLY,2023-08-10,2023-06-30,0,JPY
SON,Sonoco Products Company,2023-07-19,2023-06-30,1.5,USD
SOND,Sonder Holdings Inc - Class A,2023-08-08,2023-06-30,-0.18,USD
SONM,Sonim Technologies Inc,2023-08-10,2023-06-30,,USD
SONN,Sonnet BioTherapeutics Holdings Inc,2023-08-14,2023-06-30,-0.31,USD
SONO,Sonos Inc,2023-08-08,2023-06-30,-0.2,USD
SONVY,SONVY,2023-08-30,2023-06-30,0,CHF
SONX,Sonendo Inc,2023-08-10,2023-06-30,-0.15,USD
SONY,Sony Group Corporation,2023-07-31,2023-06-30,1.02,JPY
SOPA,Society Pass Inc,2023-08-03,2023-06-30,-0.21,USD
SOPH,SOPHiA Genetics SA,2023-09-07,2023-06-30,-0.2945,USD
SOS,SOS Ltd,2023-08-17,2023-06-30,0,USD
SOTK,Sono-Tek Corp,2023-07-13,2023-05-31,0.03,USD
SOUN,SoundHound AI Inc - Class A,2023-08-09,2023-06-30,-0.08,USD
SOVO,Sovos Brands Inc,2023-08-02,2023-06-30,0.1292,USD
SOWG,SOWG,2023-08-11,2023-06-30,0,USD
SOYO,SOYO,2023-08-17,2023-06-30,0,USD
SP,SP Plus Corp,2023-08-01,2023-06-30,0.68,USD
SPB,Spectrum Brands Holdings Inc,2023-08-10,2023-06-30,0.44,USD
SPCB,SuperCom Ltd,2023-08-07,2023-06-30,-0.55,USD
SPCE,Virgin Galactic Holdings Inc - Class A,2023-08-02,2023-06-30,-0.52,USD
SPDC,SPDC,2023-08-07,2023-06-30,0,USD
SPFI,South Plains Financial Inc,2023-07-20,2023-06-30,0.63,USD
SPG,Simon Property Group Inc,2023-07-31,2023-06-30,1.61,USD
SPGI,S&P Global Inc,2023-07-31,2023-06-30,3.09,USD
SPGYF,SPGYF,2023-07-26,2023-06-30,,CAD
SPH,Suburban Propane Partners LP,2023-08-02,2023-06-30,-0.08,USD
SPHR,Sphere Entertainment Co - Class A,2023-08-17,2023-06-30,-1.42,USD
SPHRY,SPHRY,2023-08-23,2023-06-30,0,AUD
SPIR,Spire Global Inc - Class A,2023-08-08,2023-06-30,-0.1,USD
SPKKY,SPKKY,2023-08-18,2023-06-30,0,NZD
SPLIF,SPLIF,2023-07-04,2023-04-30,,USD
SPLK,Splunk Inc,2023-08-22,2023-07-31,0.45,USD
SPLP,Steel Partners Holdings LP,2023-08-03,2023-06-30,,USD
SPMYY,SPMYY,2023-08-02,2023-06-30,0,USD
SPNE,SPNE,2023-07-31,2023-06-30,,USD
SPNS,Sapiens International Corp NV,2023-08-01,2023-06-30,0.32,USD
SPNT,SiriusPoint Ltd,2023-08-01,2023-06-30,0.25,USD
SPOK,Spok Holdings Inc,2023-07-25,2023-06-30,0.23,USD
SPOT,Spotify Technology S.A.,2023-07-25,2023-06-30,-0.71,EUR
SPPI,Spectrum Pharmaceuticals Inc,2023-08-09,2023-06-30,-0.03,USD
SPPJY,SPPJY,2023-08-03,2023-06-30,0.0147,USD
SPR,Spirit Aerosystems Holdings Inc - Class A,2023-08-01,2023-06-30,-0.57,USD
SPRB,Spruce Biosciences Inc,2023-08-08,2023-06-30,-0.39,USD
SPRO,Spero Therapeutics Inc,2023-08-08,2023-06-30,-0.37,USD
SPRS,SPRS,2023-07-13,2023-05-31,,USD
SPRU,Spruce Power Holding Corporation - Class A,2023-08-07,2023-06-30,-0.2073,USD
SPRY,ARS Pharmaceuticals Inc,2023-08-09,2023-06-30,-0.17,USD
SPSC,SPS Commerce Inc,2023-07-25,2023-06-30,0.63,USD
SPT,Sprout Social Inc Class A,2023-07-31,2023-06-30,-0.02,USD
SPTN,SpartanNash Company,2023-08-16,2023-06-30,0.66,USD
SPVNF,SPVNF,2023-08-28,2023-06-30,,USD
SPWH,Sportsman`s Warehouse Holdings Inc,2023-08-30,2023-07-31,0.08,USD
SPWR,Sunpower Corp,2023-07-31,2023-06-30,0.06,USD
SPXC,SPX Technologies Inc,2023-08-03,2023-06-30,0.8356,USD
SQ,Block Inc - Class A,2023-08-02,2023-06-30,0.36,USD
SQFT,Presidio Property Trust Inc - Class A,2023-08-09,2023-06-30,0,USD
SQIDF,SQIDF,2023-08-28,2023-06-30,,CAD
SQL,SeqLL Inc,2023-08-30,2023-06-30,-0.13,USD
SQM,Sociedad Quimica Y Minera de Chile S.A.,2023-08-17,2023-06-30,2.82,USD
SQNS,Sequans Communications S.A,2023-07-31,2023-06-30,-0.12,USD
SQSP,Squarespace Inc - Class A,2023-07-25,2023-06-30,0.12,USD
SQZ,SQZ Biotechnologies Company,2023-08-02,2023-06-30,-0.6,USD
SR,Spire Inc,2023-08-02,2023-06-30,0.01,USD
SRAX,SRAX Inc - Class A,2023-08-15,2023-06-30,0.0414,USD
SRBCF,SRBCF,2023-06-26,2023-04-30,,CAD
SRBIF,SRBIF,2023-08-17,2023-06-30,0,USD
SRC,Spirit Realty Capital Inc,2023-08-01,2023-06-30,0.36,USD
SRCE,1st Source Corp,2023-07-20,2023-06-30,1.15,USD
SRCGF,SRCGF,2023-08-28,2023-07-31,,CAD
SRCL,Stericycle Inc,2023-08-03,2023-06-30,0.49,USD
SRDX,Surmodics Inc,2023-07-25,2023-06-30,-0.49,USD
SRE,Sempra Energy,2023-08-02,2023-06-30,1.86,USD
SRG,Seritage Growth Properties - Class A,2023-08-07,2023-06-30,,USD
SRGA,Surgalign Holdings Inc,2023-08-07,2023-06-30,-1.74,USD
SRGXF,SRGXF,2023-07-24,2023-06-30,,USD
SRI,Stoneridge Inc,2023-08-01,2023-06-30,-0.11,USD
SRL,Scully Royalty Ltd,2023-08-14,2023-06-30,0,CAD
SRLZF,SRLZF,2023-08-28,2023-06-30,,CAD
SRMMF,SRMMF,2023-08-14,2023-06-30,,USD
SRNE,SRNE,2023-08-10,2023-06-30,-0.15,USD
SRNEQ,SRNEQ,2023-08-10,2023-06-30,-0.15,USD
SRNN,SRNN,2023-09-13,2023-06-30,,USD
SRPT,Sarepta Therapeutics Inc,2023-07-31,2023-06-30,-1.74,USD
SRRK,Scholar Rock Holding Corp,2023-08-07,2023-06-30,-0.55,USD
SRRTF,SRRTF,2023-07-31,2023-06-30,0,USD
SRT,Startek Inc,2023-08-07,2023-06-30,0.06,USD
SRTS,Sensus Healthcare Inc,2023-08-02,2023-06-30,-0.08,USD
SRYB,SRYB,2023-07-26,2023-06-30,,USD
SRZN,Surrozen Inc,2023-08-08,2023-06-30,-0.41,USD
SSAAY,SSAAY,2023-07-21,2023-06-30,0.1871,SEK
SSB,SouthState Corporation,2023-07-26,2023-06-30,1.91,USD
SSBI,Summit State Bank,2023-07-24,2023-06-30,,USD
SSBK,Southern States Bancshares Inc,2023-07-24,2023-06-30,0.7,USD
SSD,Simpson Manufacturing Co. Inc,2023-07-24,2023-06-30,2.02,USD
SSDOY,SSDOY,2023-08-08,2023-06-30,0.1893,JPY
SSEBF,SSEBF,2023-06-27,2023-04-30,,CAD
SSEBF,SSEBF,2023-09-13,2023-07-31,,CAD
SSEZY,SSEZY,2023-07-20,2023-06-30,0,GBP
SSIC,Silver Spike Investment Corp,2023-08-11,2023-06-30,0.215,USD
SSKN,STRATA Skin Sciences Inc,2023-08-08,2023-06-30,-0.04,USD
SSL,Sasol Ltd,2023-08-23,2023-06-30,0,ZAR
SSLZY,SSLZY,2023-08-23,2023-06-30,0,USD
SSMXY,SSMXY,2023-08-04,2023-06-30,0,USD
SSNC,SS&C Technologies Holdings Inc,2023-07-25,2023-06-30,1.12,USD
SSNT,SilverSun Technologies Inc,2023-08-10,2023-06-30,0,USD
SSP,E.W. Scripps Co. - Class A,2023-08-03,2023-06-30,-0.12,USD
SSREY,SSREY,2023-08-04,2023-06-30,0.6774,USD
SSRM,SSR Mining Inc,2023-07-31,2023-06-30,0.13,USD
SSSS,SuRo Capital Corp,2023-08-01,2023-06-30,-0.13,USD
SST,System1 Inc - Class A,2023-08-10,2023-06-30,0.05,USD
SSTI,SoundThinking Inc,2023-08-07,2023-06-30,-0.01,USD
SSTK,Shutterstock Inc,2023-07-24,2023-06-30,0.97,USD
SSUMY,SSUMY,2023-08-04,2023-06-30,0.5931,JPY
SSYS,Stratasys Ltd,2023-08-01,2023-06-30,-0.01,USD
ST,Sensata Technologies Holding Plc,2023-07-24,2023-06-30,0.94,USD
STAA,Staar Surgical Company,2023-08-08,2023-07-31,0.18,USD
STAB,STAB,2023-06-23,2023-03-31,0,USD
STAB,STAB,2023-08-14,2023-06-30,0,USD
STAF,Staffing 360 Solutions Inc,2023-07-12,2023-06-30,0.18,USD
STAG,STAG Industrial Inc,2023-07-25,2023-06-30,0.17,USD
STAR,STAR,2023-08-02,2023-06-30,-0.2551,USD
STBA,S & T Bancorp Inc,2023-07-19,2023-06-30,0.9,USD
STBFY,STBFY,2023-08-07,2023-06-30,0.3042,JPY
STBI,STBI,2023-07-19,2023-06-30,0,USD
STC,Stewart Information Services Corp,2023-07-25,2023-06-30,0.9,USD
STCB,STCB,2023-08-14,2023-06-30,,USD
STE,Steris Plc,2023-07-31,2023-06-30,1.88,USD
STEEF,STEEF,2023-08-28,2023-06-30,,CAD
STEL,Stellar Bancorp Inc,2023-07-26,2023-06-30,0.69,USD
STEM,Stem Inc - Class A,2023-08-02,2023-06-30,-0.16,USD
STEP,StepStone Group Inc - Class A,2023-08-02,2023-06-30,0.28,USD
STER,Sterling Check Corp,2023-08-08,2023-06-30,0.27,USD
STG,Sunlands Technology Group,2023-08-16,2023-06-30,,USD
STGW,Stagwell Inc - Class A,2023-08-02,2023-06-30,0.2,USD
STGYF,STGYF,2023-07-31,2023-06-30,,CAD
STHZF,STHZF,2023-08-23,2023-06-30,,USD
STIM,Neuronetics Inc,2023-07-31,2023-06-30,-0.35,USD
STKH,Steakholder Foods Ltd,2023-08-14,2023-06-30,-0.135,USD
STKL,Sunopta Inc,2023-08-08,2023-07-31,-0.01,USD
STKS,ONE Group Hospitality Inc,2023-08-02,2023-06-30,0.15,USD
STLA,Stellantis N.V,2023-07-26,2023-06-30,0,EUR
STLD,Steel Dynamics Inc,2023-07-18,2023-06-30,5.01,USD
STLJF,STLJF,2023-08-09,2023-06-30,,CAD
STLY,STLY,2023-08-10,2023-06-30,0,USD
STM,ST Microelectronics,2023-07-27,2023-06-30,1.08,USD
STMH,STMH,2023-08-14,2023-06-30,,USD
STN,Stantec Inc,2023-08-09,2023-06-30,0.71,CAD
STNE,StoneCo Ltd - Class A,2023-08-16,2023-06-30,0.18,BRL
STNG,Scorpio Tankers Inc,2023-07-26,2023-06-30,2.8,USD
STOHF,STOHF,2023-07-26,2023-06-30,0.9374,USD
STOK,Stoke Therapeutics Inc,2023-08-07,2023-06-30,-0.64,USD
STOSF,STOSF,2023-08-23,2023-06-30,0,USD
STPGF,STPGF,2023-08-14,2023-06-30,,USD
STR,Sitio Royalties Corp - Class A,2023-08-07,2023-06-30,,USD
STRA,Strategic Education Inc,2023-07-25,2023-06-30,0.69,USD
STRC,Sarcos Technology and Robotics Corporation,2023-08-07,2023-06-30,-0.12,USD
STRI,STRI,2023-08-10,2023-06-30,0,USD
STRL,Sterling Infrastructure Inc,2023-07-31,2023-06-30,0.93,USD
STRM,Streamline Health Solutions Inc,2023-09-05,2023-07-31,-0.05,USD
STRNY,STRNY,2023-07-19,2023-06-30,0,GBP
STRO,Sutro Biopharma Inc,2023-08-07,2023-06-30,-0.72,USD
STRR,Star Equity Holdings Inc,2023-08-10,2023-06-30,0.05,USD
STRS,Stratus Properties Inc,2023-08-14,2023-06-30,,USD
STRT,Strattec Security Corp,2023-08-10,2023-06-30,-0.2,USD
STSA,Satsuma Pharmaceuticals Inc,2023-08-07,2023-06-30,-0.27,USD
STSS,Sharps Technology Inc,2023-08-30,2023-06-30,-0.08,USD
STT,State Street Corp,2023-07-14,2023-06-30,2.12,USD
STTK,Shattuck Labs Inc,2023-08-09,2023-06-30,-0.52,USD
STTX,STTX,2023-08-30,2023-06-30,0,USD
STUPF,STUPF,2023-08-28,2023-06-30,,CAD
STVN,Stevanato Group Spa,2023-08-03,2023-06-30,0.14,EUR
STWD,Starwood Property Trust Inc,2023-08-02,2023-06-30,0.48,USD
STX,Seagate Technology Holdings Plc,2023-07-19,2023-06-30,-0.23,USD
STXS,Stereotaxis Inc,2023-08-07,2023-06-30,-0.07,USD
STZ,Constellation Brands Inc - Class A,2023-06-30,2023-05-31,2.82,USD
STZHF,STZHF,2023-08-08,2023-06-30,,CAD
SU,Suncor Energy Inc,2023-08-01,2023-06-30,0.9,CAD
SUBCY,SUBCY,2023-07-26,2023-06-30,0.0188,USD
SUGBY,SUGBY,2023-08-10,2023-06-30,0.5701,JPY
SUI,Sun Communities Inc,2023-07-26,2023-06-30,0.82,USD
SUM,Summit Materials Inc - Class A,2023-08-01,2023-06-30,0.58,USD
SUMO,Sumo Logic Inc,2023-08-23,2023-07-31,-0.0811,USD
SUMXF,SUMXF,2023-08-09,2023-06-30,,CAD
SUN,Sunoco LP,2023-08-01,2023-06-30,1.28,USD
SUNL,Sunlight Financial Holdings Inc - Class A,2023-08-14,2023-06-30,-0.06,USD
SUNW,Sunworks Inc,2023-08-07,2023-06-30,-0.23,USD
SUNYF,SUNYF,2023-08-10,2023-06-30,,CAD
SUP,Superior Industries International Inc,2023-08-02,2023-06-30,-0.08,USD
SUPGF,SUPGF,2023-08-15,2023-06-30,,USD
SUPN,Supernus Pharmaceuticals Inc,2023-08-02,2023-06-30,-0.23,USD
SUPV,Grupo Supervielle S.A.,2023-08-24,2023-06-30,0.2681,ARS
SURF,Surface Oncology Inc,2023-08-01,2023-06-30,-0.34,USD
SURG,Surgepays Inc,2023-08-09,2023-06-30,0.15,USD
SUTNY,SUTNY,2023-07-27,2023-06-30,0,JPY
SUUIF,SUUIF,2023-08-07,2023-06-30,,CAD
SUWN,SUWN,2023-06-28,2023-04-30,0,USD
SUZ,Suzano S.A.,2023-08-02,2023-06-30,0.2619,BRL
SVBL,SVBL,2023-09-13,2023-07-31,0,USD
SVC,Service Properties Trust,2023-08-02,2023-06-30,-0.01,USD
SVCTF,SVCTF,2023-08-03,2023-06-30,,CAD
SVFD,Save Foods Inc,2023-08-30,2023-06-30,0,USD
SVIN,SVIN,2023-07-13,2023-06-30,,USD
SVM,Silvercorp Metals Inc,2023-08-09,2023-06-30,0.0661,USD
SVNDY,SVNDY,2023-07-13,2023-05-31,0.2557,JPY
SVNLY,SVNLY,2023-07-19,2023-06-30,0.1582,SEK
SVNTF,SVNTF,2023-07-18,2023-05-31,,CAD
SVRA,Savara Inc,2023-08-09,2023-06-30,-0.08,USD
SVT,Servotronics Inc,2023-08-14,2023-06-30,,USD
SWAV,ShockWave Medical Inc,2023-08-07,2023-06-30,0.85,USD
SWBI,Smith & Wesson Brands Inc,2023-09-06,2023-07-31,0.16,USD
SWDBY,SWDBY,2023-07-18,2023-06-30,0.6798,SEK
SWGAY,SWGAY,2023-07-28,2023-06-30,0,CHF
SWI,SolarWinds Corp,2023-07-31,2023-06-30,0.17,USD
SWIM,Latham Group Inc,2023-08-09,2023-06-30,0.11,USD
SWIR,SWIR,2023-08-09,2023-06-30,,USD
SWISF,SWISF,2023-08-10,2023-06-30,,CAD
SWK,Stanley Black & Decker Inc,2023-07-26,2023-06-30,-0.39,USD
SWKH,Swk Holdings Corp,2023-08-08,2023-06-30,0.37,USD
SWKS,Skyworks Solutions Inc,2023-08-02,2023-06-30,1.68,USD
SWN,Southwestern Energy Company,2023-08-02,2023-06-30,0.1,USD
SWRL,SWRL,2023-07-14,2023-05-31,0,USD
SWSSF,SWSSF,2023-08-02,2023-06-30,,CAD
SWTX,SpringWorks Therapeutics Inc,2023-08-02,2023-06-30,-1.26,USD
SWX,Southwest Gas Holdings Inc,2023-08-07,2023-06-30,0.17,USD
SXC,SunCoke Energy Inc,2023-07-31,2023-06-30,0.19,USD
SXI,Standex International Corp,2023-08-02,2023-06-30,1.66,USD
SXT,Sensient Technologies Corp,2023-07-21,2023-06-30,0.88,USD
SXYAY,SXYAY,2023-08-04,2023-06-30,0,CHF
SY,So-Young International Inc,2023-08-14,2023-06-30,,CNY
SYBT,Stock Yards Bancorp Inc,2023-07-25,2023-06-30,0.94,USD
SYBX,Synlogic Inc,2023-08-09,2023-06-30,-0.23,USD
SYEV,SYEV,2023-08-02,2023-05-31,0,USD
SYF,Synchrony Financial,2023-07-17,2023-06-30,1.26,USD
SYIEY,SYIEY,2023-08-02,2023-06-30,0.2086,EUR
SYK,Stryker Corp,2023-07-24,2023-06-30,2.38,USD
SYM,Symbotic Inc - Class A,2023-07-31,2023-06-30,-0.0154,USD
SYNA,Synaptics Inc,2023-08-02,2023-06-30,0.43,USD
SYNE,SYNE,2023-08-30,2023-06-30,0,USD
SYNH,Syneos Health Inc - Class A,2023-07-31,2023-06-30,0.79,USD
SYPR,Sypris Solutions Inc,2023-08-14,2023-06-30,,USD
SYRS,Syros Pharmaceuticals Inc,2023-08-07,2023-06-30,-1.12,USD
SYTA,Siyata Mobile Inc,2023-08-31,2023-06-30,-0.045,USD
SYY,Sysco Corp,2023-08-07,2023-06-30,1.33,USD
SYZLF,SYZLF,2023-07-03,2023-06-30,,USD
SZLSF,SZLSF,2023-08-14,2023-06-30,,USD
SZSMF,SZSMF,2023-08-28,2023-06-30,,USD
T,AT&T Inc,2023-07-19,2023-06-30,0.6,USD
TA,TravelCenters of America Inc,2023-07-31,2023-06-30,2.07,USD
TAC,Transalta Corp,2023-08-03,2023-06-30,0.05,CAD
TACT,Transact Technologies Inc,2023-08-15,2023-06-30,0.06,USD
TAIMF,TAIMF,2023-08-14,2023-05-31,,CAD
TAIT,Taitron Components Inc - Class A,2023-08-14,2023-06-30,0,USD
TAK,Takeda Pharmaceutical Company,2023-07-27,2023-06-30,0.1346,JPY
TAKOF,TAKOF,2023-08-21,2023-06-30,,CAD
TAL,TAL Education Group,2023-07-27,2023-05-31,0.03,USD
TALK,Talkspace Inc,2023-08-07,2023-06-30,-0.05,USD
TALO,Talos Energy Inc,2023-08-02,2023-06-30,0.35,USD
TALS,Talaris Therapeutics Inc,2023-08-10,2023-06-30,-0.31,USD
TAOIF,TAOIF,2023-07-24,2023-06-30,,CAD
TAP,Molson Coors Beverage Company - Class B,2023-07-31,2023-06-30,1.42,USD
TAP-A,Molson Coors Beverage Company - Class A,2023-07-27,2023-06-30,1.42,USD
TAPM,TAPM,2023-08-10,2023-06-30,,USD
TARA,Protara Therapeutics Inc,2023-08-07,2023-06-30,-0.87,USD
TARO,Taro Pharmaceutical Industries,2023-07-25,2023-06-30,0.31,USD
TARS,Tarsus Pharmaceuticals Inc,2023-08-09,2023-06-30,-1.01,USD
TASK,TaskUs Inc Class A,2023-08-08,2023-06-30,0.2936,USD
TAST,Carrols Restaurant Group Inc,2023-08-09,2023-06-30,0.01,USD
TATT,Tat Technologies,2023-08-28,2023-06-30,,USD
TAUG,TAUG,2023-08-02,2023-06-30,0,USD
TAYD,Taylor Devices Inc,2023-08-17,2023-05-31,,USD
TBBK,Bancorp Inc (The),2023-07-26,2023-06-30,0.88,USD
TBCRF,TBCRF,2023-08-03,2023-06-30,,CAD
TBI,TrueBlue Inc,2023-07-24,2023-06-30,0.22,USD
TBIO,Telesis Bio Inc,2023-08-08,2023-06-30,-0.3367,USD
TBIXF,TBIXF,2023-08-21,2023-06-30,,CAD
TBK,TBK,2023-07-18,2023-06-30,,USD
TBLA,Taboola.com Ltd,2023-08-09,2023-06-30,-0.112,USD
TBLMY,TBLMY,2023-08-30,2023-06-30,0,ZAR
TBLT,Toughbuilt Industries Inc,2023-08-14,2023-06-30,,USD
TBNK,Territorial Bancorp Inc,2023-07-26,2023-06-30,0.21,USD
TBPH,Theravance Biopharma Inc,2023-08-02,2023-06-30,-0.21,USD
TBTC,TBTC,2023-08-09,2023-06-30,,USD
TC,TuanChe Ltd,2023-06-25,2023-03-31,,CNY
TCBI,Texas Capital Bancshares Inc,2023-07-19,2023-06-30,0.97,USD
TCBK,Trico Bancshares,2023-07-25,2023-06-30,0.95,USD
TCBX,Third Coast Bancshares Inc,2023-07-26,2023-06-30,0.4374,USD
TCCO,TCCO,2023-08-03,2023-06-30,,USD
TCDA,TCDA,2023-08-07,2023-06-30,-0.37,USD
TCDAQ,TCDAQ,2023-08-07,2023-06-30,-0.37,USD
TCEHY,TCEHY,2023-08-16,2023-06-30,0.5421,CNY
TCFC,Community Financial Corp,2023-07-24,2023-06-30,1.19,USD
TCI,Transcontinental Realty Investors Inc,2023-08-10,2023-06-30,,USD
TCLAF,TCLAF,2023-09-06,2023-07-31,0.39,CAD
TCLRY,TCLRY,2023-07-26,2023-06-30,0,EUR
TCMD,Tactile Systems Technology Inc,2023-07-31,2023-06-30,-0.05,USD
TCN,Tricon Residential Inc,2023-08-08,2023-06-30,0.14,USD
TCNNF,TCNNF,2023-08-08,2023-06-30,-0.18,USD
TCOM,Trip.com Group Ltd,2023-09-19,2023-06-30,0.5,CNY
TCON,TRACON Pharmaceuticals Inc,2023-08-08,2023-06-30,-0.1,USD
TCPC,BlackRock TCP Capital Corp,2023-08-03,2023-06-30,0.42,USD
TCRR,Tcr2 Therapeutics Inc,2023-08-07,2023-06-30,-0.49,USD
TCRT,Alaunos Therapeutics Inc,2023-08-14,2023-06-30,-0.04,USD
TCRX,Tscan Therapeutics Inc,2023-08-17,2023-06-30,-0.9267,USD
TCS,Container Store Group Inc,2023-07-31,2023-06-30,-0.19,USD
TCX,Tucows Inc - Class A,2023-08-07,2023-06-30,,USD
TCYSF,TCYSF,2023-06-27,2023-04-30,,USD
TCYSF,TCYSF,2023-09-06,2023-07-31,,USD
TD,Toronto Dominion Bank,2023-08-24,2023-07-31,1.58,USD
TDC,Teradata Corp,2023-08-02,2023-06-30,0.45,USD
TDCB,TDCB,2023-07-27,2023-06-30,0,USD
TDCX,TDCX Inc,2023-08-24,2023-06-30,0.16,SGD
TDG,Transdigm Group Incorporated,2023-08-07,2023-06-30,6.35,USD
TDOC,Teladoc Health Inc,2023-07-25,2023-06-30,-0.41,USD
TDS,Telephone And Data Systems Inc,2023-08-02,2023-06-30,-0.02,USD
TDUP,ThredUp Inc - Class A,2023-08-14,2023-06-30,-0.23,USD
TDW,Tidewater Inc - New,2023-08-02,2023-06-30,0.63,USD
TDY,Teledyne Technologies Inc,2023-07-25,2023-06-30,4.63,USD
TEAM,Atlassian Corporation - Class A,2023-07-27,2023-06-30,0.36,USD
TECH,Bio-Techne Corp,2023-08-02,2023-06-30,0.55,USD
TECK,Teck Resources Ltd - Class B - Class B (Sub Voting),2023-07-27,2023-06-30,1.16,CAD
TEDU,Tarena International Inc,2023-08-01,2023-06-30,-0.03,CNY
TEF,Telefonica S.A,2023-07-27,2023-06-30,0.0988,EUR
TEFOF,TEFOF,2023-07-27,2023-06-30,,EUR
TEL,TE Connectivity Ltd,2023-07-24,2023-06-30,1.66,USD
TELA,TELA Bio Inc,2023-08-08,2023-06-30,-0.53,USD
TELL,Tellurian Inc,2023-08-01,2023-06-30,-0.07,USD
TELNY,TELNY,2023-07-20,2023-06-30,0.149,NOK
TENB,Tenable Holdings Inc,2023-07-24,2023-06-30,0.13,USD
TENX,Tenax Therapeutics Inc,2023-08-09,2023-06-30,-0.1,USD
TEO,Telecom Argentina S.A.,2023-08-10,2023-06-30,0.007,USD
TER,Teradyne Inc,2023-07-24,2023-06-30,0.66,USD
TERN,Terns Pharmaceuticals Inc,2023-08-07,2023-06-30,-0.34,USD
TESS,Tessco Technologies Inc,2023-07-24,2023-06-30,-0.09,USD
TEUFF,TEUFF,2023-08-15,2023-06-30,0,USD
TEVA,Teva- Pharmaceutical Industries Ltd,2023-08-09,2023-06-30,0.5296,USD
TEX,Terex Corp,2023-07-31,2023-06-30,1.67,USD
TFC,Truist Financial Corporation,2023-07-20,2023-06-30,1.07,USD
TFCCF,TFCCF,2023-08-28,2023-06-30,,USD
TFFP,Tff Pharmaceuticals Inc,2023-08-09,2023-06-30,-0.19,USD
TFII,TFI International Inc,2023-07-26,2023-06-30,1.82,USD
TFIN,Triumph Financial Inc,2023-07-18,2023-06-30,0.43,USD
TFPM,Triple Flag Precious Metals Corp,2023-08-08,2023-06-30,0.0923,USD
TFSL,TFS Financial Corporation,2023-07-26,2023-06-30,0.03,USD
TFX,Teleflex Incorporated,2023-07-26,2023-06-30,3.21,USD
TG,Tredegar Corp,2023-08-07,2023-06-30,,USD
TGAFF,TGAFF,2023-08-10,2023-06-30,,CAD
TGAN,Transphorm Inc,2023-06-27,2023-03-31,-0.11,USD
TGAN,Transphorm Inc,2023-08-14,2023-06-30,-0.0933,USD
TGB,Taseko Mines Ltd,2023-08-07,2023-06-30,0.02,CAD
TGEN,TGEN,2023-08-09,2023-06-30,-0.03,USD
TGH,Textainer Group Holdings Ltd,2023-07-31,2023-06-30,1.2,USD
TGHI,TGHI,2023-08-22,2023-06-30,0,USD
TGI,Triumph Group Inc,2023-08-01,2023-06-30,-0.04,USD
TGIC,TGIC,2023-08-10,2023-06-30,0,USD
TGIFF,TGIFF,2023-06-29,2023-04-30,,CAD
TGLO,TGLO,2023-08-08,2023-06-30,0,USD
TGLS,Tecnoglass Inc,2023-08-02,2023-06-30,1.02,USD
TGNA,TEGNA Inc,2023-08-07,2023-06-30,0.44,USD
TGODD,TGODD,2023-08-28,2023-06-30,,USD
TGODF,TGODF,2023-08-28,2023-06-30,,USD
TGONF,TGONF,2023-08-02,2023-06-30,0,USD
TGOPY,TGOPY,2023-07-26,2023-06-30,0,GBP
TGS,Transportadora de Gas del Sur,2023-08-09,2023-06-30,-0.02,USD
TGT,Target Corp,2023-08-16,2023-07-31,1.55,USD
TGTX,TG Therapeutics Inc,2023-08-07,2023-06-30,-0.27,USD
TH,Target Hospitality Corp - Class A,2023-08-07,2023-06-30,0.38,USD
THC,Tenet Healthcare Corp,2023-07-19,2023-06-30,1.24,USD
THFF,First Financial Corp - Indiana,2023-07-24,2023-06-30,1.24,USD
THG,Hanover Insurance Group Inc,2023-07-31,2023-06-30,1.85,USD
THKKF,THKKF,2023-08-28,2023-06-30,,CAD
THM,International Tower Hill Mines Ltd,2023-08-03,2023-06-30,,USD
THMG,THMG,2023-08-03,2023-06-30,,USD
THMO,ThermoGenesis Holdings Inc,2023-08-09,2023-06-30,0.01,USD
THNPY,THNPY,2023-07-27,2023-06-30,0.5054,EUR
THR,Thermon Group Holdings Inc,2023-08-02,2023-06-30,0.29,USD
THRD,Third Harmonic Bio Inc,2023-08-30,2023-06-30,-0.43,USD
THRM,Gentherm Inc - Class A,2023-07-31,2023-06-30,0.52,USD
THRN,Thorne Healthtech Inc,2023-08-08,2023-06-30,0.085,USD
THRX,Theseus Pharmaceuticals Inc,2023-08-10,2023-06-30,-0.4214,USD
THRY,Thryv Holdings Inc,2023-08-02,2023-06-30,0.55,USD
THS,Treehouse Foods Inc,2023-08-07,2023-06-30,0.42,USD
THTX,Theratechnologies Inc,2023-07-12,2023-05-31,-0.0504,USD
THXPF,THXPF,2023-08-28,2023-06-30,,USD
TIG,TIG,2023-08-01,2023-06-30,0.11,USD
TIGCF,TIGCF,2023-08-24,2023-06-30,,CAD
TIGO,Millicom International Cellular S.A.,2023-07-27,2023-06-30,0.14,USD
TIGR,UP Fintech Holding Ltd,2023-09-05,2023-06-30,0.04,USD
TIKK,TIKK,2023-08-14,2023-06-30,,USD
TIL,Instil Bio Inc,2023-08-10,2023-06-30,-0.11,USD
TILE,Interface Inc,2023-08-03,2023-06-30,0.18,USD
TIMB,TIM SA,2023-07-31,2023-06-30,0.164,BRL
TIMCF,TIMCF,2023-08-09,2023-05-31,,USD
TINLY,TINLY,2023-08-04,2023-06-30,0,JPY
TIO,Tingo Group Inc,2023-08-21,2023-06-30,0.31,USD
TIPT,Tiptree Inc,2023-08-07,2023-06-30,,USD
TISI,Team Inc,2023-08-14,2023-06-30,,USD
TITN,Titan Machinery Inc,2023-08-09,2023-07-31,1.19,USD
TITUF,TITUF,2023-08-23,2023-05-31,,CAD
TIVC,Tivic Health Systems Inc,2023-08-14,2023-06-30,-0.08,USD
TIXC,TIXC,2023-07-13,2023-06-30,0,USD
TIXT,TELUS International (Cda) Inc (Sub Voting),2023-08-03,2023-06-30,0.37,USD
TJX,TJX Companies Inc,2023-08-15,2023-07-31,0.75,USD
TK,Teekay Corp,2023-08-02,2023-06-30,,USD
TKAGY,TKAGY,2023-07-11,2023-06-30,0,EUR
TKAMY,TKAMY,2023-08-10,2023-06-30,0.1026,USD
TKAT,Takung Art Co Ltd,2023-08-14,2023-06-30,,USD
TKC,Turkcell Iletisim Hizmetleri A.S.,2023-08-17,2023-06-30,0,USD
TKGBY,TKGBY,2023-07-27,2023-06-30,0.1425,TRY
TKNO,Alpha Teknova Inc,2023-08-09,2023-06-30,-0.255,USD
TKOI,TKOI,2023-06-23,2023-03-31,,USD
TKOI,TKOI,2023-08-14,2023-06-30,,USD
TKOMY,TKOMY,2023-08-11,2023-06-30,0,JPY
TKR,Timken Company,2023-07-26,2023-06-30,2.07,USD
TKXHF,TKXHF,2023-06-30,2023-03-31,,USD
TKXHF,TKXHF,2023-07-26,2023-06-30,,USD
TLF,Tandy Leather Factory Inc,2023-08-14,2023-06-30,,USD
TLGPY,TLGPY,2023-08-17,2023-06-30,0,AUD
TLIS,Talis Biomedical Corp,2023-07-31,2023-06-30,-0.73,USD
TLK,Telkom Indonesia (Persero) Tbk PT,2023-08-01,2023-06-30,0.4987,USD
TLKGY,TLKGY,2023-08-30,2023-06-30,0,ZAR
TLLTF,TLLTF,2023-08-14,2023-06-30,-0.01,USD
TLLYF,TLLYF,2023-08-14,2023-06-30,,USD
TLOG,TLOG,2023-08-03,2023-06-30,0,USD
TLPFY,TLPFY,2023-07-27,2023-06-30,0,EUR
TLRS,TLRS,2023-08-11,2023-06-30,0,USD
TLRY,Tilray Brands Inc,2023-07-26,2023-06-30,-0.05,USD
TLS,Telos Corp,2023-08-07,2023-06-30,-0.0017,USD
TLSNY,TLSNY,2023-07-20,2023-06-30,0.074,SEK
TLSS,TLSS,2023-08-21,2023-06-30,0,USD
TLTFF,TLTFF,2023-08-28,2023-06-30,,CAD
TM,Toyota Motor Corporation,2023-08-04,2023-06-30,3.64,JPY
TMASF,TMASF,2023-07-25,2023-06-30,,CAD
TMBR,Timber Pharmaceuticals Inc,2023-08-09,2023-06-30,-0.79,USD
TMC,TMC the metals company Inc,2023-08-14,2023-06-30,-0.12,USD
TMCI,Treace Medical Concepts Inc,2023-08-07,2023-06-30,-0.24,USD
TMDI,TMDI,2023-08-09,2023-06-30,-0.12,USD
TMDIF,TMDIF,2023-08-09,2023-06-30,-0.12,USD
TMDX,Transmedics Group Inc,2023-07-31,2023-06-30,-0.14,USD
TME,Tencent Music Entertainment Group,2023-08-14,2023-06-30,0.14,USD
TMHC,Taylor Morrison Home Corp,2023-07-25,2023-06-30,1.67,USD
TMICY,TMICY,2023-08-08,2023-06-30,0.3176,JPY
TMO,Thermo Fisher Scientific Inc,2023-07-26,2023-06-30,5.44,USD
TMOAY,TMOAY,2023-07-17,2023-06-30,-0.0584,EUR
TMP,Tompkins Financial Corp,2023-07-20,2023-06-30,1.12,USD
TMQ,Trilogy Metals Inc,2023-07-04,2023-05-31,-0.0133,USD
TMRAY,TMRAY,2023-07-14,2023-06-30,0.1033,NOK
TMRC,TMRC,2023-08-02,2023-05-31,0,USD
TMST,TimkenSteel Corp,2023-08-02,2023-06-30,0.56,USD
TMTNF,TMTNF,2023-07-24,2023-06-30,1.07,CAD
TMUS,T-Mobile US Inc,2023-07-25,2023-06-30,1.7,USD
TMXXF,TMXXF,2023-07-26,2023-06-30,,CAD
TNC,Tennant Company,2023-08-07,2023-06-30,1.16,USD
TNDM,Tandem Diabetes Care Inc,2023-08-01,2023-06-30,-0.51,USD
TNET,TriNet Group Inc,2023-07-24,2023-06-30,1.35,USD
TNEYF,TNEYF,2023-07-26,2023-06-30,,CAD
TNGNQ,TNGNQ,2023-08-17,2023-06-30,0,USD
TNGX,Tango Therapeutics Inc,2023-08-08,2023-06-30,-0.34,USD
TNK,Teekay Tankers Ltd - Class A,2023-08-02,2023-06-30,4.13,USD
TNL,Travel+Leisure Company,2023-07-26,2023-06-30,1.37,USD
TNLX,TNLX,2023-08-17,2023-06-30,0,USD
TNON,Tenon Medical Inc,2023-08-10,2023-06-30,-0.36,USD
TNP,Tsakos Energy Navigation Ltd,2023-09-12,2023-06-30,2.66,USD
TNSTF,TNSTF,2023-08-24,2023-06-30,,CAD
TNXP,Tonix Pharmaceuticals Holding Corp,2023-08-07,2023-06-30,-2.44,USD
TNYA,Tenaya Therapeutics Inc,2023-09-06,2023-06-30,-0.5067,USD
TNYBF,TNYBF,2023-08-28,2023-06-30,,CAD
TOBAF,TOBAF,2023-09-19,2023-07-31,,CAD
TOELY,TOELY,2023-07-27,2023-06-30,0.5112,JPY
TOFB,TOFB,2023-08-14,2023-06-30,,USD
TOI,Oncology Institute Inc (The),2023-08-07,2023-06-30,-0.15,USD
TOL,Toll Brothers Inc,2023-08-21,2023-07-31,2.82,USD
TOLWF,TOLWF,2023-07-24,2023-06-30,,CAD
TOMZ,TOMI Environmental Solutions Inc,2023-08-14,2023-06-30,0.01,USD
TONPF,TONPF,2023-08-03,2023-06-30,,USD
TOPPY,TOPPY,2023-08-11,2023-06-30,0,USD
TORM,TORM,2023-08-04,2023-06-30,0,USD
TORXF,TORXF,2023-08-01,2023-06-30,0.358,USD
TOST,Toast Inc - Class A,2023-08-11,2023-06-30,-0.14,USD
TOTDY,TOTDY,2023-08-03,2023-06-30,0.1933,JPY
TOTZF,TOTZF,2023-08-07,2023-06-30,,CAD
TOUR,Tuniu Corp,2023-08-30,2023-06-30,,CNY
TOVX,Theriva Biologics Inc,2023-08-09,2023-06-30,-0.34,USD
TOWN,Townebank Portsmouth VA,2023-07-26,2023-06-30,0.57,USD
TOWTF,TOWTF,2023-08-28,2023-06-30,,USD
TPB,Turning Point Brands Inc,2023-07-25,2023-06-30,0.59,USD
TPC,Tutor Perini Corp,2023-08-03,2023-06-30,-0.04,USD
TPCFF,TPCFF,2023-07-19,2023-05-31,,USD
TPCS,Techprecision Corp,2023-07-11,2023-06-30,,USD
TPCSD,TPCSD,2023-06-29,2023-03-31,0,USD
TPCSD,TPCSD,2023-07-11,2023-06-30,,USD
TPG,TPG Inc - Class A,2023-08-08,2023-06-30,0.367,USD
TPH,Tri Pointe Homes Inc,2023-07-19,2023-06-30,0.58,USD
TPHS,Trinity Place Holdings Inc,2023-07-10,2023-06-30,0,USD
TPIC,TPI Composites Inc,2023-08-01,2023-06-30,-0.45,USD
TPL,Texas Pacific Land Corporation,2023-08-01,2023-06-30,11.87,USD
TPR,Tapestry Inc,2023-08-16,2023-06-30,0.96,USD
TPRFF,TPRFF,2023-08-09,2023-06-30,,USD
TPST,Tempest Therapeutics Inc,2023-08-14,2023-06-30,-0.52,USD
TPVG,TriplePoint Venture Growth BDC Corp,2023-08-01,2023-06-30,0.5,USD
TPX,Tempur Sealy International Inc,2023-07-25,2023-06-30,0.56,USD
TPZEF,TPZEF,2023-07-31,2023-06-30,,CAD
TR,Tootsie Roll Industries Inc,2023-07-24,2023-06-30,,USD
TRAGF,TRAGF,2023-08-14,2023-06-30,,CAD
TRC,Tejon Ranch Company,2023-08-01,2023-06-30,-0.02,USD
TRCK,TRCK,2023-08-08,2023-06-30,,USD
TRCY,TRCY,2023-07-24,2023-06-30,,USD
TRDA,Entrada Therapeutics Inc,2023-08-10,2023-06-30,-0.8598,USD
TREE,LendingTree Inc,2023-07-26,2023-06-30,0.3,USD
TREP,TREP,2023-08-22,2023-06-30,,USD
TREVQ,TREVQ,2023-08-10,2023-06-30,-0.03,USD
TREX,TREX Co. Inc,2023-08-07,2023-06-30,0.53,USD
TRGM,TRGM,2023-08-11,2023-06-30,0,USD
TRGP,Targa Resources Corp,2023-08-02,2023-06-30,1.33,USD
TRHC,Tabula Rasa HealthCare Inc,2023-08-02,2023-06-30,-0.12,USD
TRI,Thomson-Reuters Corp,2023-08-02,2023-06-30,0.75,USD
TRIB,Trinity Biotech Plc,2023-07-20,2023-06-30,-0.06,USD
TRIN,Trinity Capital Inc,2023-08-03,2023-06-30,0.53,USD
TRIP,TripAdvisor Inc,2023-08-02,2023-06-30,0.34,USD
TRIRF,TRIRF,2023-08-30,2023-05-31,0,USD
TRITF,TRITF,2023-08-17,2023-06-30,0,USD
TRLEF,TRLEF,2023-08-30,2023-06-30,0.02,USD
TRMB,Trimble Inc,2023-08-03,2023-06-30,0.59,USD
TRMD,Torm Plc - Class A,2023-08-17,2023-06-30,1.88,USD
TRMK,Trustmark Corp,2023-07-24,2023-06-30,0.61,USD
TRMNF,TRMNF,2023-07-27,2023-06-30,,USD
TRN,Trinity Industries Inc,2023-07-25,2023-06-30,0.33,USD
TRNFQ,TRNFQ,2023-08-15,2023-06-30,0,USD
TRNO,Terreno Realty Corp,2023-08-01,2023-06-30,0.31,USD
TRNR,Interactive Strength Inc,2023-08-30,2023-06-30,0,USD
TRNS,Transcat Inc,2023-07-31,2023-06-30,0.27,USD
TROW,T. Rowe Price Group Inc,2023-07-26,2023-06-30,1.69,USD
TROX,Tronox Holdings plc - Class A,2023-07-25,2023-06-30,0.28,USD
TRP,TC Energy Corporation,2023-07-26,2023-06-30,0.74,USD
TRRSF,TRRSF,2023-08-02,2023-06-30,,CAD
TRRVF,TRRVF,2023-08-08,2023-06-30,,CAD
TRS,Trimas Corporation,2023-07-26,2023-06-30,0.5,USD
TRSSF,TRSSF,2023-08-09,2023-06-30,-0.03,USD
TRST,Trustco Bank Corp,2023-07-19,2023-06-30,0.91,USD
TRSWF,TRSWF,2023-08-02,2023-06-30,,CAD
TRT,Trio-Tech International,2023-09-21,2023-06-30,,USD
TRTN,Triton International Ltd,2023-07-26,2023-06-30,2.34,USD
TRTX,TPG RE Finance Trust Inc,2023-07-31,2023-06-30,0.21,USD
TRU,TransUnion,2023-07-24,2023-06-30,0.82,USD
TRUE,Truecar Inc,2023-07-31,2023-06-30,-0.14,USD
TRUMY,TRUMY,2023-08-10,2023-06-30,0.251,USD
TRUP,Trupanion Inc,2023-08-01,2023-06-30,-0.4,USD
TRV,Travelers Companies Inc,2023-07-20,2023-06-30,2.51,USD
TRVG,Trivago NV,2023-08-07,2023-06-30,0.04,EUR
TRVI,Trevi Therapeutics Inc,2023-08-09,2023-06-30,-0.08,USD
TRVN,Trevena Inc,2023-08-09,2023-06-30,-1.05,USD
TRX,TRX Gold Corp,2023-07-12,2023-05-31,0.01,USD
TRYIY,TRYIY,2023-08-07,2023-06-30,0.1911,JPY
TRZBF,TRZBF,2023-09-06,2023-07-31,,CAD
TS,Tenaris S.A.,2023-08-02,2023-06-30,1.88,USD
TSBA,TSBA,2023-07-27,2023-06-30,0,USD
TSBK,Timberland Bancorp Inc,2023-07-24,2023-06-30,,USD
TSCC,TSCC,2023-08-17,2023-06-30,0,USD
TSCO,Tractor Supply Company,2023-07-19,2023-06-30,3.98,USD
TSE,Trinseo PLC,2023-08-07,2023-06-30,-0.3232,USD
TSEM,Tower Semiconductor Ltd,2023-07-31,2023-06-30,0.49,USD
TSGTY,TSGTY,2023-08-24,2023-06-30,1.09,CNY
TSGZF,TSGZF,2023-08-29,2023-06-30,,USD
TSHA,Taysha Gene Therapies Inc,2023-08-09,2023-06-30,-0.31,USD
TSKFF,TSKFF,2023-08-10,2023-06-30,,CAD
TSLA,Tesla Inc,2023-07-18,2023-06-30,0.79,USD
TSLX,Sixth Street Specialty Lending Inc,2023-07-31,2023-06-30,0.55,USD
TSM,Taiwan Semiconductor Manufacturing,2023-07-13,2023-06-30,1.08,TWD
TSN,Tyson Foods Inc - Class A,2023-08-07,2023-06-30,0.26,USD
TSP,TuSimple Holdings Inc - Class A,2023-07-31,2023-06-30,-0.5637,USD
TSQ,Townsquare Media Inc - Class A,2023-07-31,2023-06-30,0.48,USD
TSRI,TSR Inc,2023-08-14,2023-05-31,,USD
TSSI,TSSI,2023-08-14,2023-06-30,,USD
TSUKF,TSUKF,2023-07-26,2023-06-30,,USD
TSVT,2seventy bio Inc,2023-08-09,2023-06-30,-1,USD
TT,Trane Technologies plc - Class A,2023-07-31,2023-06-30,2.55,USD
TTC,Toro Company,2023-08-30,2023-07-31,1.22,USD
TTCF,Tattooed Chef Inc - Class A,2023-08-07,2023-06-30,-0.2,USD
TTCM,TTCM,2023-08-03,2023-06-30,,USD
TTD,Trade Desk Inc - Class A,2023-08-07,2023-06-30,0.25,USD
TTDKY,TTDKY,2023-07-31,2023-06-30,0.3929,JPY
TTE,TotalEnergies SE,2023-07-27,2023-06-30,2.42,USD
TTEC,TTEC Holdings Inc,2023-08-07,2023-06-30,0.47,USD
TTEK,Tetra Tech Inc,2023-08-01,2023-06-30,1.18,USD
TTFNF,TTFNF,2023-07-27,2023-06-30,2.42,USD
TTGT,Techtarget Inc,2023-08-02,2023-06-30,0.39,USD
TTI,Tetra Technologies Inc,2023-07-31,2023-06-30,0.08,USD
TTMI,TTM Technologies Inc,2023-08-01,2023-06-30,0.2,USD
TTNDY,TTNDY,2023-08-16,2023-06-30,0,USD
TTNMF,TTNMF,2023-08-07,2023-06-30,,CAD
TTNP,Titan Pharmaceuticals Inc (de),2023-08-16,2023-06-30,0,USD
TTOO,T2 Biosystems Inc,2023-08-14,2023-06-30,-0.61,USD
TTSH,Tile Shop Hldgs Inc,2023-08-02,2023-06-30,0.08,USD
TTWO,Take-Two Interactive Software Inc,2023-08-07,2023-06-30,0.38,USD
TU,Telus Corp,2023-08-03,2023-06-30,0.19,USD
TUEM,TUEM,2023-09-21,2023-06-30,,USD
TUEMQ,TUEMQ,2023-09-21,2023-06-30,,USD
TUERF,TUERF,2023-08-01,2023-06-30,,CAD
TUP,Tupperware Brands Corporation,2023-07-03,2023-06-30,-0.03,USD
TURN,180 Degree Capital Corp,2023-08-07,2023-06-30,,USD
TUSK,Mammoth Energy Services Inc,2023-07-26,2023-06-30,0.1,USD
TUYA,Tuya Inc,2023-08-28,2023-06-30,-0.05,USD
TV,Grupo Televisa SAB,2023-07-10,2023-06-30,0.0441,MXN
TVAGF,TVAGF,2023-07-26,2023-06-30,,CAD
TVCCF,TVCCF,2023-08-24,2023-06-30,,USD
TVTX,Travere Therapeutics Inc,2023-08-02,2023-06-30,-1.13,USD
TW,Tradeweb Markets Inc Cls A,2023-07-27,2023-06-30,0.52,USD
TWI,Titan International Inc,2023-07-31,2023-06-30,0.43,USD
TWIN,Twin Disc Incorporated,2023-08-30,2023-06-30,0.27,USD
TWIRF,TWIRF,2023-07-25,2023-06-30,,CAD
TWKS,Thoughtworks Holding Inc,2023-08-14,2023-06-30,0.041,USD
TWLO,Twilio Inc Class A,2023-08-02,2023-06-30,0.3,USD
TWMIF,TWMIF,2023-08-09,2023-06-30,,CAD
TWNK,Hostess Brands Inc - Class A,2023-08-01,2023-06-30,0.26,USD
TWO,Two Harbors Investment Corp,2023-08-01,2023-06-30,0.57,USD
TWODY,TWODY,2023-08-02,2023-06-30,0,GBP
TWOU,2U Inc,2023-07-26,2023-06-30,-0.07,USD
TWST,Twist Bioscience Corp,2023-08-03,2023-06-30,-1.14,USD
TX,Ternium S.A.,2023-07-31,2023-06-30,1.95,USD
TXCCQ,TXCCQ,2023-08-17,2023-06-30,0,USD
TXG,10x Genomics Inc - Class A,2023-08-07,2023-06-30,-0.4,USD
TXMD,TherapeuticsMD Inc,2023-08-14,2023-06-30,-0.07,USD
TXN,Texas Instruments Inc,2023-07-24,2023-06-30,1.76,USD
TXO,TXO Partners L.P.,2023-08-30,2023-06-30,0.31,USD
TXRH,Texas Roadhouse Inc,2023-07-26,2023-06-30,1.19,USD
TXT,Textron Inc,2023-07-26,2023-04-30,,USD
TXT,Textron Inc,2023-07-26,2023-06-30,1.2,USD
TYCB,TYCB,2023-08-11,2023-06-30,,USD
TYG,Tortoise Energy Infrastructure Corp,2023-07-19,2023-05-31,0,USD
TYL,Tyler Technologies Inc,2023-07-25,2023-06-30,1.89,USD
TYOBY,TYOBY,2023-08-07,2023-06-30,0,USD
TYOYY,TYOYY,2023-08-07,2023-06-30,0,USD
TYRA,Tyra Biosciences Inc,2023-08-03,2023-06-30,-0.39,USD
TZOO,Travelzoo,2023-07-25,2023-06-30,0.19,USD
U,Unity Software Inc,2023-08-07,2023-06-30,0.08,USD
UAA,Under Armour Inc - Class A,2023-08-01,2023-06-30,-0.02,USD
UAHC,UAHC,2023-09-07,2023-06-30,0,USD
UAL,United Airlines Holdings Inc,2023-07-18,2023-06-30,3.87,USD
UAMY,United States Antimony Corp,2023-08-16,2023-06-30,0,USD
UAN,CVR Partners LP,2023-07-31,2023-06-30,,USD
UAVS,AgEagle Aerial Systems Inc,2023-08-14,2023-06-30,,USD
UBA,Urstadt Biddle Properties Inc - Class A,2023-09-06,2023-07-31,0.28,USD
UBAB,UBAB,2023-07-19,2023-06-30,,USD
UBCP,United Bancorp Inc (Martins Ferry OH),2023-08-02,2023-06-30,,USD
UBER,Uber Technologies Inc,2023-07-31,2023-06-30,-0.01,USD
UBFO,United Security Bancshares (CA),2023-07-18,2023-06-30,,USD
UBOH,UBOH,2023-07-31,2023-06-30,0,USD
UBP,Urstadt Biddle Properties Inc,2023-09-08,2023-07-31,0.2117,USD
UBS,UBS Group AG,2023-07-25,2023-06-30,0.5033,USD
UBSI,United Bankshares Inc,2023-07-26,2023-06-30,0.68,USD
UBX,Unity Biotechnology Inc,2023-08-10,2023-06-30,-0.86,USD
UCBI,United Community Banks Inc,2023-07-17,2023-06-30,0.65,USD
UCBJY,UCBJY,2023-07-27,2023-06-30,0,EUR
UCL,Ucloudlink Group Inc,2023-08-22,2023-06-30,0.02,USD
UCTT,Ultra Clean Hldgs Inc,2023-07-24,2023-06-30,0.25,USD
UDMY,Udemy Inc,2023-08-02,2023-06-30,-0.0751,USD
UDR,UDR Inc,2023-07-24,2023-06-30,0.12,USD
UE,Urban Edge Properties,2023-08-02,2023-06-30,0.08,USD
UEEC,UEEC,2023-08-30,2023-06-30,0,USD
UEIC,Universal Electronics Inc,2023-08-02,2023-06-30,-0.19,USD
UFAB,Unique Fabricating Inc,2023-08-09,2023-06-30,0.01,USD
UFCS,United Fire Group Inc,2023-08-02,2023-06-30,0.19,USD
UFGSY,UFGSY,2023-08-10,2023-06-30,0,EUR
UFI,UNIFI Inc,2023-08-08,2023-06-30,-0.29,USD
UFPI,UFP Industries Inc,2023-07-19,2023-06-30,2.35,USD
UFPT,UFP Technologies Inc,2023-07-31,2023-06-30,1.4,USD
UG,United-Guardian Inc,2023-08-10,2023-06-30,,USD
UGDIF,UGDIF,2023-08-23,2023-06-30,,CAD
UGI,UGI Corp,2023-08-01,2023-06-30,0.04,USD
UGP,Ultrapar Participacoes S.A.,2023-08-09,2023-06-30,0.0354,BRL
UGRO,Urban-gro Inc,2023-08-14,2023-06-30,-0.28,USD
UHAL,U-Haul Holding Company,2023-08-01,2023-06-30,1.43,USD
UHS,Universal Health Services Inc - Class B,2023-07-24,2023-06-30,2.42,USD
UHT,Universal Health Realty Income Trust,2023-07-24,2023-06-30,,USD
UI,Ubiquiti Inc,2023-08-24,2023-06-30,1.8,USD
UIHC,United Insurance Holdings Corp,2023-08-07,2023-06-30,-0.2,USD
UIS,Unisys Corp,2023-08-01,2023-06-30,-0.4,USD
UL,Unilever plc,2023-07-25,2023-06-30,0,EUR
ULBI,Ultralife Corp,2023-07-26,2023-06-30,0.02,USD
ULCC,Frontier Group Holdings Inc,2023-07-25,2023-06-30,0.29,USD
ULGX,ULGX,2023-08-23,2023-06-30,0,USD
ULH,Universal Logistics Holdings Inc,2023-07-26,2023-06-30,1.01,USD
ULTA,Ulta Beauty Inc,2023-08-23,2023-07-31,5.8,USD
ULTRF,ULTRF,2023-08-25,2023-06-30,0,USD
UMBF,UMB Financial Corp,2023-07-24,2023-06-30,1.97,USD
UMC,United Micro Electronics,2023-07-26,2023-06-30,0.1599,TWD
UMH,UMH Properties Inc,2023-08-01,2023-06-30,-0.02,USD
UMICY,UMICY,2023-07-28,2023-06-30,0,EUR
UMPQ,UMPQ,2023-07-18,2023-06-30,,USD
UNAM,Unico American Corp,2023-08-16,2023-06-30,0,USD
UNB,Union Bankshares Inc,2023-07-18,2023-06-30,,USD
UNCY,Unicycive Therapeutics Inc,2023-08-14,2023-06-30,-0.38,USD
UNF,Unifirst Corp,2023-06-28,2023-05-31,1.79,USD
UNFYF,UNFYF,2023-08-28,2023-06-30,,USD
UNH,Unitedhealth Group Inc,2023-07-14,2023-06-30,6.06,USD
UNIEF,UNIEF,2023-08-03,2023-06-30,,USD
UNIT,Uniti Group Inc,2023-08-02,2023-06-30,0.11,USD
UNM,Unum Group,2023-07-31,2023-06-30,1.86,USD
UNP,Union Pacific Corp,2023-07-26,2023-06-30,2.78,USD
UNQL,UNQL,2023-09-12,2023-08-31,,USD
UNRV,UNRV,2023-08-16,2023-06-30,,USD
UNTC,UNTC,2023-08-11,2023-06-30,,USD
UNTY,Unity Bancorp Inc,2023-07-12,2023-06-30,0.9,USD
UNVR,Univar Solutions Inc,2023-07-31,2023-06-30,0.74,USD
UNXLQ,UNXLQ,2023-08-11,2023-06-30,0,USD
UOLGY,UOLGY,2023-08-10,2023-06-30,0.3318,SGD
UONE,Urban One Inc - Class A,2023-08-03,2023-06-30,0,USD
UONEK,Urban One Inc - Class D,2023-08-07,2023-06-30,,USD
UOVEY,UOVEY,2023-07-27,2023-06-30,1.28,SGD
UP,Wheels Up Experience Inc - Class A,2023-08-10,2023-06-30,-2.85,USD
UPBD,Upbound Group Inc,2023-08-01,2023-06-30,0.75,USD
UPH,UpHealth Inc,2023-08-14,2023-06-30,-0.52,USD
UPLD,Upland Software Inc,2023-08-01,2023-06-30,0.23,USD
UPS,United Parcel Service Inc - Class B,2023-07-24,2023-06-30,2.52,USD
UPST,Upstart Holdings Inc,2023-08-07,2023-06-30,-0.07,USD
UPWK,Upwork Inc,2023-07-25,2023-06-30,-0.014,USD
UPXI,Upexi Inc,2023-09-13,2023-06-30,-0.1,USD
URBN,Urban Outfitters Inc,2023-08-21,2023-07-31,0.86,USD
URG,Ur-Energy Inc,2023-07-31,2023-06-30,-0.02,USD
URGN,UroGen Pharma Ltd,2023-08-09,2023-06-30,-1.07,USD
URI,United Rentals Inc,2023-07-25,2023-06-30,8.99,USD
URLOF,URLOF,2023-08-21,2023-06-30,,CAD
URNAF,URNAF,2023-08-10,2023-06-30,,CAD
UROY,Uranium Royalty Corp,2023-07-25,2023-04-30,,USD
UROY,Uranium Royalty Corp,2023-09-07,2023-07-31,,USD
USAC,USA Compression Partners LP,2023-07-31,2023-06-30,0.03,USD
USAP,Universal Stainless & Alloy Products Inc,2023-07-25,2023-06-30,0.12,USD
USAS,Americas Gold and Silver Corp,2023-08-10,2023-06-30,-0.01,USD
USAU,U.S. Gold Corp,2023-06-28,2023-04-30,-0.25,USD
USAU,U.S. Gold Corp,2023-08-14,2023-07-31,,USD
USB,U.S. Bancorp.,2023-07-19,2023-06-30,1.15,USD
USCB,USCB Financial Holdings Inc - Class A,2023-07-28,2023-06-30,0.2633,USD
USDP,USD Partners LP,2023-08-01,2023-06-30,0.03,USD
USEG,U.S. Energy Corp,2023-08-09,2023-06-30,-0.02,USD
USFD,US Foods Holding Corp,2023-08-09,2023-06-30,0.76,USD
USGDF,USGDF,2023-08-28,2023-06-30,,USD
USIO,Usio Inc,2023-08-09,2023-06-30,0.01,USD
USLM,United States Lime & Minerals Inc,2023-07-25,2023-06-30,,USD
USM,United States Cellular Corporation,2023-08-02,2023-06-30,0.2,USD
USNA,Usana Health Sciences Inc,2023-07-24,2023-06-30,0.77,USD
USNZY,USNZY,2023-07-28,2023-06-30,0.0487,BRL
USPH,U.S. Physical Therapy Inc,2023-08-02,2023-06-30,0.74,USD
USRM,USRM,2023-08-10,2023-06-30,0,USD
USX,U.S. Xpress Enterprises Inc - Class A,2023-08-01,2023-06-30,-0.17,USD
USYNF,USYNF,2023-08-14,2023-06-30,,CAD
UTHR,United Therapeutics Corp,2023-08-01,2023-06-30,4.5,USD
UTI,Universal Technical Institute Inc,2023-08-01,2023-06-30,-0.1,USD
UTL,Unitil Corp,2023-07-31,2023-06-30,0.2,USD
UTMD,Utah Medical Products Inc,2023-07-24,2023-06-30,,USD
UTRS,Minerva Surgical Inc,2023-08-07,2023-06-30,-0.09,USD
UTSI,UTStarcom Holdings Corp,2023-08-31,2023-06-30,,USD
UTZ,Utz Brands Inc - Class A,2023-08-09,2023-06-30,0.12,USD
UUGRY,UUGRY,2023-08-30,2023-06-30,0,GBP
UUU,Universal Security Instruments Inc,2023-07-12,2023-06-30,,USD
UUUU,Energy Fuels Inc,2023-08-03,2023-06-30,-0.05,USD
UVE,Universal Insurance Holdings Inc,2023-07-25,2023-06-30,0.76,USD
UVSP,Univest Financial Corp,2023-07-25,2023-06-30,0.65,USD
UVV,Universal Corp,2023-08-01,2023-06-30,,USD
UWHR,UWHR,2023-07-31,2023-06-30,,USD
UWMC,UWM Holdings Corporation Class A,2023-08-07,2023-06-30,0.05,USD
UXIN,Uxin Ltd,2023-07-26,2023-06-30,,CNY
V,Visa Inc - Class A,2023-07-24,2023-06-30,2.11,USD
VABK,Virginia National Bankshares Corp,2023-07-27,2023-06-30,,USD
VAC,Marriott Vacations Worldwide Corp,2023-08-07,2023-06-30,2.77,USD
VACC,Vaccitech plc,2023-08-09,2023-06-30,-0.5465,USD
VAL,Valaris Ltd,2023-08-07,2023-06-30,-0.24,USD
VALE,Vale S.A.,2023-07-27,2023-06-30,0.6034,USD
VALN,Valneva SE,2023-09-21,2023-06-30,-0.2165,EUR
VALU,Value Line Inc,2023-07-24,2023-04-30,,USD
VALU,Value Line Inc,2023-09-12,2023-07-31,,USD
VANI,Vivani Medical Inc,2023-08-09,2023-06-30,-0.11,USD
VAPO,Vapotherm Inc,2023-08-01,2023-06-30,-0.34,USD
VASO,VASO,2023-08-14,2023-06-30,,USD
VATE,Innovate Corp,2023-08-01,2023-06-30,,USD
VAXX,Vaxxinity Inc - Class A,2023-08-09,2023-06-30,-0.15,USD
VBFC,Village Bank & Trust Financial Corporation,2023-07-26,2023-06-30,,USD
VBIV,VBI Vaccines Inc,2023-08-07,2023-06-30,-2.16,USD
VBLT,Vascular Biogenics Ltd,2023-08-14,2023-06-30,-0.14,USD
VBNK,VILLAGE BANCORP INC,2023-08-29,2023-07-31,0.268,CAD
VBTX,Veritex Holdings Inc,2023-07-25,2023-06-30,0.76,USD
VC,Visteon Corp,2023-07-26,2023-06-30,1.59,USD
VCEL,Vericel Corp,2023-08-01,2023-06-30,-0.15,USD
VCISY,VCISY,2023-07-28,2023-06-30,0,EUR
VCNX,Vaccinex Inc,2023-08-14,2023-06-30,-0.3014,USD
VCON,VCON,2023-08-03,2023-06-30,0,USD
VCSA,Vacasa Inc - Class A,2023-08-09,2023-06-30,-0.0893,USD
VCST,VCST,2023-08-14,2023-06-30,0,USD
VCTL,VCTL,2023-08-15,2023-06-30,0,USD
VCTR,Victory Capital Holdings Inc - Class A,2023-08-02,2023-06-30,1.11,USD
VCYT,Veracyte Inc,2023-07-31,2023-06-30,-0.15,USD
VDOMF,VDOMF,2023-08-22,2023-06-30,,CAD
VDTAF,VDTAF,2023-08-28,2023-05-31,,USD
VECO,Veeco Instruments Inc,2023-08-07,2023-06-30,0.3,USD
VECT,VectivBio Holding AG,2023-08-30,2023-06-30,-0.67,USD
VEEE,Twin Vee PowerCats Company,2023-08-22,2023-06-30,0,USD
VEEV,Veeva Systems Inc - Class A,2023-08-29,2023-07-31,1.13,USD
VEGGD,VEGGD,2023-07-27,2023-05-31,,CAD
VEII,VEII,2023-08-15,2023-06-30,,USD
VEL,Velocity Financial Inc,2023-08-02,2023-06-30,0.33,USD
VENGD,VENGD,2023-08-10,2023-06-30,,USD
VENZF,VENZF,2023-08-28,2023-06-30,,USD
VEOEY,VEOEY,2023-08-03,2023-06-30,0.3947,EUR
VERA,Vera Therapeutics Inc - Class A,2023-08-08,2023-06-30,-0.69,USD
VERB,Verb Technology Company Inc,2023-08-14,2023-06-30,-38,USD
VERI,Veritone Inc,2023-08-07,2023-06-30,-0.22,USD
VERO,Venus Concept Inc,2023-08-10,2023-06-30,-1.54,USD
VERU,Veru Inc,2023-08-09,2023-06-30,-0.2,USD
VERV,Verve Therapeutics Inc,2023-08-09,2023-06-30,-0.9036,USD
VERX,Vertex Inc Class A,2023-08-07,2023-06-30,0.08,USD
VET,Vermilion Energy Inc,2023-08-09,2023-06-30,0.44,CAD
VEV,Vicinity Motor Corp,2023-08-14,2023-06-30,-0.06,USD
VEXTF,VEXTF,2023-08-22,2023-06-30,,USD
VFC,VF Corp,2023-07-26,2023-06-30,-0.11,USD
VFF,Village Farms International Inc,2023-08-07,2023-06-30,-0.04,USD
VGANF,VGANF,2023-08-24,2023-06-30,,CAD
VGFC,VGFC,2023-08-14,2023-06-30,,CAD
VGFCQ,VGFCQ,2023-08-14,2023-06-30,,CAD
VGR,Vector Group Ltd,2023-08-02,2023-06-30,0.33,USD
VGZ,Vista Gold Corp,2023-07-25,2023-06-30,,USD
VHC,Virnetx Holding Corp,2023-08-09,2023-06-30,0,USD
VHI,Valhi Inc,2023-08-02,2023-06-30,0.21,USD
VHIBF,VHIBF,2023-08-09,2023-06-30,,CAD
VIA,Via Renewables Inc - Class A,2023-08-02,2023-06-30,,USD
VIAAY,VIAAY,2023-08-17,2023-06-30,0,EUR
VIAO,VIA optronics AG,2023-06-23,2023-03-31,-0.15,EUR
VIAP,VIAP,2023-08-14,2023-06-30,0,USD
VIAV,Viavi Solutions Inc,2023-08-09,2023-06-30,0.08,USD
VIAYY,VIAYY,2023-08-10,2023-06-30,-0.0401,BRL
VIBEF,VIBEF,2023-08-23,2023-06-30,,USD
VICI,VICI Properties Inc,2023-07-25,2023-06-30,0.63,USD
VICR,Vicor Corp,2023-07-19,2023-06-30,0.19,USD
VIDE,VIDE,2023-07-25,2023-05-31,0,USD
VIEW,View Inc - Class A,2023-08-07,2023-06-30,-0.18,USD
VIEWF,VIEWF,2023-08-18,2023-06-30,0,CNY
VIGL,Vigil Neuroscience Inc,2023-08-07,2023-06-30,-0.5429,USD
VINC,Vincerx Pharma Inc,2023-08-09,2023-06-30,-0.6,USD
VINO,Gaucho Group Holdings Inc,2023-08-14,2023-06-30,,USD
VINP,Vinci Partners Investments Ltd - Class A,2023-08-09,2023-06-30,0.24,BRL
VIOT,Viomi Technology Co Ltd,2023-08-21,2023-06-30,,CNY
VIPRF,VIPRF,2023-08-28,2023-06-30,,CAD
VIPS,Vipshop Holdings Ltd,2023-08-17,2023-06-30,0.43,CNY
VIR,Vir Biotechnology Inc,2023-08-02,2023-06-30,-1.21,USD
VIRC,Virco Manufacturing Corp,2023-09-11,2023-07-31,0.64,USD
VIRI,Virios Therapeutics Inc,2023-08-10,2023-06-30,-0.05,USD
VIRT,Virtu Financial Inc - Class A,2023-07-26,2023-06-30,0.57,USD
VIRX,Viracta Therapeutics Inc,2023-08-07,2023-06-30,-0.28,USD
VISL,Vislink Technologies Inc,2023-08-14,2023-06-30,-0.8,USD
VISM,VISM,2023-08-30,2023-06-30,0,USD
VIST,Vista Energy S.A.B. de C.V,2023-07-25,2023-06-30,0.91,USD
VITFF,VITFF,2023-08-10,2023-05-31,,CAD
VITL,Vital Farms Inc,2023-08-02,2023-06-30,0.06,USD
VIV,Telefonica Brasil S.A.,2023-07-26,2023-06-30,0.1035,BRL
VIVE,VIVE,2023-08-09,2023-06-30,-0.42,USD
VIVHY,VIVHY,2023-07-27,2023-06-30,1.93,EUR
VIVK,Vivakor Inc,2023-08-30,2023-06-30,-0.06,USD
VIVXF,VIVXF,2023-09-14,2023-07-31,,CAD
VJET,Voxeljet AG,2023-08-16,2023-06-30,-0.58,EUR
VKIN,VKIN,2023-08-10,2023-06-30,,USD
VKSC,VKSC,2023-08-08,2023-06-30,,USD
VKTX,Viking Therapeutics Inc,2023-07-25,2023-06-30,-0.19,USD
VLCN,Volcon Inc,2023-08-14,2023-06-30,0.34,USD
VLD,Velo3D Inc - New,2023-08-07,2023-06-30,-0.08,USD
VLDR,VLDR,2023-08-07,2023-06-30,,USD
VLEEY,VLEEY,2023-07-26,2023-06-30,0,EUR
VLERF,VLERF,2023-08-03,2023-06-30,,USD
VLMZF,VLMZF,2023-08-21,2023-06-30,,CAD
VLN,Valens Semiconductor Ltd,2023-08-30,2023-06-30,-0.0606,USD
VLNS,VLNS,2023-07-11,2023-05-31,,CAD
VLNSF,VLNSF,2023-07-05,2023-05-31,,USD
VLO,Valero Energy Corp,2023-07-27,2023-06-30,5.2,USD
VLON,VLON,2023-07-26,2023-06-30,,USD
VLVLY,VLVLY,2023-07-19,2023-06-30,0.6114,SEK
VLY,Valley National Bancorp,2023-07-26,2023-06-30,0.31,USD
VMC,Vulcan Materials Company,2023-08-02,2023-06-30,1.89,USD
VMD,Viemed Healthcare Inc,2023-07-31,2023-06-30,0.05,USD
VMEO,Vimeo Inc,2023-08-03,2023-06-30,-0.1039,USD
VMI,Valmont Industries Inc,2023-07-18,2023-06-30,4.13,USD
VMW,Vmware Inc - Class A,2023-08-23,2023-07-31,1.71,USD
VNCE,Vince Holding Corp,2023-09-11,2023-08-31,,USD
VNDA,Vanda Pharmaceuticals Inc,2023-08-01,2023-06-30,0.09,USD
VNET,VNET Group Inc,2023-08-28,2023-06-30,-0.06,CNY
VNO,Vornado Realty Trust,2023-07-31,2023-06-30,0.05,USD
VNOM,Viper Energy Partners LP,2023-07-31,2023-06-30,0.33,USD
VNRX,VolitionRX Ltd,2023-08-08,2023-06-30,-0.15,USD
VNT,Vontier Corporation,2023-08-02,2023-06-30,0.65,USD
VNTR,VNTR,2023-08-01,2023-06-30,-0.56,USD
VNTRQ,VNTRQ,2023-07-24,2023-06-30,-0.56,USD
VNUE,VNUE,2023-08-21,2023-06-30,,USD
VNWTF,VNWTF,2023-09-20,2023-06-30,,CAD
VOC,VOC Energy Trust,2023-08-07,2023-06-30,0,USD
VOCL,VOCL,2023-08-14,2023-06-30,,USD
VOD,Vodafone Group plc,2023-07-24,2023-06-30,0,EUR
VOLVF,VOLVF,2023-07-19,2023-06-30,6.48,SEK
VOR,Vor Biopharma Inc,2023-08-09,2023-06-30,-0.43,USD
VORB,VORB,2023-08-11,2023-06-30,-0.1214,USD
VORBQ,VORBQ,2023-08-11,2023-06-30,-0.1214,USD
VOXR,Vox Royalty Corp,2023-08-14,2023-06-30,0.01,USD
VOXX,VOXX International Corp - Class A,2023-07-10,2023-05-31,-0.22,USD
VOYA,Voya Financial Inc,2023-07-31,2023-06-30,2.02,USD
VPG,Vishay Precision Group Inc,2023-08-07,2023-06-30,0.5,USD
VPHIF,VPHIF,2023-09-11,2023-07-31,,CAD
VQS,VIQ Solutions Inc,2023-08-08,2023-06-30,-0.05,USD
VRAY,ViewRay Inc,2023-07-31,2023-06-30,-0.15,USD
VRCA,Verrica Pharmaceuticals Inc,2023-08-09,2023-06-30,-0.22,USD
VRDN,Viridian Therapeutics Inc,2023-08-14,2023-06-30,-1.3,USD
VRE,Veris Residential Inc,2023-08-01,2023-06-30,-0.13,USD
VREX,Varex Imaging Corp,2023-07-31,2023-06-30,0.32,USD
VRM,Vroom Inc,2023-08-07,2023-06-30,-0.57,USD
VRME,VerifyMe Inc,2023-08-14,2023-06-30,-0.09,USD
VRNA,Verona Pharma Plc,2023-08-08,2023-06-30,-0.034,USD
VRNOF,VRNOF,2023-08-14,2023-06-30,-0.03,USD
VRNS,Varonis Systems Inc,2023-07-31,2023-06-30,0.02,USD
VRNT,Verint Systems Inc,2023-09-05,2023-07-31,0.57,USD
VRPX,Virpax Pharmaceuticals Inc,2023-08-08,2023-06-30,-0.32,USD
VRRCF,VRRCF,2023-08-21,2023-06-30,,CAD
VRRM,Verra Mobility Corp - Class A,2023-08-01,2023-06-30,0.27,USD
VRSK,Verisk Analytics Inc,2023-07-31,2023-06-30,1.4,USD
VRSN,Verisign Inc,2023-07-26,2023-06-30,1.76,USD
VRT,Vertiv Holdings Co - Class A,2023-08-01,2023-06-30,0.29,USD
VRTB,VRTB,2023-08-21,2023-06-30,0,USD
VRTS,Virtus Investment Partners Inc,2023-07-27,2023-06-30,5.86,USD
VRTV,Veritiv Corp,2023-08-07,2023-06-30,5.01,USD
VRTX,Vertex Pharmaceuticals Inc,2023-08-02,2023-06-30,3.86,USD
VRXWF,VRXWF,2023-08-14,2023-06-30,,CAD
VSAT,Viasat Inc,2023-08-07,2023-06-30,-0.35,USD
VSBGF,VSBGF,2023-07-17,2023-06-30,,USD
VSCO,Victoria`s Secret & Company,2023-08-25,2023-07-31,0.25,USD
VSEC,VSE Corp,2023-07-25,2023-06-30,0.73,USD
VSH,Vishay Intertechnology Inc,2023-07-31,2023-06-30,0.63,USD
VSPC,VSPC,2023-08-17,2023-06-30,0,USD
VSST,VSST,2023-08-30,2023-06-30,0,USD
VST,Vistra Corp,2023-08-03,2023-06-30,0.27,USD
VSTA,Vasta Platform Ltd Class A,2023-08-09,2023-06-30,-0.57,BRL
VSTM,Verastem Inc,2023-08-07,2023-06-30,-1.19,USD
VSTO,Vista Outdoor Inc,2023-07-25,2023-06-30,1.03,USD
VSYS,VSYS,2023-08-21,2023-06-30,0,CAD
VTDRF,VTDRF,2023-08-09,2023-06-30,,USD
VTEX,Vtex - Class A,2023-08-07,2023-06-30,-0.02,USD
VTGDF,VTGDF,2023-08-10,2023-06-30,0,USD
VTGN,VistaGen Therapeutics Inc,2023-08-09,2023-06-30,-0.0396,USD
VTLE,Vital Energy Inc,2023-08-01,2023-06-30,4.57,USD
VTNR,Vertex Energy Inc,2023-08-07,2023-06-30,-0.01,USD
VTOL,Bristow Group Inc,2023-08-02,2023-06-30,0.34,USD
VTR,Ventas Inc,2023-08-02,2023-06-30,0.01,USD
VTRS,Viatris Inc,2023-08-07,2023-06-30,0.71,USD
VTRU,Vitru Ltd,2023-08-23,2023-06-30,0.25,BRL
VTS,Vitesse Energy Inc,2023-08-30,2023-05-31,0.53,USD
VTSI,VirTra Inc,2023-08-17,2023-06-30,0.06,USD
VTVT,vTv Therapeutics Inc - Class A,2023-08-14,2023-06-30,-0.07,USD
VTYX,Ventyx Biosciences Inc,2023-08-14,2023-06-30,-0.6936,USD
VUZI,Vuzix Corporation,2023-08-07,2023-06-30,-0.17,USD
VVCIF,VVCIF,2023-08-14,2023-06-30,,CAD
VVI,Viad Corp,2023-08-02,2023-06-30,0.38,USD
VVIVF,VVIVF,2023-08-28,2023-06-30,,CAD
VVNT,VVNT,2023-08-07,2023-06-30,,USD
VVOS,Vivos Therapeutics Inc,2023-08-10,2023-06-30,-0.165,USD
VVPR,VivoPower International PLC,2023-08-24,2023-06-30,0.01,USD
VVV,Valvoline Inc,2023-08-01,2023-06-30,0.36,USD
VVX,V2X Inc,2023-08-07,2023-06-30,-0.1,USD
VWAGY,VWAGY,2023-07-27,2023-06-30,1.27,EUR
VWAPY,VWAPY,2023-07-27,2023-06-30,0.8919,EUR
VWDRY,VWDRY,2023-08-09,2023-06-30,-0.1623,EUR
VWSYF,VWSYF,2023-08-09,2023-06-30,-0.0812,EUR
VXRT,Vaxart Inc,2023-08-07,2023-06-30,-0.18,USD
VXTRF,VXTRF,2023-08-28,2023-06-30,,USD
VYEY,VYEY,2023-08-14,2023-06-30,0,USD
VYGR,Voyager Therapeutics Inc,2023-08-02,2023-06-30,-0.57,USD
VYNE,VYNE Therapeutics Inc,2023-08-10,2023-06-30,-1.99,USD
VYNT,VYNT,2023-06-23,2023-03-31,,USD
VYNT,VYNT,2023-08-14,2023-06-30,,USD
VZ,Verizon Communications Inc,2023-07-25,2023-06-30,1.17,USD
VZIO,VIZIO Holding Corp - Class A,2023-08-08,2023-06-30,0.01,USD
VZLA,Vizsla Silver Corp,2023-07-20,2023-04-30,-0.015,USD
VZLA,Vizsla Silver Corp,2023-09-06,2023-07-31,-0.0074,USD
W,Wayfair Inc - Class A,2023-08-02,2023-06-30,-0.75,USD
WAB,Westinghouse Air Brake Technologies Corp,2023-08-03,2023-06-30,1.33,USD
WABC,Westamerica Bancorporation,2023-07-19,2023-06-30,1.39,USD
WACLY,WACLY,2023-08-01,2023-06-30,0,JPY
WAFD,Washington Federal Inc,2023-07-11,2023-06-30,0.93,USD
WAKE,WAKE,2023-07-17,2023-06-30,,USD
WAL,Western Alliance Bancorp,2023-07-19,2023-06-30,2.02,USD
WALD,Waldencast plc - Class A,2023-08-10,2023-06-30,0.105,USD
WASH,Washington Trust Bancorp Inc,2023-07-24,2023-06-30,0.64,USD
WAT,Waters Corp,2023-07-31,2023-06-30,2.61,USD
WATT,Energous Corp,2023-08-08,2023-06-30,-0.07,USD
WAYN,WAYN,2023-07-19,2023-06-30,,USD
WB,Weibo Corp,2023-08-30,2023-06-30,0.52,USD
WBA,Walgreens Boots Alliance Inc,2023-06-27,2023-05-31,1.08,USD
WBBW,WBBW,2023-07-18,2023-06-30,,USD
WBD,Warner Bros. Discovery Inc - Class A,2023-08-02,2023-06-30,-0.33,USD
WBEVQ,WBEVQ,2023-08-10,2023-06-30,-0.18,USD
WBNEF,WBNEF,2023-06-30,2023-03-31,,USD
WBNEF,WBNEF,2023-08-14,2023-06-30,,USD
WBRBY,WBRBY,2023-08-10,2023-06-30,0.3086,EUR
WBS,Webster Financial Corp,2023-07-19,2023-06-30,1.51,USD
WBX,Wallbox N.V - Class A,2023-08-08,2023-06-30,-0.0826,EUR
WCC,Wesco International Inc,2023-08-02,2023-06-30,4.44,USD
WCFB,WCFB,2023-07-21,2023-06-30,0,USD
WCN,Waste Connections Inc,2023-07-31,2023-06-30,1.02,USD
WD,Walker & Dunlop Inc,2023-08-02,2023-06-30,0.98,USD
WDAY,Workday Inc - Class A,2023-08-23,2023-07-31,1.25,USD
WDBG,WDBG,2023-08-09,2023-06-30,0,USD
WDC,Western Digital Corp,2023-08-03,2023-06-30,-2.02,USD
WDFC,WD-40 Company,2023-07-10,2023-05-31,1.22,USD
WDGJF,WDGJF,2023-08-22,2023-06-30,0.0588,USD
WDOFF,WDOFF,2023-08-08,2023-06-30,,CAD
WDS,Woodside Energy Group Ltd,2023-08-22,2023-06-30,0,USD
WE,WeWork Inc - Class A,2023-08-02,2023-06-30,-0.12,USD
WEAV,Weave Communications Inc,2023-08-04,2023-06-30,-0.07,USD
WEBB,WEBB,2023-07-25,2023-06-30,0,USD
WEC,WEC Energy Group Inc,2023-07-31,2023-06-30,0.87,USD
WECMF,WECMF,2023-08-16,2023-06-30,,CAD
WEDXF,WEDXF,2023-08-09,2023-06-30,,USD
WEEED,WEEED,2023-07-24,2023-06-30,,USD
WEEEF,WEEEF,2023-07-24,2023-06-30,,CAD
WEJO,WEJO,2023-08-14,2023-06-30,-0.15,USD
WEJOQ,WEJOQ,2023-08-14,2023-06-30,-0.15,USD
WELL,Welltower Inc,2023-07-28,2023-06-30,0.1548,USD
WEN,Wendy`s Co - Class A,2023-08-08,2023-06-30,0.27,USD
WERN,Werner Enterprises Inc,2023-08-01,2023-06-30,0.64,USD
WES,Western Midstream Partners LP,2023-08-01,2023-06-30,0.69,USD
WEST,Westrock Coffee Company,2023-08-17,2023-06-30,-0.0075,USD
WETG,WeTrade Group,2023-06-26,2023-03-31,,USD
WETG,WeTrade Group,2023-08-15,2023-06-30,,USD
WEX,WEX Inc,2023-07-26,2023-06-30,3.51,USD
WEYS,Weyco Group Inc,2023-07-31,2023-06-30,,USD
WF,Woori Financial Group Inc,2023-07-20,2023-06-30,2.71,USD
WFC,Wells Fargo & Company,2023-07-14,2023-06-30,1.22,USD
WFCF,Where Food Comes From Inc,2023-08-09,2023-06-30,,USD
WFG,West Fraser Timber Co. Ltd,2023-07-25,2023-06-30,0.07,USD
WFICF,WFICF,2023-09-11,2023-07-31,,CAD
WFRD,Weatherford International plc - New,2023-07-25,2023-06-30,1.13,USD
WFSTF,WFSTF,2023-08-01,2023-06-30,,CAD
WFT,WFT,2023-07-26,2023-06-30,1.12,USD
WGS,GeneDx Holdings Corp - Class A,2023-08-14,2023-06-30,-1.3,USD
WH,Wyndham Hotels & Resorts Inc,2023-07-24,2023-06-30,0.95,USD
WHD,Cactus Inc - Class A,2023-08-02,2023-06-30,0.68,USD
WHEN,WHEN,2023-08-21,2023-06-30,,USD
WHF,WhiteHorse Finance Inc,2023-08-08,2023-06-30,0.46,USD
WHG,Westwood Holdings Group Inc,2023-07-25,2023-06-30,,USD
WHLM,Wilhelmina International Inc,2023-08-08,2023-06-30,,USD
WHLR,Wheeler Real Estate Investment Trust Inc,2023-08-07,2023-06-30,,USD
WHR,Whirlpool Corp,2023-07-24,2023-06-30,3.8,USD
WHSI,WHSI,2023-08-30,2023-06-30,0,USD
WHTCF,WHTCF,2023-08-09,2023-06-30,,CAD
WILC,G. Willi-Food International Ltd,2023-08-28,2023-06-30,,ILS
WINA,Winmark Corporation,2023-07-11,2023-06-30,,USD
WING,Wingstop Inc,2023-07-26,2023-06-30,0.5,USD
WINT,Windtree Therapeutics Inc,2023-08-09,2023-06-30,-0.68,USD
WIPKF,WIPKF,2023-07-19,2023-06-30,0.57,USD
WIRE,Encore Wire Corp,2023-07-24,2023-06-30,6.48,USD
WISA,WiSA Technologies Inc,2023-08-14,2023-06-30,-1.62,USD
WISH,ContextLogic Inc - Class A,2023-08-07,2023-06-30,-3.79,USD
WIT,Wipro Ltd,2023-07-19,2023-06-30,0.0671,INR
WIX,Wix.com Ltd,2023-08-08,2023-06-30,0.58,USD
WJRYY,WJRYY,2023-08-01,2023-06-30,0,USD
WJXFF,WJXFF,2023-08-10,2023-06-30,,CAD
WK,Workiva Inc - Class A,2023-08-07,2023-06-30,-0.08,USD
WKC,World Kinect Corp,2023-07-26,2023-06-30,0.49,USD
WKEY,WISeKey International Holding Ltd,2023-09-14,2023-06-30,-0.0422,USD
WKHS,Workhorse Group Inc,2023-08-07,2023-06-30,-0.15,USD
WKME,WalkMe Ltd,2023-08-08,2023-06-30,-0.07,USD
WKSP,Worksport Ltd,2023-08-30,2023-06-30,-0.24,USD
WLBMF,WLBMF,2023-08-09,2023-06-30,,CAD
WLDBF,WLDBF,2023-09-11,2023-06-30,0.0187,CAD
WLDN,Willdan Group Inc,2023-08-02,2023-06-30,0.11,USD
WLFC,Willis Lease Finance Corp,2023-08-02,2023-06-30,,USD
WLFFF,WLFFF,2023-08-22,2023-06-30,,CAD
WLK,Westlake Corporation,2023-07-31,2023-06-30,3.04,USD
WLKP,Westlake Chemical Partners LP,2023-07-31,2023-06-30,0.38,USD
WLMS,Williams Industrial Services Group Inc,2023-08-02,2023-06-30,-0.15,USD
WLY,John Wiley & Sons Inc - Class A,2023-09-07,2023-07-31,-0.06,USD
WLYB,John Wiley & Sons Inc - Class B,2023-09-07,2023-07-31,0.45,USD
WM,Waste Management Inc,2023-07-25,2023-06-30,1.55,USD
WMB,Williams Cos Inc,2023-07-31,2023-06-30,0.41,USD
WMC,Western Asset Mortgage Capital Corp,2023-08-02,2023-06-30,0.28,USD
WMG,Warner Music Group Corp - Class A,2023-08-07,2023-06-30,0.2,USD
WMK,Weis Markets Inc,2023-07-31,2023-06-30,,USD
WMMVY,WMMVY,2023-07-27,2023-06-30,0.3884,MXN
WMPN,William Penn Bancorporation,2023-07-20,2023-06-30,0.06,USD
WMS,Advanced Drainage Systems Inc,2023-08-02,2023-06-30,1.53,USD
WMT,Walmart Inc,2023-08-17,2023-07-31,1.67,USD
WNC,Wabash National Corp,2023-07-25,2023-06-30,1.32,USD
WNEB,Western New England Bancorp Inc,2023-07-24,2023-06-30,0.19,USD
WNS,WNS Holdings Ltd,2023-07-19,2023-06-30,0.93,USD
WOFA,WOFA,2023-08-14,2023-06-30,0,USD
WOLF,Wolfspeed Inc,2023-08-15,2023-06-30,-0.2,USD
WOOF,Petco Health and Wellness Co Inc - Class A,2023-08-22,2023-07-31,0.06,USD
WOPEF,WOPEF,2023-08-28,2023-06-30,,USD
WOR,Worthington Industries Inc,2023-06-28,2023-05-31,1.87,USD
WOW,WideOpenWest Inc,2023-08-03,2023-06-30,0.03,USD
WOWI,WOWI,2023-08-14,2023-06-30,0,USD
WPC,W. P. Carey Inc,2023-07-27,2023-06-30,1.35,USD
WPM,Wheaton Precious Metals Corp,2023-08-09,2023-06-30,0.31,USD
WPP,WPP Plc.,2023-08-04,2023-06-30,0,GBP
WPRT,Westport Fuel Systems Inc,2023-08-07,2023-06-30,-0.58,USD
WRAP,Wrap Technologies Inc,2023-08-08,2023-06-30,-0.06,USD
WRB,W.R. Berkley Corp,2023-07-19,2023-06-30,1.16,USD
WRBY,Warby Parker Inc - Class A,2023-08-11,2023-06-30,0.02,USD
WRIV,WRIV,2023-08-19,2023-06-30,,USD
WRK,WestRock Company,2023-08-02,2023-06-30,0.51,USD
WRLD,World Acceptance Corp,2023-07-25,2023-06-30,0.63,USD
WRN,Western Copper & Gold Corp,2023-08-02,2023-06-30,,CAD
WSBC,Wesbanco Inc,2023-07-24,2023-06-30,0.67,USD
WSBF,Waterstone Financial Inc,2023-07-19,2023-06-30,0.26,USD
WSC,WillScot Mobile Mini Holdings Corp,2023-08-01,2023-06-30,0.41,USD
WSFS,WSFS Financial Corp,2023-07-24,2023-06-30,1.14,USD
WSM,Williams-Sonoma Inc,2023-08-22,2023-07-31,2.71,USD
WSNAF,WSNAF,2023-08-28,2023-07-31,-0.04,USD
WSO,Watsco Inc - Class A,2023-07-24,2023-06-30,4.97,USD
WSO-B,Watsco Inc - Class B,2023-07-20,2023-06-30,4.97,USD
WSPOF,WSPOF,2023-08-07,2023-06-30,,CAD
WSR,Whitestone REIT,2023-08-01,2023-06-30,0.09,USD
WSRRF,WSRRF,2023-06-28,2023-04-30,,CAD
WST,West Pharmaceutical Services Inc,2023-07-26,2023-06-30,1.96,USD
WSTL,WSTL,2023-08-11,2023-06-30,0,USD
WT,WisdomTree Inc,2023-07-27,2023-06-30,0.08,USD
WTBA,West Bancorporation,2023-07-27,2023-06-30,0.36,USD
WTER,Alkaline Water Company Inc (The),2023-07-12,2023-06-30,,USD
WTFC,Wintrust Financial Corp,2023-07-18,2023-06-30,2.41,USD
WTI,W & T Offshore Inc,2023-08-07,2023-06-30,0.04,USD
WTKWY,WTKWY,2023-08-02,2023-06-30,0,EUR
WTM,White Mountains Insurance Group Ltd,2023-08-07,2023-06-30,-50,USD
WTRG,Essential Utilities Inc,2023-08-01,2023-06-30,0.34,USD
WTS,Watts Water Technologies Inc - Class A,2023-08-01,2023-06-30,2.04,USD
WTSHF,WTSHF,2023-08-01,2023-06-30,,CAD
WTT,Wireless Telecom Group Inc,2023-08-07,2023-06-30,,USD
WTTR,Select Water Solutions Inc - Class A,2023-07-31,2023-06-30,0.23,USD
WTW,Willis Towers Watson Public Ltd Company,2023-07-27,2023-06-30,2.33,USD
WU,Western Union Company,2023-08-01,2023-06-30,0.39,USD
WULF,TeraWulf Inc,2023-08-14,2023-06-30,-0.01,USD
WVE,Wave Life Sciences Ltd,2023-08-09,2023-06-30,-0.35,USD
WVVI,Willamette Valley Vineyard Inc,2023-08-09,2023-06-30,,USD
WW,WW International Inc,2023-08-02,2023-07-31,0.08,USD
WWD,Woodward Inc,2023-07-31,2023-06-30,0.99,USD
WWE,World Wrestling Entertainment Inc - Class A,2023-08-14,2023-06-30,0.94,USD
WWHC,WWHC,2023-08-03,2023-06-30,0,USD
WWR,Westwater Resources Inc,2023-08-09,2023-06-30,,USD
WWTIF,WWTIF,2023-08-24,2023-06-30,,USD
WWW,Wolverine World Wide Inc,2023-08-08,2023-06-30,0.19,USD
WY,Weyerhaeuser Company,2023-07-27,2023-06-30,0.22,USD
WYNN,Wynn Resorts Ltd,2023-08-07,2023-06-30,0.45,USD
WYY,Widepoint Corp,2023-08-14,2023-06-30,0.01,USD
X,United States Steel Corp,2023-07-26,2023-06-30,1.79,USD
XAIR,Beyond Air Inc,2023-08-09,2023-06-30,-0.27,USD
XAUMF,XAUMF,2023-08-09,2023-06-30,,CAD
XBIO,Xenetic Biosciences Inc,2023-08-10,2023-06-30,-1.13,USD
XBIT,XBiotech Inc,2023-08-07,2023-06-30,,USD
XBOR,XBOR,2023-08-30,2023-06-30,0,USD
XCUR,Exicure Inc,2023-08-14,2023-06-30,,USD
XDSL,XDSL,2023-08-30,2023-06-30,0,USD
XEBEQ,XEBEQ,2023-08-09,2023-06-30,,CAD
XEL,Xcel Energy Inc,2023-07-26,2023-06-30,0.6,USD
XELA,Exela Technologies Inc,2023-08-07,2023-06-30,-0.36,USD
XELB,Xcel Brands Inc,2023-08-14,2023-06-30,-0.13,USD
XENE,Xenon Pharmaceuticals Inc,2023-08-07,2023-06-30,-0.7,USD
XERS,Xeris Biopharma Holdings Inc,2023-08-09,2023-06-30,-0.115,USD
XFLT,XAI Octagon Floating Rate & Alternative Income Term Trust,2023-08-30,2023-06-30,0.27,USD
XFOR,X4 Pharmaceuticals Inc,2023-08-02,2023-06-30,-0.16,USD
XGN,Exagen Inc,2023-08-02,2023-06-30,-0.49,USD
XHR,Xenia Hotels & Resorts Inc,2023-08-02,2023-06-30,0.14,USD
XITO,XITO,2023-08-17,2023-06-30,,USD
XLO,Xilio Therapeutics Inc,2023-08-08,2023-06-30,-0.8675,USD
XM,Qualtrics International Inc - Class A,2023-07-18,2023-06-30,0.05,USD
XMTR,Xometry Inc - Class A,2023-08-10,2023-06-30,-0.2243,USD
XNCR,Xencor Inc,2023-08-01,2023-06-30,-0.8,USD
XNET,Xunlei Ltd,2023-08-14,2023-06-30,,USD
XOM,Exxon Mobil Corp,2023-07-27,2023-06-30,2.28,USD
XOMA,XOMA Corp,2023-08-02,2023-06-30,-0.52,USD
XOS,Xos Inc,2023-08-10,2023-06-30,-0.106,USD
XP,XP Inc - Class A,2023-08-07,2023-06-30,0.39,BRL
XPEL,XPEL Inc - Reg S,2023-08-07,2023-06-30,0.57,USD
XPER,Xperi Inc,2023-08-07,2023-06-30,,USD
XPEV,XPeng Inc,2023-08-21,2023-06-30,-0.24,CNY
XPL,Solitario Zinc Corp,2023-08-09,2023-06-30,0,USD
XPO,XPO Inc,2023-08-02,2023-06-30,0.62,USD
XPOF,Xponential Fitness Inc - Class A,2023-08-09,2023-06-30,0.15,USD
XPON,Expion360 Inc,2023-08-10,2023-06-30,-0.21,USD
XPRO,Expro Group Holdings N.V.,2023-08-02,2023-06-30,0.34,USD
XRAY,DENTSPLY Sirona Inc,2023-08-02,2023-06-30,0.43,USD
XRTX,XORTX Therapeutics Inc,2023-08-25,2023-06-30,-0.173,CAD
XRX,Xerox Holdings Corp,2023-07-24,2023-06-30,0.3,USD
XSNX,XSNX,2023-08-14,2023-06-30,,USD
XTLB,X.T.L. Biopharmaceuticals Ltd,2023-07-25,2023-06-30,0,USD
XTMIF,XTMIF,2023-08-28,2023-06-30,,USD
XTNT,Xtant Medical Holdings Inc,2023-08-02,2023-06-30,-0.02,USD
XWEL,XWELL Inc,2023-08-14,2023-06-30,-0.07,USD
XXII,22nd Century Group Inc,2023-08-07,2023-06-30,-0.07,USD
XYF,X Financial,2023-08-07,2023-06-30,,CNY
XYL,Xylem Inc,2023-08-02,2023-06-30,0.83,USD
XYZFF,XYZFF,2023-08-25,2023-06-30,,CAD
YALA,Yalla Group Ltd,2023-08-07,2023-06-30,,USD
YAMCY,YAMCY,2023-08-02,2023-06-30,0.5001,USD
YARIY,YARIY,2023-07-19,2023-06-30,0.4986,USD
YAYO,YAYO,2023-08-14,2023-06-30,,USD
YCBD,cbdMD Inc,2023-08-09,2023-06-30,-0.06,USD
YELL,Yellow Corporation,2023-08-01,2023-06-30,-0.61,USD
YELP,Yelp Inc,2023-08-02,2023-06-30,0.15,USD
YETI,YETI Holdings Inc,2023-08-02,2023-06-30,0.47,USD
YEXT,Yext Inc,2023-09-05,2023-07-31,0.06,USD
YGRAF,YGRAF,2023-07-26,2023-06-30,,CAD
YGYI,YGYI,2023-06-23,2023-03-31,,USD
YGYI,YGYI,2023-08-16,2023-06-30,0,USD
YI,111 Inc,2023-08-23,2023-06-30,,CNY
YJ,Yunji Inc,2023-08-23,2023-06-30,,CNY
YLWDF,YLWDF,2023-08-03,2023-06-30,,CAD
YMAB,Y-Mabs Therapeutics Inc,2023-08-07,2023-06-30,-0.24,USD
YMM,Full Truck Alliance Co Ltd,2023-08-21,2023-06-30,0.07,USD
YMZBY,YMZBY,2023-08-03,2023-06-30,1.93,JPY
YNDX,Yandex NV - Class A,2023-07-24,2023-06-30,,RUB
YOOIF,YOOIF,2023-08-28,2023-06-30,,USD
YORW,York Water Company,2023-08-02,2023-06-30,0.44,USD
YOU,Clear Secure Inc Class A,2023-08-18,2023-06-30,0.07,USD
YPF,YPF,2023-08-09,2023-06-30,1.16,USD
YQ,17 Education & Technology Group Inc,2023-09-11,2023-06-30,,CNY
YRD,Yiren Digital Ltd,2023-08-28,2023-06-30,,CNY
YSG,Yatsen Holding Ltd,2023-08-23,2023-06-30,-0.02,CNY
YTEN,Yield10 Bioscience Inc,2023-08-08,2023-06-30,-0.54,USD
YTRA,Yatra Online Inc,2023-08-28,2023-06-30,-0.01,INR
YUM,Yum Brands Inc,2023-08-01,2023-06-30,1.24,USD
YUMAQ,YUMAQ,2023-08-11,2023-06-30,0,USD
YUMC,Yum China Holdings Inc,2023-07-31,2023-06-30,0.47,USD
YUMM,YUMM,2023-07-31,2023-06-30,,USD
YY,JOYY Inc,2023-08-28,2023-06-30,0.4,USD
YYYH,YYYH,2023-08-30,2023-06-30,0,USD
YZCAY,YZCAY,2023-08-25,2023-06-30,2.24,CNY
Z,Zillow Group Inc - Class C,2023-08-03,2023-06-30,0.179,USD
ZAIRF,ZAIRF,2023-08-24,2023-06-30,,CAD
ZBH,Zimmer Biomet Holdings Inc,2023-07-31,2023-06-30,1.81,USD
ZBRA,Zebra Technologies Corp - Class A,2023-08-01,2023-06-30,3.32,USD
ZD,Ziff Davis Inc,2023-08-07,2023-06-30,1.21,USD
ZDPY,ZDPY,2023-08-09,2023-06-30,,USD
ZEPP,Zepp Health Corporation,2023-08-23,2023-06-30,0.01,CNY
ZETA,Zeta Global Holdings Corp - Class A,2023-08-03,2023-06-30,0.06,USD
ZEUS,Olympic Steel Inc,2023-08-02,2023-06-30,1.22,USD
ZEV,Lightning eMotors Inc,2023-08-07,2023-06-30,-3.16,USD
ZFSVF,ZFSVF,2023-08-10,2023-06-30,0,USD
ZG,Zillow Group Inc - Class A,2023-08-02,2023-06-30,0.17,USD
ZH,Zhihu Inc,2023-08-28,2023-06-30,-0.05,USD
ZI,ZoomInfo Technologies Inc,2023-07-31,2023-06-30,0.23,USD
ZIM,Zim Integrated Shipping Services Ltd,2023-08-14,2023-06-30,-0.86,USD
ZIMV,ZimVie Inc,2023-08-09,2023-06-30,0.03,USD
ZION,Zions Bancorporation N.A,2023-07-19,2023-06-30,1.26,USD
ZIP,ZipRecruiter Inc - Class A,2023-08-16,2023-06-30,0.08,USD
ZIVO,Zivo Bioscience Inc,2023-08-30,2023-06-30,-0.2,USD
ZLAB,Zai Lab Ltd,2023-08-07,2023-06-30,-0.76,USD
ZLNDY,ZLNDY,2023-08-03,2023-06-30,0.1164,EUR
ZM,Zoom Video Communications Inc - Class A,2023-08-21,2023-07-31,1.05,USD
ZNOG,ZNOG,2023-08-08,2023-06-30,0,USD
ZNTL,Zentalis Pharmaceuticals Inc,2023-08-07,2023-06-30,-1.04,USD
ZOM,Zomedica Corp,2023-08-14,2023-06-30,,USD
ZPTAF,ZPTAF,2023-07-25,2023-06-30,,CAD
ZS,Zscaler Inc,2023-09-06,2023-07-31,0.49,USD
ZSTN,ZSTN,2023-08-30,2023-06-30,0,USD
ZTNO,ZTNO,2023-08-22,2023-06-30,0,USD
ZTO,ZTO Express (Cayman) Inc,2023-08-15,2023-06-30,2.7,CNY
ZTS,Zoetis Inc - Class A,2023-08-02,2023-06-30,1.3,USD
ZUMRF,ZUMRF,2023-07-26,2023-05-31,,USD
ZUMZ,Zumiez Inc,2023-09-06,2023-08-31,-0.67,USD
ZUO,Zuora Inc - Class A,2023-08-22,2023-07-31,0.03,USD
ZURVY,ZURVY,2023-08-10,2023-06-30,0,USD
ZVIA,Zevia PBC - Class A,2023-08-11,2023-06-30,-0.14,USD
ZVO,ZVO,2023-07-31,2023-06-30,,USD
ZVOI,ZVOI,2023-07-31,2023-06-30,,USD
ZVRA,Zevra Therapeutics Inc,2023-08-09,2023-06-30,-0.34,USD
ZWS,Zurn Elkay Water Solutions Corp,2023-07-24,2023-06-30,0.22,USD
ZYME,Zymeworks BC Inc,2023-08-02,2023-06-30,,USD
ZYNE,Zynerba Pharmaceuticals Inc,2023-08-08,2023-06-30,-0.2,USD
ZYXI,Zynex Inc,2023-07-26,2023-06-30,0.05,USD
